2025-06-17 12:22:47,525 - INFO - ============================================================
2025-06-17 12:22:47,525 - INFO - 🚀 FINAL FIXED PIPELINE - All Issues Resolved
2025-06-17 12:22:47,525 - INFO - ============================================================
2025-06-17 12:22:47,525 - INFO - 📝 Pipeline logs being saved to: /Users/jayshitre/Projects/dfs/BookWebsite2/BookWebsite/scripts/overleaf-monitor/logs/overleaf_sync.log
2025-06-17 12:22:47,525 - INFO - 🔧 Running in local environment
2025-06-17 12:22:47,525 - INFO - 📥 Syncing from Overleaf Git repository...
2025-06-17 12:22:47,525 - INFO -    Project ID: 68428c5d41c2ef888f0b2a5e
2025-06-17 12:22:47,525 - INFO -    Target directory: /Users/jayshitre/Projects/dfs/BookWebsite2/BookWebsite/overleaf-project
2025-06-17 12:22:47,525 - INFO - 🔧 Setting up Git credential helper...
2025-06-17 12:22:47,530 - INFO - ✅ Git credential helper configured
2025-06-17 12:22:47,530 - INFO - 🏥 Checking repository health...
2025-06-17 12:22:47,587 - INFO -    ✅ Repository is healthy - will pull updates
2025-06-17 12:22:47,587 - INFO - 📥 Pulling latest changes...
2025-06-17 12:22:49,214 - INFO -    ℹ️  Repository was already up to date
2025-06-17 12:22:49,214 - INFO - ✅ Git sync completed successfully
2025-06-17 12:22:49,214 - INFO - 📂 Copying .tex files to chapters directory...
2025-06-17 12:22:49,214 - INFO -    Source: /Users/jayshitre/Projects/dfs/BookWebsite2/BookWebsite/overleaf-project
2025-06-17 12:22:49,214 - INFO -    Target: /Users/jayshitre/Projects/dfs/BookWebsite2/BookWebsite/chapters
2025-06-17 12:22:49,217 - INFO - 📄 Found 422 .tex files
2025-06-17 12:22:49,230 - INFO -    📝 File changed: Mixtures.tex
2025-06-17 12:22:49,231 - INFO -    ✅ Updated: Mixtures.tex
2025-06-17 12:22:49,235 - INFO -    📝 File changed: Mixtures.tex
2025-06-17 12:22:49,236 - INFO -    ✅ Updated: Mixtures.tex
2025-06-17 12:22:49,236 - INFO - ✅ Successfully updated 2 files
2025-06-17 12:22:49,236 - INFO - 🔄 Running chapter processing script: process-chapter.ts
2025-06-17 12:22:49,237 - INFO -    Running: npx ts-node scripts/process-chapter.ts /Users/jayshitre/Projects/dfs/BookWebsite2/BookWebsite/chapters
2025-06-17 12:22:49,237 - INFO -    Working directory: /Users/jayshitre/Projects/dfs/BookWebsite2/BookWebsite
2025-06-17 12:23:01,966 - INFO - ✅ Chapter processing completed successfully
2025-06-17 12:23:01,967 - INFO -    Scanning directory: /Users/jayshitre/Projects/dfs/BookWebsite2/BookWebsite/chapters
Processing mode: Smart update (only new/modified chapters)
Found 422 .tex files to check

Checking ANI.tex with title "ANI"...
Skipping /Users/jayshitre/Projects/dfs/BookWebsite2/BookWebsite/chapters/ANI.tex - up to date (source not modified since last conversion)

Checking Case_Study_Materials.tex with title "Case Study Materials"...
Skipping /Users/jayshitre/Projects/dfs/BookWebsite2/BookWebsite/chapters/Case_Study_Materials.tex - up to date (source not modified since last conversion)

Checking Case_Study_MolecularProperties.tex with title "Case Study MolecularProperties"...
Skipping /Users/jayshitre/Projects/dfs/BookWebsite2/BookWebsite/chapters/Case_Study_MolecularProperties.tex - up to date (source not modified since last conversion)

Checking Case_Study_Water.tex with title "Case Study Water"...
Skipping /Users/jayshitre/Projects/dfs/BookWebsite2/BookWebsite/chapters/Case_Study_Water.tex - up to date (source not modified since last conversion)

Checking ConvNets.tex with title "ConvNets"...
Skipping /Users/jayshitre/Projects/dfs/BookWebsite2/BookWebsite/chapters/ConvNets.tex - up to date (source not modified since last conversion)

Checking DL_MaxwellEquations.tex with title "DL MaxwellEquations"...
Skipping /Users/jayshitre/Projects/dfs/BookWebsite2/BookWebsite/chapters/DL_MaxwellEquations.tex - up to date (source not modified since last conversion)

Checking DeepEquilibrium.tex with title "DeepEquilibrium"...
Skipping /Users/jayshitre/Projects/dfs/BookWebsite2/BookWebsite/chapters/DeepEquilibrium.tex - up to date (source not modified since last conversion)

Checking Differentiable_Programming.tex with title "Differentiable Programming"...
Skipping /Users/jayshitre/Projects/dfs/BookWebsite2/BookWebsite/chapters/Differentiable_Programming.tex - up to date (source not modified since last conversion)

Checking E3NN.tex with title "E3NN"...
Skipping /Users/jayshitre/Projects/dfs/BookWebsite2/BookWebsite/chapters/E3NN.tex - up to date (source not modified since last conversion)

Checking Fluids_HiddenFD.tex with title "Fluids HiddenFD"...
Skipping /Users/jayshitre/Projects/dfs/BookWebsite2/BookWebsite/chapters/Fluids_HiddenFD.tex - up to date (source not modified since last conversion)

Checking HamiltonianNNs.tex with title "HamiltonianNNs"...
Skipping /Users/jayshitre/Projects/dfs/BookWebsite2/BookWebsite/chapters/HamiltonianNNs.tex - up to date (source not modified since last conversion)

Checking Integral_Programming.tex with title "Integral Programming"...
Skipping /Users/jayshitre/Projects/dfs/BookWebsite2/BookWebsite/chapters/Integral_Programming.tex - up to date (source not modified since last conversion)

Checking LagrangianNNs.tex with title "LagrangianNNs"...
Skipping /Users/jayshitre/Projects/dfs/BookWebsite2/BookWebsite/chapters/LagrangianNNs.tex - up to date (source not modified since last conversion)

Checking MD_foundation_model_engine.tex with title "MD Foundation Model Engine"...
Skipping /Users/jayshitre/Projects/dfs/BookWebsite2/BookWebsite/chapters/MD_foundation_model_engine.tex - up to date (source not modified since last conversion)

Checking ML_basics.tex with title "ML Basics"...
Skipping /Users/jayshitre/Projects/dfs/BookWebsite2/BookWebsite/chapters/ML_basics.tex - up to date (source not modified since last conversion)

Checking MathematicalFoundations.tex with title "MathematicalFoundations"...
Skipping /Users/jayshitre/Projects/dfs/BookWebsite2/BookWebsite/chapters/MathematicalFoundations.tex - up to date (source not modified since last conversion)

Checking Mixtures.tex with title "Mixtures"...
Skipping /Users/jayshitre/Projects/dfs/BookWebsite2/BookWebsite/chapters/Mixtures.tex - up to date (source not modified since last conversion)

Checking Molecular_ML.tex with title "Molecular ML"...
Skipping /Users/jayshitre/Projects/dfs/BookWebsite2/BookWebsite/chapters/Molecular_ML.tex - up to date (source not modified since last conversion)

Checking PINNs_NS.tex with title "PINNs NS"...
Skipping /Users/jayshitre/Projects/dfs/BookWebsite2/BookWebsite/chapters/PINNs_NS.tex - up to date (source not modified since last conversion)

Checking PINNs_Schrodinger.tex with title "PINNs Schrodinger"...
Skipping /Users/jayshitre/Projects/dfs/BookWebsite2/BookWebsite/chapters/PINNs_Schrodinger.tex - up to date (source not modified since last conversion)

Checking PINNs_backup.tex with title "PINNs Backup"...
Skipping /Users/jayshitre/Projects/dfs/BookWebsite2/BookWebsite/chapters/PINNs_backup.tex - up to date (source not modified since last conversion)

Checking PINNs_idea.tex with title "PINNs Idea"...
Skipping /Users/jayshitre/Projects/dfs/BookWebsite2/BookWebsite/chapters/PINNs_idea.tex - up to date (source not modified since last conversion)

Checking Plasma_Physics.tex with title "Plasma Physics"...
Skipping /Users/jayshitre/Projects/dfs/BookWebsite2/BookWebsite/chapters/Plasma_Physics.tex - up to date (source not modified since last conversion)

Checking RNNs.tex with title "RNNs"...
Skipping /Users/jayshitre/Projects/dfs/BookWebsite2/BookWebsite/chapters/RNNs.tex - up to date (source not modified since last conversion)

Checking ResidualPhysics_UODEs.tex with title "ResidualPhysics UODEs"...
Skipping /Users/jayshitre/Projects/dfs/BookWebsite2/BookWebsite/chapters/ResidualPhysics_UODEs.tex - up to date (source not modified since last conversion)

Checking String_Theory_And_Quantum_Gravity.tex with title "String Theory And Quantum Gravity"...
Skipping /Users/jayshitre/Projects/dfs/BookWebsite2/BookWebsite/chapters/String_Theory_And_Quantum_Gravity.tex - up to date (source not modified since last conversion)

Checking a_differentiable_theory_of_phase_transition.tex with title "A Differentiable Theory Of Phase Transition"...
Skipping /Users/jayshitre/Projects/dfs/BookWebsite2/BookWebsite/chapters/a_differentiable_theory_of_phase_transition.tex - up to date (source not modified since last conversion)

Checking ab_initio_structure_prediction.tex with title "Ab Initio Structure Prediction"...
Skipping /Users/jayshitre/Projects/dfs/BookWebsite2/BookWebsite/chapters/ab_initio_structure_prediction.tex - up to date (source not modified since last conversion)

Checking adsorption.tex with title "Adsorption"...
Converting new chapter: /Users/jayshitre/Projects/dfs/BookWebsite2/BookWebsite/chapters/adsorption.tex
Converting /Users/jayshitre/Projects/dfs/BookWebsite2/BookWebsite/chapters/adsorption.tex to MDX...
Updating routes...

        Successfully processed chapter:
        - Converted new /Users/jayshitre/Projects/dfs/BookWebsite2/BookWebsite/chapters/adsorption.tex to MDX
        - Placed in /Users/jayshitre/Projects/dfs/BookWebsite2/BookWebsite/contents/docs/chapters/adsorption/index.mdx
        - Updated routes with title: "Adsorption" and href: "/adsorption"
    

Checking adversarial_methods.tex with title "Adversarial Methods"...
Skipping /Users/jayshitre/Projects/dfs/BookWebsite2/BookWebsite/chapters/adversarial_methods.tex - up to date (source not modified since last conversion)

Checking allegro.tex with title "Allegro"...
Skipping /Users/jayshitre/Projects/dfs/BookWebsite2/BookWebsite/chapters/allegro.tex - up to date (source not modified since last conversion)

Checking allen_cahn_message_passing.tex with title "Allen Cahn Message Passing"...
Skipping /Users/jayshitre/Projects/dfs/BookWebsite2/BookWebsite/chapters/allen_cahn_message_passing.tex - up to date (source not modified since last conversion)

Checking angular_momentum.tex with title "Angular Momentum"...
Skipping /Users/jayshitre/Projects/dfs/BookWebsite2/BookWebsite/chapters/angular_momentum.tex - up to date (source not modified since last conversion)

Checking angular_momentum_operator.tex with title "Angular Momentum Operator"...
Skipping /Users/jayshitre/Projects/dfs/BookWebsite2/BookWebsite/chapters/angular_momentum_operator.tex - up to date (source not modified since last conversion)

Checking array_semantics.tex with title "Array Semantics"...
Skipping /Users/jayshitre/Projects/dfs/BookWebsite2/BookWebsite/chapters/array_semantics.tex - up to date (source not modified since last conversion)

Checking autoencoders.tex with title "Autoencoders"...
Skipping /Users/jayshitre/Projects/dfs/BookWebsite2/BookWebsite/chapters/autoencoders.tex - up to date (source not modified since last conversion)

Checking automatic_differentiation.tex with title "Automatic Differentiation"...
Skipping /Users/jayshitre/Projects/dfs/BookWebsite2/BookWebsite/chapters/automatic_differentiation.tex - up to date (source not modified since last conversion)

Checking backupCFD_chapter_NODEs.tex with title "BackupCFD Chapter NODEs"...
Skipping /Users/jayshitre/Projects/dfs/BookWebsite2/BookWebsite/chapters/backupCFD_chapter_NODEs.tex - up to date (source not modified since last conversion)

Checking behler_parinello_representations.tex with title "Behler Parinello Representations"...
Skipping /Users/jayshitre/Projects/dfs/BookWebsite2/BookWebsite/chapters/behler_parinello_representations.tex - up to date (source not modified since last conversion)

Checking bloch_sphere.tex with title "Bloch Sphere"...
Skipping /Users/jayshitre/Projects/dfs/BookWebsite2/BookWebsite/chapters/bloch_sphere.tex - up to date (source not modified since last conversion)

Checking book.tex with title "Book"...
Skipping /Users/jayshitre/Projects/dfs/BookWebsite2/BookWebsite/chapters/book.tex - up to date (source not modified since last conversion)

Checking boundary_value.tex with title "Boundary Value"...
Skipping /Users/jayshitre/Projects/dfs/BookWebsite2/BookWebsite/chapters/boundary_value.tex - up to date (source not modified since last conversion)

Checking bracketing_and_bisection.tex with title "Bracketing And Bisection"...
Skipping /Users/jayshitre/Projects/dfs/BookWebsite2/BookWebsite/chapters/bracketing_and_bisection.tex - up to date (source not modified since last conversion)

Checking calculus.tex with title "Calculus"...
Skipping /Users/jayshitre/Projects/dfs/BookWebsite2/BookWebsite/chapters/calculus.tex - up to date (source not modified since last conversion)

Checking chapter17_intro_ML_Physics_part2.tex with title "Chapter17 Intro ML Physics Part2"...
Skipping /Users/jayshitre/Projects/dfs/BookWebsite2/BookWebsite/chapters/chapter17_intro_ML_Physics_part2.tex - up to date (source not modified since last conversion)

Checking chapter17_intro_ML_Physics_part3.tex with title "Chapter17 Intro ML Physics Part3"...
Skipping /Users/jayshitre/Projects/dfs/BookWebsite2/BookWebsite/chapters/chapter17_intro_ML_Physics_part3.tex - up to date (source not modified since last conversion)

Checking chapter17_intro_ML_physics.tex with title "Chapter17 Intro ML Physics"...
Skipping /Users/jayshitre/Projects/dfs/BookWebsite2/BookWebsite/chapters/chapter17_intro_ML_physics.tex - up to date (source not modified since last conversion)

Checking chgnet.tex with title "Chgnet"...
Skipping /Users/jayshitre/Projects/dfs/BookWebsite2/BookWebsite/chapters/chgnet.tex - up to date (source not modified since last conversion)

Checking classical_field_theory.tex with title "Classical Field Theory"...
Skipping /Users/jayshitre/Projects/dfs/BookWebsite2/BookWebsite/chapters/classical_field_theory.tex - up to date (source not modified since last conversion)

Checking classical_thermodynamics.tex with title "Classical Thermodynamics"...
Skipping /Users/jayshitre/Projects/dfs/BookWebsite2/BookWebsite/chapters/classical_thermodynamics.tex - up to date (source not modified since last conversion)

Checking clifford_algebra.tex with title "Clifford Algebra"...
Skipping /Users/jayshitre/Projects/dfs/BookWebsite2/BookWebsite/chapters/clifford_algebra.tex - up to date (source not modified since last conversion)

Checking cluster_expansion.tex with title "Cluster Expansion"...
Skipping /Users/jayshitre/Projects/dfs/BookWebsite2/BookWebsite/chapters/cluster_expansion.tex - up to date (source not modified since last conversion)

Checking coarse_grained_potentials.tex with title "Coarse Grained Potentials"...
Skipping /Users/jayshitre/Projects/dfs/BookWebsite2/BookWebsite/chapters/coarse_grained_potentials.tex - up to date (source not modified since last conversion)

Checking coarse_graining_and_closure_modeling.tex with title "Coarse Graining And Closure Modeling"...
Skipping /Users/jayshitre/Projects/dfs/BookWebsite2/BookWebsite/chapters/coarse_graining_and_closure_modeling.tex - up to date (source not modified since last conversion)

Checking complex_analysis.tex with title "Complex Analysis"...
Skipping /Users/jayshitre/Projects/dfs/BookWebsite2/BookWebsite/chapters/complex_analysis.tex - up to date (source not modified since last conversion)

Checking computational_fluid_dynamics.tex with title "Computational Fluid Dynamics"...
Skipping /Users/jayshitre/Projects/dfs/BookWebsite2/BookWebsite/chapters/computational_fluid_dynamics.tex - up to date (source not modified since last conversion)

Checking condensed_matter.tex with title "Condensed Matter"...
Skipping /Users/jayshitre/Projects/dfs/BookWebsite2/BookWebsite/chapters/condensed_matter.tex - up to date (source not modified since last conversion)

Checking cormorant.tex with title "Cormorant"...
Skipping /Users/jayshitre/Projects/dfs/BookWebsite2/BookWebsite/chapters/cormorant.tex - up to date (source not modified since last conversion)

Checking correlations_and_renormalization_group_theory.tex with title "Correlations And Renormalization Group Theory"...
Converting new chapter: /Users/jayshitre/Projects/dfs/BookWebsite2/BookWebsite/chapters/correlations_and_renormalization_group_theory.tex
Converting /Users/jayshitre/Projects/dfs/BookWebsite2/BookWebsite/chapters/correlations_and_renormalization_group_theory.tex to MDX...
Updating routes...

        Successfully processed chapter:
        - Converted new /Users/jayshitre/Projects/dfs/BookWebsite2/BookWebsite/chapters/correlations_and_renormalization_group_theory.tex to MDX
        - Placed in /Users/jayshitre/Projects/dfs/BookWebsite2/BookWebsite/contents/docs/chapters/correlations_and_renormalization_group_theory/index.mdx
        - Updated routes with title: "Correlations And Renormalization Group Theory" and href: "/correlations_and_renormalization_group_theory"
    

Checking coupled_cluster.tex with title "Coupled Cluster"...
Skipping /Users/jayshitre/Projects/dfs/BookWebsite2/BookWebsite/chapters/coupled_cluster.tex - up to date (source not modified since last conversion)

Checking covariance_contravariance.tex with title "Covariance Contravariance"...
Skipping /Users/jayshitre/Projects/dfs/BookWebsite2/BookWebsite/chapters/covariance_contravariance.tex - up to date (source not modified since last conversion)

Checking covariant_derivative_connection.tex with title "Covariant Derivative Connection"...
Skipping /Users/jayshitre/Projects/dfs/BookWebsite2/BookWebsite/chapters/covariant_derivative_connection.tex - up to date (source not modified since last conversion)

Checking creation_and_annihilation_operators.tex with title "Creation And Annihilation Operators"...
Skipping /Users/jayshitre/Projects/dfs/BookWebsite2/BookWebsite/chapters/creation_and_annihilation_operators.tex - up to date (source not modified since last conversion)

Checking critical_behavior_ising_model.tex with title "Critical Behavior Ising Model"...
Skipping /Users/jayshitre/Projects/dfs/BookWebsite2/BookWebsite/chapters/critical_behavior_ising_model.tex - up to date (source not modified since last conversion)

Checking crystal_graph_convs.tex with title "Crystal Graph Convs"...
Skipping /Users/jayshitre/Projects/dfs/BookWebsite2/BookWebsite/chapters/crystal_graph_convs.tex - up to date (source not modified since last conversion)

Checking data_interpolation.tex with title "Data Interpolation"...
Skipping /Users/jayshitre/Projects/dfs/BookWebsite2/BookWebsite/chapters/data_interpolation.tex - up to date (source not modified since last conversion)

Checking deep_electronic_schrodingers.tex with title "Deep Electronic Schrodingers"...
Skipping /Users/jayshitre/Projects/dfs/BookWebsite2/BookWebsite/chapters/deep_electronic_schrodingers.tex - up to date (source not modified since last conversion)

Checking deep_gaussian.tex with title "Deep Gaussian"...
Skipping /Users/jayshitre/Projects/dfs/BookWebsite2/BookWebsite/chapters/deep_gaussian.tex - up to date (source not modified since last conversion)

Checking deep_onet.tex with title "Deep Onet"...
Skipping /Users/jayshitre/Projects/dfs/BookWebsite2/BookWebsite/chapters/deep_onet.tex - up to date (source not modified since last conversion)

Checking deepmdkit.tex with title "Deepmdkit"...
Skipping /Users/jayshitre/Projects/dfs/BookWebsite2/BookWebsite/chapters/deepmdkit.tex - up to date (source not modified since last conversion)

Checking density_functional_theory.tex with title "Density Functional Theory"...
Skipping /Users/jayshitre/Projects/dfs/BookWebsite2/BookWebsite/chapters/density_functional_theory.tex - up to date (source not modified since last conversion)

Checking dependent_types.tex with title "Dependent Types"...
Skipping /Users/jayshitre/Projects/dfs/BookWebsite2/BookWebsite/chapters/dependent_types.tex - up to date (source not modified since last conversion)

Checking designing_superconductors.tex with title "Designing Superconductors"...
Skipping /Users/jayshitre/Projects/dfs/BookWebsite2/BookWebsite/chapters/designing_superconductors.tex - up to date (source not modified since last conversion)

Checking differentiable_convex.tex with title "Differentiable Convex"...
Skipping /Users/jayshitre/Projects/dfs/BookWebsite2/BookWebsite/chapters/differentiable_convex.tex - up to date (source not modified since last conversion)

Checking differentiable_fluid_dynamics.tex with title "Differentiable Fluid Dynamics"...
Skipping /Users/jayshitre/Projects/dfs/BookWebsite2/BookWebsite/chapters/differentiable_fluid_dynamics.tex - up to date (source not modified since last conversion)

Checking differentiable_md.tex with title "Differentiable Md"...
Skipping /Users/jayshitre/Projects/dfs/BookWebsite2/BookWebsite/chapters/differentiable_md.tex - up to date (source not modified since last conversion)

Checking differentiable_meshing.tex with title "Differentiable Meshing"...
Skipping /Users/jayshitre/Projects/dfs/BookWebsite2/BookWebsite/chapters/differentiable_meshing.tex - up to date (source not modified since last conversion)

Checking differentiable_phonon_simulation.tex with title "Differentiable Phonon Simulation"...
Skipping /Users/jayshitre/Projects/dfs/BookWebsite2/BookWebsite/chapters/differentiable_phonon_simulation.tex - up to date (source not modified since last conversion)

Checking differentiable_quantum_chemistry.tex with title "Differentiable Quantum Chemistry"...
Skipping /Users/jayshitre/Projects/dfs/BookWebsite2/BookWebsite/chapters/differentiable_quantum_chemistry.tex - up to date (source not modified since last conversion)

Checking differentiable_semantics.tex with title "Differentiable Semantics"...
Skipping /Users/jayshitre/Projects/dfs/BookWebsite2/BookWebsite/chapters/differentiable_semantics.tex - up to date (source not modified since last conversion)

Checking dirac_equation.tex with title "Dirac Equation"...
Skipping /Users/jayshitre/Projects/dfs/BookWebsite2/BookWebsite/chapters/dirac_equation.tex - up to date (source not modified since last conversion)

Checking distributions.tex with title "Distributions"...
Skipping /Users/jayshitre/Projects/dfs/BookWebsite2/BookWebsite/chapters/distributions.tex - up to date (source not modified since last conversion)

Checking dtnn.tex with title "Dtnn"...
Skipping /Users/jayshitre/Projects/dfs/BookWebsite2/BookWebsite/chapters/dtnn.tex - up to date (source not modified since last conversion)

Checking dynamical_systems.tex with title "Dynamical Systems"...
Skipping /Users/jayshitre/Projects/dfs/BookWebsite2/BookWebsite/chapters/dynamical_systems.tex - up to date (source not modified since last conversion)

Checking effective_field_theory.tex with title "Effective Field Theory"...
Skipping /Users/jayshitre/Projects/dfs/BookWebsite2/BookWebsite/chapters/effective_field_theory.tex - up to date (source not modified since last conversion)

Checking electric_current_and_magnetic_field.tex with title "Electric Current And Magnetic Field"...
Skipping /Users/jayshitre/Projects/dfs/BookWebsite2/BookWebsite/chapters/electric_current_and_magnetic_field.tex - up to date (source not modified since last conversion)

Checking electrical_circuits.tex with title "Electrical Circuits"...
Skipping /Users/jayshitre/Projects/dfs/BookWebsite2/BookWebsite/chapters/electrical_circuits.tex - up to date (source not modified since last conversion)

Checking electrolytes.tex with title "Electrolytes"...
Skipping /Users/jayshitre/Projects/dfs/BookWebsite2/BookWebsite/chapters/electrolytes.tex - up to date (source not modified since last conversion)

Checking electron_structure_theory.tex with title "Electron Structure Theory"...
Skipping /Users/jayshitre/Projects/dfs/BookWebsite2/BookWebsite/chapters/electron_structure_theory.tex - up to date (source not modified since last conversion)

Checking electrons_in_metals.tex with title "Electrons In Metals"...
Converting new chapter: /Users/jayshitre/Projects/dfs/BookWebsite2/BookWebsite/chapters/electrons_in_metals.tex
Converting /Users/jayshitre/Projects/dfs/BookWebsite2/BookWebsite/chapters/electrons_in_metals.tex to MDX...
Updating routes...

        Successfully processed chapter:
        - Converted new /Users/jayshitre/Projects/dfs/BookWebsite2/BookWebsite/chapters/electrons_in_metals.tex to MDX
        - Placed in /Users/jayshitre/Projects/dfs/BookWebsite2/BookWebsite/contents/docs/chapters/electrons_in_metals/index.mdx
        - Updated routes with title: "Electrons In Metals" and href: "/electrons_in_metals"
    

Checking electrostatics_and_electric_field.tex with title "Electrostatics And Electric Field"...
Skipping /Users/jayshitre/Projects/dfs/BookWebsite2/BookWebsite/chapters/electrostatics_and_electric_field.tex - up to date (source not modified since last conversion)

Checking energy_based_models.tex with title "Energy Based Models"...
Skipping /Users/jayshitre/Projects/dfs/BookWebsite2/BookWebsite/chapters/energy_based_models.tex - up to date (source not modified since last conversion)

Checking ensembles.tex with title "Ensembles"...
Skipping /Users/jayshitre/Projects/dfs/BookWebsite2/BookWebsite/chapters/ensembles.tex - up to date (source not modified since last conversion)

Checking equivariant.tex with title "Equivariant"...
Skipping /Users/jayshitre/Projects/dfs/BookWebsite2/BookWebsite/chapters/equivariant.tex - up to date (source not modified since last conversion)

Checking equivariant_dynamical_models.tex with title "Equivariant Dynamical Models"...
Skipping /Users/jayshitre/Projects/dfs/BookWebsite2/BookWebsite/chapters/equivariant_dynamical_models.tex - up to date (source not modified since last conversion)

Checking errors_and_false_position.tex with title "Errors And False Position"...
Skipping /Users/jayshitre/Projects/dfs/BookWebsite2/BookWebsite/chapters/errors_and_false_position.tex - up to date (source not modified since last conversion)

Checking eulers_method.tex with title "Eulers Method"...
Skipping /Users/jayshitre/Projects/dfs/BookWebsite2/BookWebsite/chapters/eulers_method.tex - up to date (source not modified since last conversion)

Checking fermions_and_bosons.tex with title "Fermions And Bosons"...
Skipping /Users/jayshitre/Projects/dfs/BookWebsite2/BookWebsite/chapters/fermions_and_bosons.tex - up to date (source not modified since last conversion)

Checking feynman_diagrams.tex with title "Feynman Diagrams"...
Skipping /Users/jayshitre/Projects/dfs/BookWebsite2/BookWebsite/chapters/feynman_diagrams.tex - up to date (source not modified since last conversion)

Checking feynman_ex1.tex with title "Feynman Ex1"...
Skipping /Users/jayshitre/Projects/dfs/BookWebsite2/BookWebsite/chapters/feynman_ex1.tex - up to date (source not modified since last conversion)

Checking feynman_kac.tex with title "Feynman Kac"...
Skipping /Users/jayshitre/Projects/dfs/BookWebsite2/BookWebsite/chapters/feynman_kac.tex - up to date (source not modified since last conversion)

Checking fiber_bundles.tex with title "Fiber Bundles"...
Skipping /Users/jayshitre/Projects/dfs/BookWebsite2/BookWebsite/chapters/fiber_bundles.tex - up to date (source not modified since last conversion)

Checking first_principles_mixture_nets.tex with title "First Principles Mixture Nets"...
Skipping /Users/jayshitre/Projects/dfs/BookWebsite2/BookWebsite/chapters/first_principles_mixture_nets.tex - up to date (source not modified since last conversion)

Checking fluid_dynamics.tex with title "Fluid Dynamics"...
Skipping /Users/jayshitre/Projects/dfs/BookWebsite2/BookWebsite/chapters/fluid_dynamics.tex - up to date (source not modified since last conversion)

Checking fluid_physical_theory.tex with title "Fluid Physical Theory"...
Skipping /Users/jayshitre/Projects/dfs/BookWebsite2/BookWebsite/chapters/fluid_physical_theory.tex - up to date (source not modified since last conversion)

Checking foo.tex with title "Foo"...
Skipping /Users/jayshitre/Projects/dfs/BookWebsite2/BookWebsite/chapters/foo.tex - up to date (source not modified since last conversion)

Checking forcebalance.tex with title "Forcebalance"...
Skipping /Users/jayshitre/Projects/dfs/BookWebsite2/BookWebsite/chapters/forcebalance.tex - up to date (source not modified since last conversion)

Checking foreword.tex with title "Foreword"...
Skipping /Users/jayshitre/Projects/dfs/BookWebsite2/BookWebsite/chapters/foreword.tex - up to date (source not modified since last conversion)

Checking foundations_low_data.tex with title "Foundations Low Data"...
Skipping /Users/jayshitre/Projects/dfs/BookWebsite2/BookWebsite/chapters/foundations_low_data.tex - up to date (source not modified since last conversion)

Checking free_energy_perturbation.tex with title "Free Energy Perturbation"...
Skipping /Users/jayshitre/Projects/dfs/BookWebsite2/BookWebsite/chapters/free_energy_perturbation.tex - up to date (source not modified since last conversion)

Checking frontmatter.tex with title "Frontmatter"...
Skipping /Users/jayshitre/Projects/dfs/BookWebsite2/BookWebsite/chapters/frontmatter.tex - up to date (source not modified since last conversion)

Checking fundamentals_materials_characterization.tex with title "Fundamentals Materials Characterization"...
Skipping /Users/jayshitre/Projects/dfs/BookWebsite2/BookWebsite/chapters/fundamentals_materials_characterization.tex - up to date (source not modified since last conversion)

Checking gauge_equivariant.tex with title "Gauge Equivariant"...
Skipping /Users/jayshitre/Projects/dfs/BookWebsite2/BookWebsite/chapters/gauge_equivariant.tex - up to date (source not modified since last conversion)

Checking gauge_equivariant_mesh_conv_nets.tex with title "Gauge Equivariant Mesh Conv Nets"...
Skipping /Users/jayshitre/Projects/dfs/BookWebsite2/BookWebsite/chapters/gauge_equivariant_mesh_conv_nets.tex - up to date (source not modified since last conversion)

Checking gauge_theories.tex with title "Gauge Theories"...
Skipping /Users/jayshitre/Projects/dfs/BookWebsite2/BookWebsite/chapters/gauge_theories.tex - up to date (source not modified since last conversion)

Checking gauss_elimination.tex with title "Gauss Elimination"...
Converting new chapter: /Users/jayshitre/Projects/dfs/BookWebsite2/BookWebsite/chapters/gauss_elimination.tex
Converting /Users/jayshitre/Projects/dfs/BookWebsite2/BookWebsite/chapters/gauss_elimination.tex to MDX...
Updating routes...

        Successfully processed chapter:
        - Converted new /Users/jayshitre/Projects/dfs/BookWebsite2/BookWebsite/chapters/gauss_elimination.tex to MDX
        - Placed in /Users/jayshitre/Projects/dfs/BookWebsite2/BookWebsite/contents/docs/chapters/gauss_elimination/index.mdx
        - Updated routes with title: "Gauss Elimination" and href: "/gauss_elimination"
    

Checking gauss_quadrature.tex with title "Gauss Quadrature"...
Skipping /Users/jayshitre/Projects/dfs/BookWebsite2/BookWebsite/chapters/gauss_quadrature.tex - up to date (source not modified since last conversion)

Checking gaussian_integrals.tex with title "Gaussian Integrals"...
Skipping /Users/jayshitre/Projects/dfs/BookWebsite2/BookWebsite/chapters/gaussian_integrals.tex - up to date (source not modified since last conversion)

Checking gaussian_process.tex with title "Gaussian Process"...
Skipping /Users/jayshitre/Projects/dfs/BookWebsite2/BookWebsite/chapters/gaussian_process.tex - up to date (source not modified since last conversion)

Checking general_relativity.tex with title "General Relativity"...
Skipping /Users/jayshitre/Projects/dfs/BookWebsite2/BookWebsite/chapters/general_relativity.tex - up to date (source not modified since last conversion)

Checking generalized_hamiltonian_nn.tex with title "Generalized Hamiltonian Nn"...
Skipping /Users/jayshitre/Projects/dfs/BookWebsite2/BookWebsite/chapters/generalized_hamiltonian_nn.tex - up to date (source not modified since last conversion)

Checking generating_functions.tex with title "Generating Functions"...
Skipping /Users/jayshitre/Projects/dfs/BookWebsite2/BookWebsite/chapters/generating_functions.tex - up to date (source not modified since last conversion)

Checking generative_adversarial_symmetry.tex with title "Generative Adversarial Symmetry"...
Skipping /Users/jayshitre/Projects/dfs/BookWebsite2/BookWebsite/chapters/generative_adversarial_symmetry.tex - up to date (source not modified since last conversion)

Checking geometric_convolutional_networks.tex with title "Geometric Convolutional Networks"...
Skipping /Users/jayshitre/Projects/dfs/BookWebsite2/BookWebsite/chapters/geometric_convolutional_networks.tex - up to date (source not modified since last conversion)

Checking geometric_learning_quantum_chemistry.tex with title "Geometric Learning Quantum Chemistry"...
Skipping /Users/jayshitre/Projects/dfs/BookWebsite2/BookWebsite/chapters/geometric_learning_quantum_chemistry.tex - up to date (source not modified since last conversion)

Checking geometric_shape.tex with title "Geometric Shape"...
Skipping /Users/jayshitre/Projects/dfs/BookWebsite2/BookWebsite/chapters/geometric_shape.tex - up to date (source not modified since last conversion)

Checking geometry_processing.tex with title "Geometry Processing"...
Skipping /Users/jayshitre/Projects/dfs/BookWebsite2/BookWebsite/chapters/geometry_processing.tex - up to date (source not modified since last conversion)

Checking gnn_hep.tex with title "Gnn Hep"...
Skipping /Users/jayshitre/Projects/dfs/BookWebsite2/BookWebsite/chapters/gnn_hep.tex - up to date (source not modified since last conversion)

Checking golden_section.tex with title "Golden Section"...
Skipping /Users/jayshitre/Projects/dfs/BookWebsite2/BookWebsite/chapters/golden_section.tex - up to date (source not modified since last conversion)

Checking gradient_descent.tex with title "Gradient Descent"...
Skipping /Users/jayshitre/Projects/dfs/BookWebsite2/BookWebsite/chapters/gradient_descent.tex - up to date (source not modified since last conversion)

Checking grammars.tex with title "Grammars"...
Skipping /Users/jayshitre/Projects/dfs/BookWebsite2/BookWebsite/chapters/grammars.tex - up to date (source not modified since last conversion)

Checking graph_NeuralNets.tex with title "Graph NeuralNets"...
Skipping /Users/jayshitre/Projects/dfs/BookWebsite2/BookWebsite/chapters/graph_NeuralNets.tex - up to date (source not modified since last conversion)

Checking graph_generation.tex with title "Graph Generation"...
Skipping /Users/jayshitre/Projects/dfs/BookWebsite2/BookWebsite/chapters/graph_generation.tex - up to date (source not modified since last conversion)

Checking greens_equations.tex with title "Greens Equations"...
Skipping /Users/jayshitre/Projects/dfs/BookWebsite2/BookWebsite/chapters/greens_equations.tex - up to date (source not modified since last conversion)

Checking greens_function_klein_gordon.tex with title "Greens Function Klein Gordon"...
Skipping /Users/jayshitre/Projects/dfs/BookWebsite2/BookWebsite/chapters/greens_function_klein_gordon.tex - up to date (source not modified since last conversion)

Checking greens_function_laplace_equation.tex with title "Greens Function Laplace Equation"...
Skipping /Users/jayshitre/Projects/dfs/BookWebsite2/BookWebsite/chapters/greens_function_laplace_equation.tex - up to date (source not modified since last conversion)

Checking hamiltonian_mechanics.tex with title "Hamiltonian Mechanics"...
Skipping /Users/jayshitre/Projects/dfs/BookWebsite2/BookWebsite/chapters/hamiltonian_mechanics.tex - up to date (source not modified since last conversion)

Checking harmonic_oscillation.tex with title "Harmonic Oscillation"...
Skipping /Users/jayshitre/Projects/dfs/BookWebsite2/BookWebsite/chapters/harmonic_oscillation.tex - up to date (source not modified since last conversion)

Checking hartree_fock.tex with title "Hartree Fock"...
Skipping /Users/jayshitre/Projects/dfs/BookWebsite2/BookWebsite/chapters/hartree_fock.tex - up to date (source not modified since last conversion)

Checking heat_equation.tex with title "Heat Equation"...
Skipping /Users/jayshitre/Projects/dfs/BookWebsite2/BookWebsite/chapters/heat_equation.tex - up to date (source not modified since last conversion)

Checking heisenberg_formulation.tex with title "Heisenberg Formulation"...
Skipping /Users/jayshitre/Projects/dfs/BookWebsite2/BookWebsite/chapters/heisenberg_formulation.tex - up to date (source not modified since last conversion)

Checking high_dimensional_pde.tex with title "High Dimensional Pde"...
Skipping /Users/jayshitre/Projects/dfs/BookWebsite2/BookWebsite/chapters/high_dimensional_pde.tex - up to date (source not modified since last conversion)

Checking hilbert_spaces.tex with title "Hilbert Spaces"...
Skipping /Users/jayshitre/Projects/dfs/BookWebsite2/BookWebsite/chapters/hilbert_spaces.tex - up to date (source not modified since last conversion)

Checking hindley_milner.tex with title "Hindley Milner"...
Skipping /Users/jayshitre/Projects/dfs/BookWebsite2/BookWebsite/chapters/hindley_milner.tex - up to date (source not modified since last conversion)

Checking hopfield.tex with title "Hopfield"...
Skipping /Users/jayshitre/Projects/dfs/BookWebsite2/BookWebsite/chapters/hopfield.tex - up to date (source not modified since last conversion)

Checking hopfield_networks.tex with title "Hopfield Networks"...
Skipping /Users/jayshitre/Projects/dfs/BookWebsite2/BookWebsite/chapters/hopfield_networks.tex - up to date (source not modified since last conversion)

Checking ideal_gas.tex with title "Ideal Gas"...
Skipping /Users/jayshitre/Projects/dfs/BookWebsite2/BookWebsite/chapters/ideal_gas.tex - up to date (source not modified since last conversion)

Checking imaginary_time_path_integrals.tex with title "Imaginary Time Path Integrals"...
Skipping /Users/jayshitre/Projects/dfs/BookWebsite2/BookWebsite/chapters/imaginary_time_path_integrals.tex - up to date (source not modified since last conversion)

Checking imaginary_time_quantum_mechanics.tex with title "Imaginary Time Quantum Mechanics"...
Skipping /Users/jayshitre/Projects/dfs/BookWebsite2/BookWebsite/chapters/imaginary_time_quantum_mechanics.tex - up to date (source not modified since last conversion)

Checking implicit_methods.tex with title "Implicit Methods"...
Converting new chapter: /Users/jayshitre/Projects/dfs/BookWebsite2/BookWebsite/chapters/implicit_methods.tex
Converting /Users/jayshitre/Projects/dfs/BookWebsite2/BookWebsite/chapters/implicit_methods.tex to MDX...
Updating routes...

        Successfully processed chapter:
        - Converted new /Users/jayshitre/Projects/dfs/BookWebsite2/BookWebsite/chapters/implicit_methods.tex to MDX
        - Placed in /Users/jayshitre/Projects/dfs/BookWebsite2/BookWebsite/contents/docs/chapters/implicit_methods/index.mdx
        - Updated routes with title: "Implicit Methods" and href: "/implicit_methods"
    

Checking information_theory.tex with title "Information Theory"...
Skipping /Users/jayshitre/Projects/dfs/BookWebsite2/BookWebsite/chapters/information_theory.tex - up to date (source not modified since last conversion)

Checking integration_trapezoidal.tex with title "Integration Trapezoidal"...
Skipping /Users/jayshitre/Projects/dfs/BookWebsite2/BookWebsite/chapters/integration_trapezoidal.tex - up to date (source not modified since last conversion)

Checking intro.tex with title "Intro"...
Skipping /Users/jayshitre/Projects/dfs/BookWebsite2/BookWebsite/chapters/intro.tex - up to date (source not modified since last conversion)

Checking intro_feynman_diagrams.tex with title "Intro Feynman Diagrams"...
Converting new chapter: /Users/jayshitre/Projects/dfs/BookWebsite2/BookWebsite/chapters/intro_feynman_diagrams.tex
Converting /Users/jayshitre/Projects/dfs/BookWebsite2/BookWebsite/chapters/intro_feynman_diagrams.tex to MDX...
Updating routes...

        Successfully processed chapter:
        - Converted new /Users/jayshitre/Projects/dfs/BookWebsite2/BookWebsite/chapters/intro_feynman_diagrams.tex to MDX
        - Placed in /Users/jayshitre/Projects/dfs/BookWebsite2/BookWebsite/contents/docs/chapters/intro_feynman_diagrams/index.mdx
        - Updated routes with title: "Intro Feynman Diagrams" and href: "/intro_feynman_diagrams"
    

Checking intro_outtakes.tex with title "Intro Outtakes"...
Skipping /Users/jayshitre/Projects/dfs/BookWebsite2/BookWebsite/chapters/intro_outtakes.tex - up to date (source not modified since last conversion)

Checking introduction.tex with title "Introduction"...
Skipping /Users/jayshitre/Projects/dfs/BookWebsite2/BookWebsite/chapters/introduction.tex - up to date (source not modified since last conversion)

Checking inverse_design.tex with title "Inverse Design"...
Skipping /Users/jayshitre/Projects/dfs/BookWebsite2/BookWebsite/chapters/inverse_design.tex - up to date (source not modified since last conversion)

Checking ising_model.tex with title "Ising Model"...
Skipping /Users/jayshitre/Projects/dfs/BookWebsite2/BookWebsite/chapters/ising_model.tex - up to date (source not modified since last conversion)

Checking kernel_methods.tex with title "Kernel Methods"...
Skipping /Users/jayshitre/Projects/dfs/BookWebsite2/BookWebsite/chapters/kernel_methods.tex - up to date (source not modified since last conversion)

Checking klein_gordon.tex with title "Klein Gordon"...
Skipping /Users/jayshitre/Projects/dfs/BookWebsite2/BookWebsite/chapters/klein_gordon.tex - up to date (source not modified since last conversion)

Checking kohn_sham_regularizers.tex with title "Kohn Sham Regularizers"...
Skipping /Users/jayshitre/Projects/dfs/BookWebsite2/BookWebsite/chapters/kohn_sham_regularizers.tex - up to date (source not modified since last conversion)

Checking lagrangian_mechanics.tex with title "Lagrangian Mechanics"...
Skipping /Users/jayshitre/Projects/dfs/BookWebsite2/BookWebsite/chapters/lagrangian_mechanics.tex - up to date (source not modified since last conversion)

Checking lattice_field_theory_normalizing_flows.tex with title "Lattice Field Theory Normalizing Flows"...
Skipping /Users/jayshitre/Projects/dfs/BookWebsite2/BookWebsite/chapters/lattice_field_theory_normalizing_flows.tex - up to date (source not modified since last conversion)

Checking lattice_graph_convs.tex with title "Lattice Graph Convs"...
Skipping /Users/jayshitre/Projects/dfs/BookWebsite2/BookWebsite/chapters/lattice_graph_convs.tex - up to date (source not modified since last conversion)

Checking lattice_qft.tex with title "Lattice Qft"...
Skipping /Users/jayshitre/Projects/dfs/BookWebsite2/BookWebsite/chapters/lattice_qft.tex - up to date (source not modified since last conversion)

Checking learning_equivariances.tex with title "Learning Equivariances"...
Skipping /Users/jayshitre/Projects/dfs/BookWebsite2/BookWebsite/chapters/learning_equivariances.tex - up to date (source not modified since last conversion)

Checking learning_quantum_nns_via_classical_nns.tex with title "Learning Quantum Nns Via Classical Nns"...
Skipping /Users/jayshitre/Projects/dfs/BookWebsite2/BookWebsite/chapters/learning_quantum_nns_via_classical_nns.tex - up to date (source not modified since last conversion)

Checking lecture_1.tex with title "Lecture 1"...
Skipping /Users/jayshitre/Projects/dfs/BookWebsite2/BookWebsite/chapters/lecture_1.tex - up to date (source not modified since last conversion)

Checking lecture_10.tex with title "Lecture 10"...
Skipping /Users/jayshitre/Projects/dfs/BookWebsite2/BookWebsite/chapters/lecture_10.tex - up to date (source not modified since last conversion)

Checking lecture_11.tex with title "Lecture 11"...
Skipping /Users/jayshitre/Projects/dfs/BookWebsite2/BookWebsite/chapters/lecture_11.tex - up to date (source not modified since last conversion)

Checking lecture_12.tex with title "Lecture 12"...
Skipping /Users/jayshitre/Projects/dfs/BookWebsite2/BookWebsite/chapters/lecture_12.tex - up to date (source not modified since last conversion)

Checking lecture_13.tex with title "Lecture 13"...
Skipping /Users/jayshitre/Projects/dfs/BookWebsite2/BookWebsite/chapters/lecture_13.tex - up to date (source not modified since last conversion)

Checking lecture_14.tex with title "Lecture 14"...
Skipping /Users/jayshitre/Projects/dfs/BookWebsite2/BookWebsite/chapters/lecture_14.tex - up to date (source not modified since last conversion)

Checking lecture_15.tex with title "Lecture 15"...
Skipping /Users/jayshitre/Projects/dfs/BookWebsite2/BookWebsite/chapters/lecture_15.tex - up to date (source not modified since last conversion)

Checking lecture_16.tex with title "Lecture 16"...
Skipping /Users/jayshitre/Projects/dfs/BookWebsite2/BookWebsite/chapters/lecture_16.tex - up to date (source not modified since last conversion)

Checking lecture_17.tex with title "Lecture 17"...
Skipping /Users/jayshitre/Projects/dfs/BookWebsite2/BookWebsite/chapters/lecture_17.tex - up to date (source not modified since last conversion)

Checking lecture_18.tex with title "Lecture 18"...
Skipping /Users/jayshitre/Projects/dfs/BookWebsite2/BookWebsite/chapters/lecture_18.tex - up to date (source not modified since last conversion)

Checking lecture_19.tex with title "Lecture 19"...
Skipping /Users/jayshitre/Projects/dfs/BookWebsite2/BookWebsite/chapters/lecture_19.tex - up to date (source not modified since last conversion)

Checking lecture_2.tex with title "Lecture 2"...
Skipping /Users/jayshitre/Projects/dfs/BookWebsite2/BookWebsite/chapters/lecture_2.tex - up to date (source not modified since last conversion)

Checking lecture_20.tex with title "Lecture 20"...
Skipping /Users/jayshitre/Projects/dfs/BookWebsite2/BookWebsite/chapters/lecture_20.tex - up to date (source not modified since last conversion)

Checking lecture_21.tex with title "Lecture 21"...
Skipping /Users/jayshitre/Projects/dfs/BookWebsite2/BookWebsite/chapters/lecture_21.tex - up to date (source not modified since last conversion)

Checking lecture_22.tex with title "Lecture 22"...
Skipping /Users/jayshitre/Projects/dfs/BookWebsite2/BookWebsite/chapters/lecture_22.tex - up to date (source not modified since last conversion)

Checking lecture_23.tex with title "Lecture 23"...
Skipping /Users/jayshitre/Projects/dfs/BookWebsite2/BookWebsite/chapters/lecture_23.tex - up to date (source not modified since last conversion)

Checking lecture_24.tex with title "Lecture 24"...
Skipping /Users/jayshitre/Projects/dfs/BookWebsite2/BookWebsite/chapters/lecture_24.tex - up to date (source not modified since last conversion)

Checking lecture_25.tex with title "Lecture 25"...
Skipping /Users/jayshitre/Projects/dfs/BookWebsite2/BookWebsite/chapters/lecture_25.tex - up to date (source not modified since last conversion)

Checking lecture_26.tex with title "Lecture 26"...
Skipping /Users/jayshitre/Projects/dfs/BookWebsite2/BookWebsite/chapters/lecture_26.tex - up to date (source not modified since last conversion)

Checking lecture_27.tex with title "Lecture 27"...
Skipping /Users/jayshitre/Projects/dfs/BookWebsite2/BookWebsite/chapters/lecture_27.tex - up to date (source not modified since last conversion)

Checking lecture_28.tex with title "Lecture 28"...
Skipping /Users/jayshitre/Projects/dfs/BookWebsite2/BookWebsite/chapters/lecture_28.tex - up to date (source not modified since last conversion)

Checking lecture_29.tex with title "Lecture 29"...
Skipping /Users/jayshitre/Projects/dfs/BookWebsite2/BookWebsite/chapters/lecture_29.tex - up to date (source not modified since last conversion)

Checking lecture_3.tex with title "Lecture 3"...
Skipping /Users/jayshitre/Projects/dfs/BookWebsite2/BookWebsite/chapters/lecture_3.tex - up to date (source not modified since last conversion)

Checking lecture_30.tex with title "Lecture 30"...
Skipping /Users/jayshitre/Projects/dfs/BookWebsite2/BookWebsite/chapters/lecture_30.tex - up to date (source not modified since last conversion)

Checking lecture_31.tex with title "Lecture 31"...
Skipping /Users/jayshitre/Projects/dfs/BookWebsite2/BookWebsite/chapters/lecture_31.tex - up to date (source not modified since last conversion)

Checking lecture_32.tex with title "Lecture 32"...
Skipping /Users/jayshitre/Projects/dfs/BookWebsite2/BookWebsite/chapters/lecture_32.tex - up to date (source not modified since last conversion)

Checking lecture_33.tex with title "Lecture 33"...
Skipping /Users/jayshitre/Projects/dfs/BookWebsite2/BookWebsite/chapters/lecture_33.tex - up to date (source not modified since last conversion)

Checking lecture_34.tex with title "Lecture 34"...
Skipping /Users/jayshitre/Projects/dfs/BookWebsite2/BookWebsite/chapters/lecture_34.tex - up to date (source not modified since last conversion)

Checking lecture_35.tex with title "Lecture 35"...
Skipping /Users/jayshitre/Projects/dfs/BookWebsite2/BookWebsite/chapters/lecture_35.tex - up to date (source not modified since last conversion)

Checking lecture_36.tex with title "Lecture 36"...
Skipping /Users/jayshitre/Projects/dfs/BookWebsite2/BookWebsite/chapters/lecture_36.tex - up to date (source not modified since last conversion)

Checking lecture_37.tex with title "Lecture 37"...
Skipping /Users/jayshitre/Projects/dfs/BookWebsite2/BookWebsite/chapters/lecture_37.tex - up to date (source not modified since last conversion)

Checking lecture_38.tex with title "Lecture 38"...
Skipping /Users/jayshitre/Projects/dfs/BookWebsite2/BookWebsite/chapters/lecture_38.tex - up to date (source not modified since last conversion)

Checking lecture_39.tex with title "Lecture 39"...
Skipping /Users/jayshitre/Projects/dfs/BookWebsite2/BookWebsite/chapters/lecture_39.tex - up to date (source not modified since last conversion)

Checking lecture_4.tex with title "Lecture 4"...
Skipping /Users/jayshitre/Projects/dfs/BookWebsite2/BookWebsite/chapters/lecture_4.tex - up to date (source not modified since last conversion)

Checking lecture_40.tex with title "Lecture 40"...
Skipping /Users/jayshitre/Projects/dfs/BookWebsite2/BookWebsite/chapters/lecture_40.tex - up to date (source not modified since last conversion)

Checking lecture_41.tex with title "Lecture 41"...
Skipping /Users/jayshitre/Projects/dfs/BookWebsite2/BookWebsite/chapters/lecture_41.tex - up to date (source not modified since last conversion)

Checking lecture_42.tex with title "Lecture 42"...
Skipping /Users/jayshitre/Projects/dfs/BookWebsite2/BookWebsite/chapters/lecture_42.tex - up to date (source not modified since last conversion)

Checking lecture_43.tex with title "Lecture 43"...
Skipping /Users/jayshitre/Projects/dfs/BookWebsite2/BookWebsite/chapters/lecture_43.tex - up to date (source not modified since last conversion)

Checking lecture_44.tex with title "Lecture 44"...
Skipping /Users/jayshitre/Projects/dfs/BookWebsite2/BookWebsite/chapters/lecture_44.tex - up to date (source not modified since last conversion)

Checking lecture_45.tex with title "Lecture 45"...
Skipping /Users/jayshitre/Projects/dfs/BookWebsite2/BookWebsite/chapters/lecture_45.tex - up to date (source not modified since last conversion)

Checking lecture_46.tex with title "Lecture 46"...
Skipping /Users/jayshitre/Projects/dfs/BookWebsite2/BookWebsite/chapters/lecture_46.tex - up to date (source not modified since last conversion)

Checking lecture_47.tex with title "Lecture 47"...
Skipping /Users/jayshitre/Projects/dfs/BookWebsite2/BookWebsite/chapters/lecture_47.tex - up to date (source not modified since last conversion)

Checking lecture_48.tex with title "Lecture 48"...
Skipping /Users/jayshitre/Projects/dfs/BookWebsite2/BookWebsite/chapters/lecture_48.tex - up to date (source not modified since last conversion)

Checking lecture_49.tex with title "Lecture 49"...
Skipping /Users/jayshitre/Projects/dfs/BookWebsite2/BookWebsite/chapters/lecture_49.tex - up to date (source not modified since last conversion)

Checking lecture_5.tex with title "Lecture 5"...
Skipping /Users/jayshitre/Projects/dfs/BookWebsite2/BookWebsite/chapters/lecture_5.tex - up to date (source not modified since last conversion)

Checking lecture_50.tex with title "Lecture 50"...
Skipping /Users/jayshitre/Projects/dfs/BookWebsite2/BookWebsite/chapters/lecture_50.tex - up to date (source not modified since last conversion)

Checking lecture_51.tex with title "Lecture 51"...
Skipping /Users/jayshitre/Projects/dfs/BookWebsite2/BookWebsite/chapters/lecture_51.tex - up to date (source not modified since last conversion)

Checking lecture_52.tex with title "Lecture 52"...
Skipping /Users/jayshitre/Projects/dfs/BookWebsite2/BookWebsite/chapters/lecture_52.tex - up to date (source not modified since last conversion)

Checking lecture_53.tex with title "Lecture 53"...
Skipping /Users/jayshitre/Projects/dfs/BookWebsite2/BookWebsite/chapters/lecture_53.tex - up to date (source not modified since last conversion)

Checking lecture_54.tex with title "Lecture 54"...
Skipping /Users/jayshitre/Projects/dfs/BookWebsite2/BookWebsite/chapters/lecture_54.tex - up to date (source not modified since last conversion)

Checking lecture_55.tex with title "Lecture 55"...
Skipping /Users/jayshitre/Projects/dfs/BookWebsite2/BookWebsite/chapters/lecture_55.tex - up to date (source not modified since last conversion)

Checking lecture_56.tex with title "Lecture 56"...
Skipping /Users/jayshitre/Projects/dfs/BookWebsite2/BookWebsite/chapters/lecture_56.tex - up to date (source not modified since last conversion)

Checking lecture_57.tex with title "Lecture 57"...
Skipping /Users/jayshitre/Projects/dfs/BookWebsite2/BookWebsite/chapters/lecture_57.tex - up to date (source not modified since last conversion)

Checking lecture_58.tex with title "Lecture 58"...
Skipping /Users/jayshitre/Projects/dfs/BookWebsite2/BookWebsite/chapters/lecture_58.tex - up to date (source not modified since last conversion)

Checking lecture_59.tex with title "Lecture 59"...
Skipping /Users/jayshitre/Projects/dfs/BookWebsite2/BookWebsite/chapters/lecture_59.tex - up to date (source not modified since last conversion)

Checking lecture_6.tex with title "Lecture 6"...
Skipping /Users/jayshitre/Projects/dfs/BookWebsite2/BookWebsite/chapters/lecture_6.tex - up to date (source not modified since last conversion)

Checking lecture_60.tex with title "Lecture 60"...
Skipping /Users/jayshitre/Projects/dfs/BookWebsite2/BookWebsite/chapters/lecture_60.tex - up to date (source not modified since last conversion)

Checking lecture_7.tex with title "Lecture 7"...
Skipping /Users/jayshitre/Projects/dfs/BookWebsite2/BookWebsite/chapters/lecture_7.tex - up to date (source not modified since last conversion)

Checking lecture_8.tex with title "Lecture 8"...
Skipping /Users/jayshitre/Projects/dfs/BookWebsite2/BookWebsite/chapters/lecture_8.tex - up to date (source not modified since last conversion)

Checking lecture_9.tex with title "Lecture 9"...
Skipping /Users/jayshitre/Projects/dfs/BookWebsite2/BookWebsite/chapters/lecture_9.tex - up to date (source not modified since last conversion)

Checking lecture_CMU_2023_3.tex with title "Lecture CMU 2023 3"...
Skipping /Users/jayshitre/Projects/dfs/BookWebsite2/BookWebsite/chapters/lecture_CMU_2023_3.tex - up to date (source not modified since last conversion)

Checking lecture_appendix_1.tex with title "Lecture Appendix 1"...
Skipping /Users/jayshitre/Projects/dfs/BookWebsite2/BookWebsite/chapters/lecture_appendix_1.tex - up to date (source not modified since last conversion)

Checking lecture_notes.tex with title "Lecture Notes"...
Skipping /Users/jayshitre/Projects/dfs/BookWebsite2/BookWebsite/chapters/lecture_notes.tex - up to date (source not modified since last conversion)

Checking level_set_method.tex with title "Level Set Method"...
Skipping /Users/jayshitre/Projects/dfs/BookWebsite2/BookWebsite/chapters/level_set_method.tex - up to date (source not modified since last conversion)

Checking lie_group_and_lie_algebra.tex with title "Lie Group And Lie Algebra"...
Skipping /Users/jayshitre/Projects/dfs/BookWebsite2/BookWebsite/chapters/lie_group_and_lie_algebra.tex - up to date (source not modified since last conversion)

Checking lie_transformers.tex with title "Lie Transformers"...
Skipping /Users/jayshitre/Projects/dfs/BookWebsite2/BookWebsite/chapters/lie_transformers.tex - up to date (source not modified since last conversion)

Checking linear_analytical.tex with title "Linear Analytical"...
Skipping /Users/jayshitre/Projects/dfs/BookWebsite2/BookWebsite/chapters/linear_analytical.tex - up to date (source not modified since last conversion)

Checking linear_least_squares.tex with title "Linear Least Squares"...
Converting new chapter: /Users/jayshitre/Projects/dfs/BookWebsite2/BookWebsite/chapters/linear_least_squares.tex
Converting /Users/jayshitre/Projects/dfs/BookWebsite2/BookWebsite/chapters/linear_least_squares.tex to MDX...
Updating routes...

        Successfully processed chapter:
        - Converted new /Users/jayshitre/Projects/dfs/BookWebsite2/BookWebsite/chapters/linear_least_squares.tex to MDX
        - Placed in /Users/jayshitre/Projects/dfs/BookWebsite2/BookWebsite/contents/docs/chapters/linear_least_squares/index.mdx
        - Updated routes with title: "Linear Least Squares" and href: "/linear_least_squares"
    

Checking linear_least_squares_cont.tex with title "Linear Least Squares Cont"...
Converting new chapter: /Users/jayshitre/Projects/dfs/BookWebsite2/BookWebsite/chapters/linear_least_squares_cont.tex
Converting /Users/jayshitre/Projects/dfs/BookWebsite2/BookWebsite/chapters/linear_least_squares_cont.tex to MDX...
Updating routes...

        Successfully processed chapter:
        - Converted new /Users/jayshitre/Projects/dfs/BookWebsite2/BookWebsite/chapters/linear_least_squares_cont.tex to MDX
        - Placed in /Users/jayshitre/Projects/dfs/BookWebsite2/BookWebsite/contents/docs/chapters/linear_least_squares_cont/index.mdx
        - Updated routes with title: "Linear Least Squares Cont" and href: "/linear_least_squares_cont"
    

Checking linear_systems.tex with title "Linear Systems"...
Skipping /Users/jayshitre/Projects/dfs/BookWebsite2/BookWebsite/chapters/linear_systems.tex - up to date (source not modified since last conversion)

Checking liquids.tex with title "Liquids"...
Converting new chapter: /Users/jayshitre/Projects/dfs/BookWebsite2/BookWebsite/chapters/liquids.tex
Converting /Users/jayshitre/Projects/dfs/BookWebsite2/BookWebsite/chapters/liquids.tex to MDX...
Updating routes...

        Successfully processed chapter:
        - Converted new /Users/jayshitre/Projects/dfs/BookWebsite2/BookWebsite/chapters/liquids.tex to MDX
        - Placed in /Users/jayshitre/Projects/dfs/BookWebsite2/BookWebsite/contents/docs/chapters/liquids/index.mdx
        - Updated routes with title: "Liquids" and href: "/liquids"
    

Checking long_range_atomic.tex with title "Long Range Atomic"...
Skipping /Users/jayshitre/Projects/dfs/BookWebsite2/BookWebsite/chapters/long_range_atomic.tex - up to date (source not modified since last conversion)

Checking lorentz_equivariant_networks.tex with title "Lorentz Equivariant Networks"...
Skipping /Users/jayshitre/Projects/dfs/BookWebsite2/BookWebsite/chapters/lorentz_equivariant_networks.tex - up to date (source not modified since last conversion)

Checking lorentz_group.tex with title "Lorentz Group"...
Skipping /Users/jayshitre/Projects/dfs/BookWebsite2/BookWebsite/chapters/lorentz_group.tex - up to date (source not modified since last conversion)

Checking lu_factorization.tex with title "Lu Factorization"...
Skipping /Users/jayshitre/Projects/dfs/BookWebsite2/BookWebsite/chapters/lu_factorization.tex - up to date (source not modified since last conversion)

Checking mace.tex with title "Mace"...
Skipping /Users/jayshitre/Projects/dfs/BookWebsite2/BookWebsite/chapters/mace.tex - up to date (source not modified since last conversion)

Checking machine_learning_for_fluids.tex with title "Machine Learning For Fluids"...
Converting new chapter: /Users/jayshitre/Projects/dfs/BookWebsite2/BookWebsite/chapters/machine_learning_for_fluids.tex
Converting /Users/jayshitre/Projects/dfs/BookWebsite2/BookWebsite/chapters/machine_learning_for_fluids.tex to MDX...
Updating routes...

        Successfully processed chapter:
        - Converted new /Users/jayshitre/Projects/dfs/BookWebsite2/BookWebsite/chapters/machine_learning_for_fluids.tex to MDX
        - Placed in /Users/jayshitre/Projects/dfs/BookWebsite2/BookWebsite/contents/docs/chapters/machine_learning_for_fluids/index.mdx
        - Updated routes with title: "Machine Learning For Fluids" and href: "/machine_learning_for_fluids"
    

Checking main_backup.tex with title "Main Backup"...
Skipping /Users/jayshitre/Projects/dfs/BookWebsite2/BookWebsite/chapters/main_backup.tex - up to date (source not modified since last conversion)

Checking manifolds.tex with title "Manifolds"...
Converting new chapter: /Users/jayshitre/Projects/dfs/BookWebsite2/BookWebsite/chapters/manifolds.tex
Converting /Users/jayshitre/Projects/dfs/BookWebsite2/BookWebsite/chapters/manifolds.tex to MDX...
Updating routes...

        Successfully processed chapter:
        - Converted new /Users/jayshitre/Projects/dfs/BookWebsite2/BookWebsite/chapters/manifolds.tex to MDX
        - Placed in /Users/jayshitre/Projects/dfs/BookWebsite2/BookWebsite/contents/docs/chapters/manifolds/index.mdx
        - Updated routes with title: "Manifolds" and href: "/manifolds"
    

Checking math_basics.tex with title "Math Basics"...
Skipping /Users/jayshitre/Projects/dfs/BookWebsite2/BookWebsite/chapters/math_basics.tex - up to date (source not modified since last conversion)

Checking mathematical_transforms.tex with title "Mathematical Transforms"...
Converting new chapter: /Users/jayshitre/Projects/dfs/BookWebsite2/BookWebsite/chapters/mathematical_transforms.tex
Converting /Users/jayshitre/Projects/dfs/BookWebsite2/BookWebsite/chapters/mathematical_transforms.tex to MDX...
Updating routes...

        Successfully processed chapter:
        - Converted new /Users/jayshitre/Projects/dfs/BookWebsite2/BookWebsite/chapters/mathematical_transforms.tex to MDX
        - Placed in /Users/jayshitre/Projects/dfs/BookWebsite2/BookWebsite/contents/docs/chapters/mathematical_transforms/index.mdx
        - Updated routes with title: "Mathematical Transforms" and href: "/mathematical_transforms"
    

Checking matrix_calculus.tex with title "Matrix Calculus"...
Skipping /Users/jayshitre/Projects/dfs/BookWebsite2/BookWebsite/chapters/matrix_calculus.tex - up to date (source not modified since last conversion)

Checking maxwells_equations.tex with title "Maxwells Equations"...
Skipping /Users/jayshitre/Projects/dfs/BookWebsite2/BookWebsite/chapters/maxwells_equations.tex - up to date (source not modified since last conversion)

Checking mesh_free.tex with title "Mesh Free"...
Skipping /Users/jayshitre/Projects/dfs/BookWebsite2/BookWebsite/chapters/mesh_free.tex - up to date (source not modified since last conversion)

Checking meta_vqe.tex with title "Meta Vqe"...
Skipping /Users/jayshitre/Projects/dfs/BookWebsite2/BookWebsite/chapters/meta_vqe.tex - up to date (source not modified since last conversion)

Checking method_of_images.tex with title "Method Of Images"...
Skipping /Users/jayshitre/Projects/dfs/BookWebsite2/BookWebsite/chapters/method_of_images.tex - up to date (source not modified since last conversion)

Checking molecular_dynamics.tex with title "Molecular Dynamics"...
Skipping /Users/jayshitre/Projects/dfs/BookWebsite2/BookWebsite/chapters/molecular_dynamics.tex - up to date (source not modified since last conversion)

Checking molecular_graph_convs.tex with title "Molecular Graph Convs"...
Skipping /Users/jayshitre/Projects/dfs/BookWebsite2/BookWebsite/chapters/molecular_graph_convs.tex - up to date (source not modified since last conversion)

Checking molecular_hamiltonian.tex with title "Molecular Hamiltonian"...
Skipping /Users/jayshitre/Projects/dfs/BookWebsite2/BookWebsite/chapters/molecular_hamiltonian.tex - up to date (source not modified since last conversion)

Checking monte_carlo.tex with title "Monte Carlo"...
Skipping /Users/jayshitre/Projects/dfs/BookWebsite2/BookWebsite/chapters/monte_carlo.tex - up to date (source not modified since last conversion)

Checking mpnn.tex with title "Mpnn"...
Skipping /Users/jayshitre/Projects/dfs/BookWebsite2/BookWebsite/chapters/mpnn.tex - up to date (source not modified since last conversion)

Checking multidimensional_optimization.tex with title "Multidimensional Optimization"...
Skipping /Users/jayshitre/Projects/dfs/BookWebsite2/BookWebsite/chapters/multidimensional_optimization.tex - up to date (source not modified since last conversion)

Checking multilayer_perceptrons.tex with title "Multilayer Perceptrons"...
Skipping /Users/jayshitre/Projects/dfs/BookWebsite2/BookWebsite/chapters/multilayer_perceptrons.tex - up to date (source not modified since last conversion)

Checking n_body.tex with title "N Body"...
Skipping /Users/jayshitre/Projects/dfs/BookWebsite2/BookWebsite/chapters/n_body.tex - up to date (source not modified since last conversion)

Checking natural_message_passing.tex with title "Natural Message Passing"...
Skipping /Users/jayshitre/Projects/dfs/BookWebsite2/BookWebsite/chapters/natural_message_passing.tex - up to date (source not modified since last conversion)

Checking nerf.tex with title "Nerf"...
Skipping /Users/jayshitre/Projects/dfs/BookWebsite2/BookWebsite/chapters/nerf.tex - up to date (source not modified since last conversion)

Checking neural_cde.tex with title "Neural Cde"...
Skipping /Users/jayshitre/Projects/dfs/BookWebsite2/BookWebsite/chapters/neural_cde.tex - up to date (source not modified since last conversion)

Checking neural_equivariant_potentials.tex with title "Neural Equivariant Potentials"...
Skipping /Users/jayshitre/Projects/dfs/BookWebsite2/BookWebsite/chapters/neural_equivariant_potentials.tex - up to date (source not modified since last conversion)

Checking neural_model_recovery.tex with title "Neural Model Recovery"...
Skipping /Users/jayshitre/Projects/dfs/BookWebsite2/BookWebsite/chapters/neural_model_recovery.tex - up to date (source not modified since last conversion)

Checking neural_ode.tex with title "Neural Ode"...
Skipping /Users/jayshitre/Projects/dfs/BookWebsite2/BookWebsite/chapters/neural_ode.tex - up to date (source not modified since last conversion)

Checking neural_operators.tex with title "Neural Operators"...
Skipping /Users/jayshitre/Projects/dfs/BookWebsite2/BookWebsite/chapters/neural_operators.tex - up to date (source not modified since last conversion)

Checking neural_quantum_fields.tex with title "Neural Quantum Fields"...
Skipping /Users/jayshitre/Projects/dfs/BookWebsite2/BookWebsite/chapters/neural_quantum_fields.tex - up to date (source not modified since last conversion)

Checking neural_spde.tex with title "Neural Spde"...
Skipping /Users/jayshitre/Projects/dfs/BookWebsite2/BookWebsite/chapters/neural_spde.tex - up to date (source not modified since last conversion)

Checking neural_tangent_kernel.tex with title "Neural Tangent Kernel"...
Skipping /Users/jayshitre/Projects/dfs/BookWebsite2/BookWebsite/chapters/neural_tangent_kernel.tex - up to date (source not modified since last conversion)

Checking newton_raphson.tex with title "Newton Raphson"...
Skipping /Users/jayshitre/Projects/dfs/BookWebsite2/BookWebsite/chapters/newton_raphson.tex - up to date (source not modified since last conversion)

Checking newtons_laws.tex with title "Newtons Laws"...
Skipping /Users/jayshitre/Projects/dfs/BookWebsite2/BookWebsite/chapters/newtons_laws.tex - up to date (source not modified since last conversion)

Checking noether_networks.tex with title "Noether Networks"...
Skipping /Users/jayshitre/Projects/dfs/BookWebsite2/BookWebsite/chapters/noether_networks.tex - up to date (source not modified since last conversion)

Checking non_interacting_systems.tex with title "Non Interacting Systems"...
Skipping /Users/jayshitre/Projects/dfs/BookWebsite2/BookWebsite/chapters/non_interacting_systems.tex - up to date (source not modified since last conversion)

Checking nonlinear_systems.tex with title "Nonlinear Systems"...
Skipping /Users/jayshitre/Projects/dfs/BookWebsite2/BookWebsite/chapters/nonlinear_systems.tex - up to date (source not modified since last conversion)

Checking normalizing_flows.tex with title "Normalizing Flows"...
Skipping /Users/jayshitre/Projects/dfs/BookWebsite2/BookWebsite/chapters/normalizing_flows.tex - up to date (source not modified since last conversion)

Checking numerical_integration.tex with title "Numerical Integration"...
Converting new chapter: /Users/jayshitre/Projects/dfs/BookWebsite2/BookWebsite/chapters/numerical_integration.tex
Converting /Users/jayshitre/Projects/dfs/BookWebsite2/BookWebsite/chapters/numerical_integration.tex to MDX...
Updating routes...

        Successfully processed chapter:
        - Converted new /Users/jayshitre/Projects/dfs/BookWebsite2/BookWebsite/chapters/numerical_integration.tex to MDX
        - Placed in /Users/jayshitre/Projects/dfs/BookWebsite2/BookWebsite/contents/docs/chapters/numerical_integration/index.mdx
        - Updated routes with title: "Numerical Integration" and href: "/numerical_integration"
    

Checking numerical_odes.tex with title "Numerical Odes"...
Skipping /Users/jayshitre/Projects/dfs/BookWebsite2/BookWebsite/chapters/numerical_odes.tex - up to date (source not modified since last conversion)

Checking numerical_partial_differential_equations.tex with title "Numerical Partial Differential Equations"...
Skipping /Users/jayshitre/Projects/dfs/BookWebsite2/BookWebsite/chapters/numerical_partial_differential_equations.tex - up to date (source not modified since last conversion)

Checking numerical_relativity.tex with title "Numerical Relativity"...
Skipping /Users/jayshitre/Projects/dfs/BookWebsite2/BookWebsite/chapters/numerical_relativity.tex - up to date (source not modified since last conversion)

Checking ode_systems.tex with title "Ode Systems"...
Skipping /Users/jayshitre/Projects/dfs/BookWebsite2/BookWebsite/chapters/ode_systems.tex - up to date (source not modified since last conversion)

Checking openkim_colabfit.tex with title "Openkim Colabfit"...
Skipping /Users/jayshitre/Projects/dfs/BookWebsite2/BookWebsite/chapters/openkim_colabfit.tex - up to date (source not modified since last conversion)

Checking operational_and_denotational_semantics.tex with title "Operational And Denotational Semantics"...
Skipping /Users/jayshitre/Projects/dfs/BookWebsite2/BookWebsite/chapters/operational_and_denotational_semantics.tex - up to date (source not modified since last conversion)

Checking optics.tex with title "Optics"...
Skipping /Users/jayshitre/Projects/dfs/BookWebsite2/BookWebsite/chapters/optics.tex - up to date (source not modified since last conversion)

Checking optimization.tex with title "Optimization"...
Skipping /Users/jayshitre/Projects/dfs/BookWebsite2/BookWebsite/chapters/optimization.tex - up to date (source not modified since last conversion)

Checking ordinary_differential_equations.tex with title "Ordinary Differential Equations"...
Skipping /Users/jayshitre/Projects/dfs/BookWebsite2/BookWebsite/chapters/ordinary_differential_equations.tex - up to date (source not modified since last conversion)

Checking parabolic_interpolation.tex with title "Parabolic Interpolation"...
Skipping /Users/jayshitre/Projects/dfs/BookWebsite2/BookWebsite/chapters/parabolic_interpolation.tex - up to date (source not modified since last conversion)

Checking part2b.tex with title "Part2b"...
Skipping /Users/jayshitre/Projects/dfs/BookWebsite2/BookWebsite/chapters/part2b.tex - up to date (source not modified since last conversion)

Checking part3.tex with title "Part3"...
Skipping /Users/jayshitre/Projects/dfs/BookWebsite2/BookWebsite/chapters/part3.tex - up to date (source not modified since last conversion)

Checking part4.tex with title "Part4"...
Skipping /Users/jayshitre/Projects/dfs/BookWebsite2/BookWebsite/chapters/part4.tex - up to date (source not modified since last conversion)

Checking part5.tex with title "Part5"...
Skipping /Users/jayshitre/Projects/dfs/BookWebsite2/BookWebsite/chapters/part5.tex - up to date (source not modified since last conversion)

Checking part_diffphys.tex with title "Part Diffphys"...
Skipping /Users/jayshitre/Projects/dfs/BookWebsite2/BookWebsite/chapters/part_diffphys.tex - up to date (source not modified since last conversion)

Checking part_diffphys_PINNs.tex with title "Part Diffphys PINNs"...
Skipping /Users/jayshitre/Projects/dfs/BookWebsite2/BookWebsite/chapters/part_diffphys_PINNs.tex - up to date (source not modified since last conversion)

Checking part_diffphys_conclusion.tex with title "Part Diffphys Conclusion"...
Skipping /Users/jayshitre/Projects/dfs/BookWebsite2/BookWebsite/chapters/part_diffphys_conclusion.tex - up to date (source not modified since last conversion)

Checking part_diffphys_cosmology_ml.tex with title "Part Diffphys Cosmology Ml"...
Skipping /Users/jayshitre/Projects/dfs/BookWebsite2/BookWebsite/chapters/part_diffphys_cosmology_ml.tex - up to date (source not modified since last conversion)

Checking part_diffphys_deep_quantum.tex with title "Part Diffphys Deep Quantum"...
Skipping /Users/jayshitre/Projects/dfs/BookWebsite2/BookWebsite/chapters/part_diffphys_deep_quantum.tex - up to date (source not modified since last conversion)

Checking part_diffphys_electromagnetism_ml.tex with title "Part Diffphys Electromagnetism Ml"...
Skipping /Users/jayshitre/Projects/dfs/BookWebsite2/BookWebsite/chapters/part_diffphys_electromagnetism_ml.tex - up to date (source not modified since last conversion)

Checking part_diffphys_fluid_ml.tex with title "Part Diffphys Fluid Ml"...
Skipping /Users/jayshitre/Projects/dfs/BookWebsite2/BookWebsite/chapters/part_diffphys_fluid_ml.tex - up to date (source not modified since last conversion)

Checking part_diffphys_gr_ml.tex with title "Part Diffphys Gr Ml"...
Skipping /Users/jayshitre/Projects/dfs/BookWebsite2/BookWebsite/chapters/part_diffphys_gr_ml.tex - up to date (source not modified since last conversion)

Checking part_diffphys_hep_ml.tex with title "Part Diffphys Hep Ml"...
Skipping /Users/jayshitre/Projects/dfs/BookWebsite2/BookWebsite/chapters/part_diffphys_hep_ml.tex - up to date (source not modified since last conversion)

Checking part_diffphys_materials_ml.tex with title "Part Diffphys Materials Ml"...
Skipping /Users/jayshitre/Projects/dfs/BookWebsite2/BookWebsite/chapters/part_diffphys_materials_ml.tex - up to date (source not modified since last conversion)

Checking part_diffphys_mechanics_ml.tex with title "Part Diffphys Mechanics Ml"...
Skipping /Users/jayshitre/Projects/dfs/BookWebsite2/BookWebsite/chapters/part_diffphys_mechanics_ml.tex - up to date (source not modified since last conversion)

Checking part_diffphys_meshes_and_shapes.tex with title "Part Diffphys Meshes And Shapes"...
Skipping /Users/jayshitre/Projects/dfs/BookWebsite2/BookWebsite/chapters/part_diffphys_meshes_and_shapes.tex - up to date (source not modified since last conversion)

Checking part_diffphys_molecular_ml.tex with title "Part Diffphys Molecular Ml"...
Skipping /Users/jayshitre/Projects/dfs/BookWebsite2/BookWebsite/chapters/part_diffphys_molecular_ml.tex - up to date (source not modified since last conversion)

Checking part_diffphys_neural_diff_eq.tex with title "Part Diffphys Neural Diff Eq"...
Skipping /Users/jayshitre/Projects/dfs/BookWebsite2/BookWebsite/chapters/part_diffphys_neural_diff_eq.tex - up to date (source not modified since last conversion)

Checking part_diffphys_neural_potential.tex with title "Part Diffphys Neural Potential"...
Skipping /Users/jayshitre/Projects/dfs/BookWebsite2/BookWebsite/chapters/part_diffphys_neural_potential.tex - up to date (source not modified since last conversion)

Checking part_diffphys_qft_ml.tex with title "Part Diffphys Qft Ml"...
Skipping /Users/jayshitre/Projects/dfs/BookWebsite2/BookWebsite/chapters/part_diffphys_qft_ml.tex - up to date (source not modified since last conversion)

Checking part_diffphys_quantum_computing_ml.tex with title "Part Diffphys Quantum Computing Ml"...
Skipping /Users/jayshitre/Projects/dfs/BookWebsite2/BookWebsite/chapters/part_diffphys_quantum_computing_ml.tex - up to date (source not modified since last conversion)

Checking part_diffphys_statmech_ml.tex with title "Part Diffphys Statmech Ml"...
Skipping /Users/jayshitre/Projects/dfs/BookWebsite2/BookWebsite/chapters/part_diffphys_statmech_ml.tex - up to date (source not modified since last conversion)

Checking part_physics.tex with title "Part Physics"...
Skipping /Users/jayshitre/Projects/dfs/BookWebsite2/BookWebsite/chapters/part_physics.tex - up to date (source not modified since last conversion)

Checking part_physics_condensed_matter.tex with title "Part Physics Condensed Matter"...
Skipping /Users/jayshitre/Projects/dfs/BookWebsite2/BookWebsite/chapters/part_physics_condensed_matter.tex - up to date (source not modified since last conversion)

Checking part_physics_electromagnetism.tex with title "Part Physics Electromagnetism"...
Skipping /Users/jayshitre/Projects/dfs/BookWebsite2/BookWebsite/chapters/part_physics_electromagnetism.tex - up to date (source not modified since last conversion)

Checking part_physics_fluids.tex with title "Part Physics Fluids"...
Skipping /Users/jayshitre/Projects/dfs/BookWebsite2/BookWebsite/chapters/part_physics_fluids.tex - up to date (source not modified since last conversion)

Checking part_physics_general_relativity.tex with title "Part Physics General Relativity"...
Skipping /Users/jayshitre/Projects/dfs/BookWebsite2/BookWebsite/chapters/part_physics_general_relativity.tex - up to date (source not modified since last conversion)

Checking part_physics_mechanics.tex with title "Part Physics Mechanics"...
Skipping /Users/jayshitre/Projects/dfs/BookWebsite2/BookWebsite/chapters/part_physics_mechanics.tex - up to date (source not modified since last conversion)

Checking part_physics_qft.tex with title "Part Physics Qft"...
Skipping /Users/jayshitre/Projects/dfs/BookWebsite2/BookWebsite/chapters/part_physics_qft.tex - up to date (source not modified since last conversion)

Checking part_physics_quantum.tex with title "Part Physics Quantum"...
Skipping /Users/jayshitre/Projects/dfs/BookWebsite2/BookWebsite/chapters/part_physics_quantum.tex - up to date (source not modified since last conversion)

Checking part_physics_quantum_chemistry.tex with title "Part Physics Quantum Chemistry"...
Skipping /Users/jayshitre/Projects/dfs/BookWebsite2/BookWebsite/chapters/part_physics_quantum_chemistry.tex - up to date (source not modified since last conversion)

Checking part_physics_quantum_computing.tex with title "Part Physics Quantum Computing"...
Skipping /Users/jayshitre/Projects/dfs/BookWebsite2/BookWebsite/chapters/part_physics_quantum_computing.tex - up to date (source not modified since last conversion)

Checking part_physics_statmech.tex with title "Part Physics Statmech"...
Skipping /Users/jayshitre/Projects/dfs/BookWebsite2/BookWebsite/chapters/part_physics_statmech.tex - up to date (source not modified since last conversion)

Checking part_prog.tex with title "Part Prog"...
Skipping /Users/jayshitre/Projects/dfs/BookWebsite2/BookWebsite/chapters/part_prog.tex - up to date (source not modified since last conversion)

Checking part_prog_DifferentiableModels.tex with title "Part Prog DifferentiableModels"...
Skipping /Users/jayshitre/Projects/dfs/BookWebsite2/BookWebsite/chapters/part_prog_DifferentiableModels.tex - up to date (source not modified since last conversion)

Checking part_prog_NumericalMethods.tex with title "Part Prog NumericalMethods"...
Skipping /Users/jayshitre/Projects/dfs/BookWebsite2/BookWebsite/chapters/part_prog_NumericalMethods.tex - up to date (source not modified since last conversion)

Checking part_prog_ProgrammingLanguages.tex with title "Part Prog ProgrammingLanguages"...
Skipping /Users/jayshitre/Projects/dfs/BookWebsite2/BookWebsite/chapters/part_prog_ProgrammingLanguages.tex - up to date (source not modified since last conversion)

Checking partial_differential_equations.tex with title "Partial Differential Equations"...
Skipping /Users/jayshitre/Projects/dfs/BookWebsite2/BookWebsite/chapters/partial_differential_equations.tex - up to date (source not modified since last conversion)

Checking path_integral_free_particle.tex with title "Path Integral Free Particle"...
Skipping /Users/jayshitre/Projects/dfs/BookWebsite2/BookWebsite/chapters/path_integral_free_particle.tex - up to date (source not modified since last conversion)

Checking path_integral_oscillator.tex with title "Path Integral Oscillator"...
Skipping /Users/jayshitre/Projects/dfs/BookWebsite2/BookWebsite/chapters/path_integral_oscillator.tex - up to date (source not modified since last conversion)

Checking path_integrals.tex with title "Path Integrals"...
Skipping /Users/jayshitre/Projects/dfs/BookWebsite2/BookWebsite/chapters/path_integrals.tex - up to date (source not modified since last conversion)

Checking path_integrals_2.tex with title "Path Integrals 2"...
Skipping /Users/jayshitre/Projects/dfs/BookWebsite2/BookWebsite/chapters/path_integrals_2.tex - up to date (source not modified since last conversion)

Checking pde_gnn.tex with title "Pde Gnn"...
Skipping /Users/jayshitre/Projects/dfs/BookWebsite2/BookWebsite/chapters/pde_gnn.tex - up to date (source not modified since last conversion)

Checking perturbation_theory.tex with title "Perturbation Theory"...
Skipping /Users/jayshitre/Projects/dfs/BookWebsite2/BookWebsite/chapters/perturbation_theory.tex - up to date (source not modified since last conversion)

Checking perturbative_correlation.tex with title "Perturbative Correlation"...
Skipping /Users/jayshitre/Projects/dfs/BookWebsite2/BookWebsite/chapters/perturbative_correlation.tex - up to date (source not modified since last conversion)

Checking phase_equilibrium.tex with title "Phase Equilibrium"...
Converting new chapter: /Users/jayshitre/Projects/dfs/BookWebsite2/BookWebsite/chapters/phase_equilibrium.tex
Converting /Users/jayshitre/Projects/dfs/BookWebsite2/BookWebsite/chapters/phase_equilibrium.tex to MDX...
Updating routes...

        Successfully processed chapter:
        - Converted new /Users/jayshitre/Projects/dfs/BookWebsite2/BookWebsite/chapters/phase_equilibrium.tex to MDX
        - Placed in /Users/jayshitre/Projects/dfs/BookWebsite2/BookWebsite/contents/docs/chapters/phase_equilibrium/index.mdx
        - Updated routes with title: "Phase Equilibrium" and href: "/phase_equilibrium"
    

Checking phase_field.tex with title "Phase Field"...
Skipping /Users/jayshitre/Projects/dfs/BookWebsite2/BookWebsite/chapters/phase_field.tex - up to date (source not modified since last conversion)

Checking phase_field_methods.tex with title "Phase Field Methods"...
Skipping /Users/jayshitre/Projects/dfs/BookWebsite2/BookWebsite/chapters/phase_field_methods.tex - up to date (source not modified since last conversion)

Checking phase_transitions_neural_networks.tex with title "Phase Transitions Neural Networks"...
Skipping /Users/jayshitre/Projects/dfs/BookWebsite2/BookWebsite/chapters/phase_transitions_neural_networks.tex - up to date (source not modified since last conversion)

Checking phonon_density_prediction.tex with title "Phonon Density Prediction"...
Skipping /Users/jayshitre/Projects/dfs/BookWebsite2/BookWebsite/chapters/phonon_density_prediction.tex - up to date (source not modified since last conversion)

Checking phonon_gas.tex with title "Phonon Gas"...
Skipping /Users/jayshitre/Projects/dfs/BookWebsite2/BookWebsite/chapters/phonon_gas.tex - up to date (source not modified since last conversion)

Checking photon_gas.tex with title "Photon Gas"...
Skipping /Users/jayshitre/Projects/dfs/BookWebsite2/BookWebsite/chapters/photon_gas.tex - up to date (source not modified since last conversion)

Checking photosynthesis.tex with title "Photosynthesis"...
Converting new chapter: /Users/jayshitre/Projects/dfs/BookWebsite2/BookWebsite/chapters/photosynthesis.tex
Converting /Users/jayshitre/Projects/dfs/BookWebsite2/BookWebsite/chapters/photosynthesis.tex to MDX...
Updating routes...

        Successfully processed chapter:
        - Converted new /Users/jayshitre/Projects/dfs/BookWebsite2/BookWebsite/chapters/photosynthesis.tex to MDX
        - Placed in /Users/jayshitre/Projects/dfs/BookWebsite2/BookWebsite/contents/docs/chapters/photosynthesis/index.mdx
        - Updated routes with title: "Photosynthesis" and href: "/photosynthesis"
    

Checking physics_guided_loss_functions.tex with title "Physics Guided Loss Functions"...
Skipping /Users/jayshitre/Projects/dfs/BookWebsite2/BookWebsite/chapters/physics_guided_loss_functions.tex - up to date (source not modified since last conversion)

Checking physika_primer.tex with title "Physika Primer"...
Skipping /Users/jayshitre/Projects/dfs/BookWebsite2/BookWebsite/chapters/physika_primer.tex - up to date (source not modified since last conversion)

Checking pinns_blowup.tex with title "Pinns Blowup"...
Skipping /Users/jayshitre/Projects/dfs/BookWebsite2/BookWebsite/chapters/pinns_blowup.tex - up to date (source not modified since last conversion)

Checking pinns_failures.tex with title "Pinns Failures"...
Skipping /Users/jayshitre/Projects/dfs/BookWebsite2/BookWebsite/chapters/pinns_failures.tex - up to date (source not modified since last conversion)

Checking pinns_maxwell.tex with title "Pinns Maxwell"...
Skipping /Users/jayshitre/Projects/dfs/BookWebsite2/BookWebsite/chapters/pinns_maxwell.tex - up to date (source not modified since last conversion)

Checking polymers.tex with title "Polymers"...
Converting new chapter: /Users/jayshitre/Projects/dfs/BookWebsite2/BookWebsite/chapters/polymers.tex
Converting /Users/jayshitre/Projects/dfs/BookWebsite2/BookWebsite/chapters/polymers.tex to MDX...
Updating routes...

        Successfully processed chapter:
        - Converted new /Users/jayshitre/Projects/dfs/BookWebsite2/BookWebsite/chapters/polymers.tex to MDX
        - Placed in /Users/jayshitre/Projects/dfs/BookWebsite2/BookWebsite/contents/docs/chapters/polymers/index.mdx
        - Updated routes with title: "Polymers" and href: "/polymers"
    

Checking position_and_momentum_operators.tex with title "Position And Momentum Operators"...
Skipping /Users/jayshitre/Projects/dfs/BookWebsite2/BookWebsite/chapters/position_and_momentum_operators.tex - up to date (source not modified since last conversion)

Checking preamble.tex with title "Preamble"...
Skipping /Users/jayshitre/Projects/dfs/BookWebsite2/BookWebsite/chapters/preamble.tex - up to date (source not modified since last conversion)

Checking preface.tex with title "Preface"...
Skipping /Users/jayshitre/Projects/dfs/BookWebsite2/BookWebsite/chapters/preface.tex - up to date (source not modified since last conversion)

Checking pretraining_molecules.tex with title "Pretraining Molecules"...
Skipping /Users/jayshitre/Projects/dfs/BookWebsite2/BookWebsite/chapters/pretraining_molecules.tex - up to date (source not modified since last conversion)

Checking probability_and_statistics.tex with title "Probability And Statistics"...
Skipping /Users/jayshitre/Projects/dfs/BookWebsite2/BookWebsite/chapters/probability_and_statistics.tex - up to date (source not modified since last conversion)

Checking qed_calculation.tex with title "Qed Calculation"...
Skipping /Users/jayshitre/Projects/dfs/BookWebsite2/BookWebsite/chapters/qed_calculation.tex - up to date (source not modified since last conversion)

Checking quantum_advantage_ml.tex with title "Quantum Advantage Ml"...
Skipping /Users/jayshitre/Projects/dfs/BookWebsite2/BookWebsite/chapters/quantum_advantage_ml.tex - up to date (source not modified since last conversion)

Checking quantum_circuits.tex with title "Quantum Circuits"...
Skipping /Users/jayshitre/Projects/dfs/BookWebsite2/BookWebsite/chapters/quantum_circuits.tex - up to date (source not modified since last conversion)

Checking quantum_field_theory.tex with title "Quantum Field Theory"...
Skipping /Users/jayshitre/Projects/dfs/BookWebsite2/BookWebsite/chapters/quantum_field_theory.tex - up to date (source not modified since last conversion)

Checking quantum_fourier_transform.tex with title "Quantum Fourier Transform"...
Skipping /Users/jayshitre/Projects/dfs/BookWebsite2/BookWebsite/chapters/quantum_fourier_transform.tex - up to date (source not modified since last conversion)

Checking quantum_machine_learning.tex with title "Quantum Machine Learning"...
Skipping /Users/jayshitre/Projects/dfs/BookWebsite2/BookWebsite/chapters/quantum_machine_learning.tex - up to date (source not modified since last conversion)

Checking quantum_mechanics.tex with title "Quantum Mechanics"...
Skipping /Users/jayshitre/Projects/dfs/BookWebsite2/BookWebsite/chapters/quantum_mechanics.tex - up to date (source not modified since last conversion)

Checking quantum_oscillators.tex with title "Quantum Oscillators"...
Skipping /Users/jayshitre/Projects/dfs/BookWebsite2/BookWebsite/chapters/quantum_oscillators.tex - up to date (source not modified since last conversion)

Checking quantum_programming.tex with title "Quantum Programming"...
Skipping /Users/jayshitre/Projects/dfs/BookWebsite2/BookWebsite/chapters/quantum_programming.tex - up to date (source not modified since last conversion)

Checking quantum_reinforcement_learning.tex with title "Quantum Reinforcement Learning"...
Skipping /Users/jayshitre/Projects/dfs/BookWebsite2/BookWebsite/chapters/quantum_reinforcement_learning.tex - up to date (source not modified since last conversion)

Checking quantum_statistic_mechanics.tex with title "Quantum Statistic Mechanics"...
Skipping /Users/jayshitre/Projects/dfs/BookWebsite2/BookWebsite/chapters/quantum_statistic_mechanics.tex - up to date (source not modified since last conversion)

Checking ray_tracing.tex with title "Ray Tracing"...
Skipping /Users/jayshitre/Projects/dfs/BookWebsite2/BookWebsite/chapters/ray_tracing.tex - up to date (source not modified since last conversion)

Checking regularization.tex with title "Regularization"...
Skipping /Users/jayshitre/Projects/dfs/BookWebsite2/BookWebsite/chapters/regularization.tex - up to date (source not modified since last conversion)

Checking renormalization_group.tex with title "Renormalization Group"...
Skipping /Users/jayshitre/Projects/dfs/BookWebsite2/BookWebsite/chapters/renormalization_group.tex - up to date (source not modified since last conversion)

Checking renormalization_vs_rg.tex with title "Renormalization Vs Rg"...
Skipping /Users/jayshitre/Projects/dfs/BookWebsite2/BookWebsite/chapters/renormalization_vs_rg.tex - up to date (source not modified since last conversion)

Checking representation_theory.tex with title "Representation Theory"...
Skipping /Users/jayshitre/Projects/dfs/BookWebsite2/BookWebsite/chapters/representation_theory.tex - up to date (source not modified since last conversion)

Checking reynolds_number_and_turbulent_flow.tex with title "Reynolds Number And Turbulent Flow"...
Skipping /Users/jayshitre/Projects/dfs/BookWebsite2/BookWebsite/chapters/reynolds_number_and_turbulent_flow.tex - up to date (source not modified since last conversion)

Checking robotic_simulation.tex with title "Robotic Simulation"...
Skipping /Users/jayshitre/Projects/dfs/BookWebsite2/BookWebsite/chapters/robotic_simulation.tex - up to date (source not modified since last conversion)

Checking rough_draft.tex with title "Rough Draft"...
Skipping /Users/jayshitre/Projects/dfs/BookWebsite2/BookWebsite/chapters/rough_draft.tex - up to date (source not modified since last conversion)

Checking rough_draft_old.tex with title "Rough Draft Old"...
Skipping /Users/jayshitre/Projects/dfs/BookWebsite2/BookWebsite/chapters/rough_draft_old.tex - up to date (source not modified since last conversion)

Checking runge_kutta.tex with title "Runge Kutta"...
Skipping /Users/jayshitre/Projects/dfs/BookWebsite2/BookWebsite/chapters/runge_kutta.tex - up to date (source not modified since last conversion)

Checking scattering_theory.tex with title "Scattering Theory"...
Skipping /Users/jayshitre/Projects/dfs/BookWebsite2/BookWebsite/chapters/scattering_theory.tex - up to date (source not modified since last conversion)

Checking schnet.tex with title "Schnet"...
Skipping /Users/jayshitre/Projects/dfs/BookWebsite2/BookWebsite/chapters/schnet.tex - up to date (source not modified since last conversion)

Checking schrodinger_3d.tex with title "Schrodinger 3d"...
Skipping /Users/jayshitre/Projects/dfs/BookWebsite2/BookWebsite/chapters/schrodinger_3d.tex - up to date (source not modified since last conversion)

Checking schrodingers_equation.tex with title "Schrodingers Equation"...
Skipping /Users/jayshitre/Projects/dfs/BookWebsite2/BookWebsite/chapters/schrodingers_equation.tex - up to date (source not modified since last conversion)

Checking se(3)transformer.tex with title "Se(3)transformer"...
Skipping /Users/jayshitre/Projects/dfs/BookWebsite2/BookWebsite/chapters/se(3)transformer.tex - up to date (source not modified since last conversion)

Checking selfies.tex with title "Selfies"...
Skipping /Users/jayshitre/Projects/dfs/BookWebsite2/BookWebsite/chapters/selfies.tex - up to date (source not modified since last conversion)

Checking semiconductors.tex with title "Semiconductors"...
Skipping /Users/jayshitre/Projects/dfs/BookWebsite2/BookWebsite/chapters/semiconductors.tex - up to date (source not modified since last conversion)

Checking shors_algorithm.tex with title "Shors Algorithm"...
Skipping /Users/jayshitre/Projects/dfs/BookWebsite2/BookWebsite/chapters/shors_algorithm.tex - up to date (source not modified since last conversion)

Checking simple_physical_theories.tex with title "Simple Physical Theories"...
Converting new chapter: /Users/jayshitre/Projects/dfs/BookWebsite2/BookWebsite/chapters/simple_physical_theories.tex
Converting /Users/jayshitre/Projects/dfs/BookWebsite2/BookWebsite/chapters/simple_physical_theories.tex to MDX...
Updating routes...

        Successfully processed chapter:
        - Converted new /Users/jayshitre/Projects/dfs/BookWebsite2/BookWebsite/chapters/simple_physical_theories.tex to MDX
        - Placed in /Users/jayshitre/Projects/dfs/BookWebsite2/BookWebsite/contents/docs/chapters/simple_physical_theories/index.mdx
        - Updated routes with title: "Simple Physical Theories" and href: "/simple_physical_theories"
    

Checking simply_typed_lambda_calculus.tex with title "Simply Typed Lambda Calculus"...
Skipping /Users/jayshitre/Projects/dfs/BookWebsite2/BookWebsite/chapters/simply_typed_lambda_calculus.tex - up to date (source not modified since last conversion)

Checking simpsons_rule.tex with title "Simpsons Rule"...
Skipping /Users/jayshitre/Projects/dfs/BookWebsite2/BookWebsite/chapters/simpsons_rule.tex - up to date (source not modified since last conversion)

Checking soap.tex with title "Soap"...
Skipping /Users/jayshitre/Projects/dfs/BookWebsite2/BookWebsite/chapters/soap.tex - up to date (source not modified since last conversion)

Checking spatial_graph_convolutions.tex with title "Spatial Graph Convolutions"...
Skipping /Users/jayshitre/Projects/dfs/BookWebsite2/BookWebsite/chapters/spatial_graph_convolutions.tex - up to date (source not modified since last conversion)

Checking special_functions.tex with title "Special Functions"...
Skipping /Users/jayshitre/Projects/dfs/BookWebsite2/BookWebsite/chapters/special_functions.tex - up to date (source not modified since last conversion)

Checking special_relativity.tex with title "Special Relativity"...
Skipping /Users/jayshitre/Projects/dfs/BookWebsite2/BookWebsite/chapters/special_relativity.tex - up to date (source not modified since last conversion)

Checking spectroscopy.tex with title "Spectroscopy"...
Skipping /Users/jayshitre/Projects/dfs/BookWebsite2/BookWebsite/chapters/spectroscopy.tex - up to date (source not modified since last conversion)

Checking spectroscopy_DeepReasoningNets.tex with title "Spectroscopy DeepReasoningNets"...
Skipping /Users/jayshitre/Projects/dfs/BookWebsite2/BookWebsite/chapters/spectroscopy_DeepReasoningNets.tex - up to date (source not modified since last conversion)

Checking spherical_cnn.tex with title "Spherical Cnn"...
Skipping /Users/jayshitre/Projects/dfs/BookWebsite2/BookWebsite/chapters/spherical_cnn.tex - up to date (source not modified since last conversion)

Checking spin.tex with title "Spin"...
Skipping /Users/jayshitre/Projects/dfs/BookWebsite2/BookWebsite/chapters/spin.tex - up to date (source not modified since last conversion)

Checking spin_and_fermionic_path_integrals.tex with title "Spin And Fermionic Path Integrals"...
Skipping /Users/jayshitre/Projects/dfs/BookWebsite2/BookWebsite/chapters/spin_and_fermionic_path_integrals.tex - up to date (source not modified since last conversion)

Checking spinors.tex with title "Spinors"...
Skipping /Users/jayshitre/Projects/dfs/BookWebsite2/BookWebsite/chapters/spinors.tex - up to date (source not modified since last conversion)

Checking stat_thermo_ML.tex with title "Stat Thermo ML"...
Skipping /Users/jayshitre/Projects/dfs/BookWebsite2/BookWebsite/chapters/stat_thermo_ML.tex - up to date (source not modified since last conversion)

Checking stat_thermo_basics.tex with title "Stat Thermo Basics"...
Skipping /Users/jayshitre/Projects/dfs/BookWebsite2/BookWebsite/chapters/stat_thermo_basics.tex - up to date (source not modified since last conversion)

Checking statistical_thermodynamics.tex with title "Statistical Thermodynamics"...
Skipping /Users/jayshitre/Projects/dfs/BookWebsite2/BookWebsite/chapters/statistical_thermodynamics.tex - up to date (source not modified since last conversion)

Checking steerable_cnn.tex with title "Steerable Cnn"...
Skipping /Users/jayshitre/Projects/dfs/BookWebsite2/BookWebsite/chapters/steerable_cnn.tex - up to date (source not modified since last conversion)

Checking sturm_liouville_theory.tex with title "Sturm Liouville Theory"...
Skipping /Users/jayshitre/Projects/dfs/BookWebsite2/BookWebsite/chapters/sturm_liouville_theory.tex - up to date (source not modified since last conversion)

Checking superconductors.tex with title "Superconductors"...
Skipping /Users/jayshitre/Projects/dfs/BookWebsite2/BookWebsite/chapters/superconductors.tex - up to date (source not modified since last conversion)

Checking symbolic_physics.tex with title "Symbolic Physics"...
Skipping /Users/jayshitre/Projects/dfs/BookWebsite2/BookWebsite/chapters/symbolic_physics.tex - up to date (source not modified since last conversion)

Checking symplectic_manifold.tex with title "Symplectic Manifold"...
Skipping /Users/jayshitre/Projects/dfs/BookWebsite2/BookWebsite/chapters/symplectic_manifold.tex - up to date (source not modified since last conversion)

Checking tensor_analysis.tex with title "Tensor Analysis"...
Skipping /Users/jayshitre/Projects/dfs/BookWebsite2/BookWebsite/chapters/tensor_analysis.tex - up to date (source not modified since last conversion)

Checking tensor_field_networks.tex with title "Tensor Field Networks"...
Skipping /Users/jayshitre/Projects/dfs/BookWebsite2/BookWebsite/chapters/tensor_field_networks.tex - up to date (source not modified since last conversion)

Checking tensor_network_machine_learning.tex with title "Tensor Network Machine Learning"...
Skipping /Users/jayshitre/Projects/dfs/BookWebsite2/BookWebsite/chapters/tensor_network_machine_learning.tex - up to date (source not modified since last conversion)

Checking the_standard_model.tex with title "The Standard Model"...
Skipping /Users/jayshitre/Projects/dfs/BookWebsite2/BookWebsite/chapters/the_standard_model.tex - up to date (source not modified since last conversion)

Checking trajectory_analysis.tex with title "Trajectory Analysis"...
Skipping /Users/jayshitre/Projects/dfs/BookWebsite2/BookWebsite/chapters/trajectory_analysis.tex - up to date (source not modified since last conversion)

Checking transfer_matrix.tex with title "Transfer Matrix"...
Skipping /Users/jayshitre/Projects/dfs/BookWebsite2/BookWebsite/chapters/transfer_matrix.tex - up to date (source not modified since last conversion)

Checking transformers.tex with title "Transformers"...
Skipping /Users/jayshitre/Projects/dfs/BookWebsite2/BookWebsite/chapters/transformers.tex - up to date (source not modified since last conversion)

Checking turbulent_mixing.tex with title "Turbulent Mixing"...
Skipping /Users/jayshitre/Projects/dfs/BookWebsite2/BookWebsite/chapters/turbulent_mixing.tex - up to date (source not modified since last conversion)

Checking type_theory.tex with title "Type Theory"...
Skipping /Users/jayshitre/Projects/dfs/BookWebsite2/BookWebsite/chapters/type_theory.tex - up to date (source not modified since last conversion)

Checking units_and_types.tex with title "Units And Types"...
Skipping /Users/jayshitre/Projects/dfs/BookWebsite2/BookWebsite/chapters/units_and_types.tex - up to date (source not modified since last conversion)

Checking universal_approximation.tex with title "Universal Approximation"...
Skipping /Users/jayshitre/Projects/dfs/BookWebsite2/BookWebsite/chapters/universal_approximation.tex - up to date (source not modified since last conversion)

Checking universal_pdeformer.tex with title "Universal Pdeformer"...
Skipping /Users/jayshitre/Projects/dfs/BookWebsite2/BookWebsite/chapters/universal_pdeformer.tex - up to date (source not modified since last conversion)

Checking vacuum_solution.tex with title "Vacuum Solution"...
Skipping /Users/jayshitre/Projects/dfs/BookWebsite2/BookWebsite/chapters/vacuum_solution.tex - up to date (source not modified since last conversion)

Checking variational_principle.tex with title "Variational Principle"...
Skipping /Users/jayshitre/Projects/dfs/BookWebsite2/BookWebsite/chapters/variational_principle.tex - up to date (source not modified since last conversion)

Checking variational_quantum_algorithms.tex with title "Variational Quantum Algorithms"...
Skipping /Users/jayshitre/Projects/dfs/BookWebsite2/BookWebsite/chapters/variational_quantum_algorithms.tex - up to date (source not modified since last conversion)

Checking vectors_scalars_tensors.tex with title "Vectors Scalars Tensors"...
Skipping /Users/jayshitre/Projects/dfs/BookWebsite2/BookWebsite/chapters/vectors_scalars_tensors.tex - up to date (source not modified since last conversion)

Checking water.tex with title "Water"...
Converting new chapter: /Users/jayshitre/Projects/dfs/BookWebsite2/BookWebsite/chapters/water.tex
Converting /Users/jayshitre/Projects/dfs/BookWebsite2/BookWebsite/chapters/water.tex to MDX...
Updating routes...

        Successfully processed chapter:
        - Converted new /Users/jayshitre/Projects/dfs/BookWebsite2/BookWebsite/chapters/water.tex to MDX
        - Placed in /Users/jayshitre/Projects/dfs/BookWebsite2/BookWebsite/contents/docs/chapters/water/index.mdx
        - Updated routes with title: "Water" and href: "/water"
    

Checking wave_equation.tex with title "Wave Equation"...
Skipping /Users/jayshitre/Projects/dfs/BookWebsite2/BookWebsite/chapters/wave_equation.tex - up to date (source not modified since last conversion)

Checking wicks_theorem.tex with title "Wicks Theorem"...
Converting new chapter: /Users/jayshitre/Projects/dfs/BookWebsite2/BookWebsite/chapters/wicks_theorem.tex
Converting /Users/jayshitre/Projects/dfs/BookWebsite2/BookWebsite/chapters/wicks_theorem.tex to MDX...
Updating routes...

        Successfully processed chapter:
        - Converted new /Users/jayshitre/Projects/dfs/BookWebsite2/BookWebsite/chapters/wicks_theorem.tex to MDX
        - Placed in /Users/jayshitre/Projects/dfs/BookWebsite2/BookWebsite/contents/docs/chapters/wicks_theorem/index.mdx
        - Updated routes with title: "Wicks Theorem" and href: "/wicks_theorem"
    

Checking xpinns.tex with title "Xpinns"...
Skipping /Users/jayshitre/Projects/dfs/BookWebsite2/BookWebsite/chapters/xpinns.tex - up to date (source not modified since last conversion)

Processing complete!
New chapters processed: 19
Existing chapters updated: 0
Chapters skipped (up to date): 403

✅ Successfully processed 19 chapters total
2025-06-17 12:23:01,977 - INFO - ✅ Pipeline completed successfully!
2025-06-17 12:23:01,977 - INFO - 🎯 Changes processed - website rebuild recommended
2025-06-17 12:23:01,977 - INFO - 📝 Complete pipeline logs saved to: /Users/jayshitre/Projects/dfs/BookWebsite2/BookWebsite/scripts/overleaf-monitor/logs/overleaf_sync.log
2025-06-17 12:24:35,465 - INFO - ============================================================
2025-06-17 12:24:35,465 - INFO - 🚀 FINAL FIXED PIPELINE - All Issues Resolved
2025-06-17 12:24:35,465 - INFO - ============================================================
2025-06-17 12:24:35,465 - INFO - 📝 Pipeline logs being saved to: /Users/jayshitre/Projects/dfs/BookWebsite2/BookWebsite/scripts/overleaf-monitor/logs/overleaf_sync.log
2025-06-17 12:24:35,465 - INFO - 🔧 Running in local environment
2025-06-17 12:24:35,465 - INFO - 📥 Syncing from Overleaf Git repository...
2025-06-17 12:24:35,465 - INFO -    Project ID: 68428c5d41c2ef888f0b2a5e
2025-06-17 12:24:35,465 - INFO -    Target directory: /Users/jayshitre/Projects/dfs/BookWebsite2/BookWebsite/overleaf-project
2025-06-17 12:24:35,465 - INFO - 🔧 Setting up Git credential helper...
2025-06-17 12:24:35,470 - INFO - ✅ Git credential helper configured
2025-06-17 12:24:35,470 - INFO - 🏥 Checking repository health...
2025-06-17 12:24:35,470 - INFO -    📁 Directory does not exist - will clone fresh
2025-06-17 12:24:35,470 - INFO - 📥 Cloning repository...
2025-06-17 12:24:35,470 - INFO -    🌱 Using shallow clone for optimal performance...
2025-06-17 12:25:51,170 - INFO -    ✅ Successfully cloned repository (shallow)
2025-06-17 12:25:51,170 - INFO - ✅ Git sync completed successfully
2025-06-17 12:25:51,170 - INFO - 📂 Copying .tex files to chapters directory...
2025-06-17 12:25:51,170 - INFO -    Source: /Users/jayshitre/Projects/dfs/BookWebsite2/BookWebsite/overleaf-project
2025-06-17 12:25:51,170 - INFO -    Target: /Users/jayshitre/Projects/dfs/BookWebsite2/BookWebsite/chapters
2025-06-17 12:25:51,173 - INFO - 📄 Found 422 .tex files
2025-06-17 12:25:51,173 - INFO -    ✅ Updated: part_diffphys_statmech_ml.tex
2025-06-17 12:25:51,173 - INFO -    ✅ Updated: lecture_38.tex
2025-06-17 12:25:51,173 - INFO -    ✅ Updated: lecture_10.tex
2025-06-17 12:25:51,173 - INFO -    ✅ Updated: lecture_11.tex
2025-06-17 12:25:51,174 - INFO -    ✅ Updated: lecture_39.tex
2025-06-17 12:25:51,174 - INFO -    ✅ Updated: MathematicalFoundations.tex
2025-06-17 12:25:51,174 - INFO -    ✅ Updated: part_diffphys_conclusion.tex
2025-06-17 12:25:51,174 - INFO -    ✅ Updated: part_physics_quantum.tex
2025-06-17 12:25:51,174 - INFO -    ✅ Updated: part_diffphys.tex
2025-06-17 12:25:51,174 - INFO -    ✅ Updated: lecture_13.tex
2025-06-17 12:25:51,174 - INFO -    ✅ Updated: part2b.tex
2025-06-17 12:25:51,175 - INFO -    ✅ Updated: lecture_12.tex
2025-06-17 12:25:51,175 - INFO -    ✅ Updated: lecture_16.tex
2025-06-17 12:25:51,175 - INFO -    ✅ Updated: part_physics_fluids.tex
2025-06-17 12:25:51,175 - INFO -    ✅ Updated: part_physics.tex
2025-06-17 12:25:51,175 - INFO -    ✅ Updated: part_diffphys_hep_ml.tex
2025-06-17 12:25:51,175 - INFO -    ✅ Updated: part_physics_condensed_matter.tex
2025-06-17 12:25:51,176 - INFO -    ✅ Updated: part_diffphys_electromagnetism_ml.tex
2025-06-17 12:25:51,176 - INFO -    ✅ Updated: part_prog.tex
2025-06-17 12:25:51,176 - INFO -    ✅ Updated: part_physics_statmech.tex
2025-06-17 12:25:51,176 - INFO -    ✅ Updated: lecture_17.tex
2025-06-17 12:25:51,176 - INFO -    ✅ Updated: part_diffphys_molecular_ml.tex
2025-06-17 12:25:51,177 - INFO -    ✅ Updated: lecture_15.tex
2025-06-17 12:25:51,177 - INFO -    ✅ Updated: lecture_29.tex
2025-06-17 12:25:51,177 - INFO -    ✅ Updated: part_physics_electromagnetism.tex
2025-06-17 12:25:51,177 - INFO -    ✅ Updated: lecture_28.tex
2025-06-17 12:25:51,177 - INFO -    ✅ Updated: lecture_14.tex
2025-06-17 12:25:51,177 - INFO -    ✅ Updated: part_physics_quantum_chemistry.tex
2025-06-17 12:25:51,177 - INFO -    ✅ Updated: lecture_2.tex
2025-06-17 12:25:51,178 - INFO -    ✅ Updated: part_diffphys_qft_ml.tex
2025-06-17 12:25:51,178 - INFO -    ✅ Updated: lecture_3.tex
2025-06-17 12:25:51,178 - INFO -    ✅ Updated: lecture_1.tex
2025-06-17 12:25:51,178 - INFO -    ✅ Updated: lecture_58.tex
2025-06-17 12:25:51,178 - INFO -    ✅ Updated: lecture_59.tex
2025-06-17 12:25:51,178 - INFO -    ✅ Updated: lecture_4.tex
2025-06-17 12:25:51,179 - INFO -    ✅ Updated: lecture_49.tex
2025-06-17 12:25:51,179 - INFO -    ✅ Updated: part_diffphys_neural_potential.tex
2025-06-17 12:25:51,179 - INFO -    ✅ Updated: lecture_48.tex
2025-06-17 12:25:51,179 - INFO -    ✅ Updated: lecture_60.tex
2025-06-17 12:25:51,179 - INFO -    ✅ Updated: lecture_5.tex
2025-06-17 12:25:51,179 - INFO -    ✅ Updated: lecture_7.tex
2025-06-17 12:25:51,179 - INFO -    ✅ Updated: part_diffphys_fluid_ml.tex
2025-06-17 12:25:51,180 - INFO -    ✅ Updated: lecture_6.tex
2025-06-17 12:25:51,180 - INFO -    ✅ Updated: book.tex
2025-06-17 12:25:51,180 - INFO -    ✅ Updated: part_diffphys_cosmology_ml.tex
2025-06-17 12:25:51,180 - INFO -    ✅ Updated: lecture_52.tex
2025-06-17 12:25:51,180 - INFO -    ✅ Updated: lecture_46.tex
2025-06-17 12:25:51,180 - INFO -    ✅ Updated: lecture_CMU_2023_3.tex
2025-06-17 12:25:51,181 - INFO -    ✅ Updated: part_diffphys_gr_ml.tex
2025-06-17 12:25:51,181 - INFO -    ✅ Updated: lecture_47.tex
2025-06-17 12:25:51,181 - INFO -    ✅ Updated: lecture_53.tex
2025-06-17 12:25:51,181 - INFO -    ✅ Updated: part_diffphys_deep_quantum.tex
2025-06-17 12:25:51,181 - INFO -    ✅ Updated: part_diffphys_quantum_computing_ml.tex
2025-06-17 12:25:51,181 - INFO -    ✅ Updated: rough_draft_old.tex
2025-06-17 12:25:51,182 - INFO -    ✅ Updated: lecture_notes.tex
2025-06-17 12:25:51,182 - INFO -    ✅ Updated: part_diffphys_materials_ml.tex
2025-06-17 12:25:51,182 - INFO -    ✅ Updated: lecture_8.tex
2025-06-17 12:25:51,182 - INFO -    ✅ Updated: part_diffphys_meshes_and_shapes.tex
2025-06-17 12:25:51,182 - INFO -    ✅ Updated: lecture_45.tex
2025-06-17 12:25:51,182 - INFO -    ✅ Updated: part_prog_NumericalMethods.tex
2025-06-17 12:25:51,182 - INFO -    ✅ Updated: lecture_51.tex
2025-06-17 12:25:51,183 - INFO -    ✅ Updated: part_diffphys_neural_diff_eq.tex
2025-06-17 12:25:51,183 - INFO -    ✅ Updated: part_physics_general_relativity.tex
2025-06-17 12:25:51,183 - INFO -    ✅ Updated: lecture_50.tex
2025-06-17 12:25:51,183 - INFO -    ✅ Updated: lecture_44.tex
2025-06-17 12:25:51,183 - INFO -    ✅ Updated: lecture_9.tex
2025-06-17 12:25:51,183 - INFO -    ✅ Updated: lecture_40.tex
2025-06-17 12:25:51,183 - INFO -    ✅ Updated: lecture_54.tex
2025-06-17 12:25:51,183 - INFO -    ✅ Updated: lecture_55.tex
2025-06-17 12:25:51,184 - INFO -    ✅ Updated: lecture_41.tex
2025-06-17 12:25:51,184 - INFO -    ✅ Updated: part_diffphys_PINNs.tex
2025-06-17 12:25:51,184 - INFO -    ✅ Updated: lecture_57.tex
2025-06-17 12:25:51,184 - INFO -    ✅ Updated: lecture_43.tex
2025-06-17 12:25:51,184 - INFO -    ✅ Updated: part_physics_quantum_computing.tex
2025-06-17 12:25:51,184 - INFO -    ✅ Updated: lecture_42.tex
2025-06-17 12:25:51,184 - INFO -    ✅ Updated: part_physics_mechanics.tex
2025-06-17 12:25:51,184 - INFO -    ✅ Updated: lecture_56.tex
2025-06-17 12:25:51,185 - INFO -    ✅ Updated: part5.tex
2025-06-17 12:25:51,185 - INFO -    ✅ Updated: lecture_19.tex
2025-06-17 12:25:51,185 - INFO -    ✅ Updated: lecture_31.tex
2025-06-17 12:25:51,185 - INFO -    ✅ Updated: lecture_25.tex
2025-06-17 12:25:51,185 - INFO -    ✅ Updated: lecture_24.tex
2025-06-17 12:25:51,185 - INFO -    ✅ Updated: lecture_30.tex
2025-06-17 12:25:51,185 - INFO -    ✅ Updated: lecture_18.tex
2025-06-17 12:25:51,185 - INFO -    ✅ Updated: part4.tex
2025-06-17 12:25:51,186 - INFO -    ✅ Updated: part_prog_ProgrammingLanguages.tex
2025-06-17 12:25:51,186 - INFO -    ✅ Updated: lecture_26.tex
2025-06-17 12:25:51,186 - INFO -    ✅ Updated: lecture_32.tex
2025-06-17 12:25:51,186 - INFO -    ✅ Updated: lecture_33.tex
2025-06-17 12:25:51,186 - INFO -    ✅ Updated: lecture_27.tex
2025-06-17 12:25:51,186 - INFO -    ✅ Updated: rough_draft.tex
2025-06-17 12:25:51,186 - INFO -    ✅ Updated: part3.tex
2025-06-17 12:25:51,186 - INFO -    ✅ Updated: lecture_23.tex
2025-06-17 12:25:51,187 - INFO -    ✅ Updated: lecture_37.tex
2025-06-17 12:25:51,187 - INFO -    ✅ Updated: part_diffphys_mechanics_ml.tex
2025-06-17 12:25:51,187 - INFO -    ✅ Updated: lecture_36.tex
2025-06-17 12:25:51,187 - INFO -    ✅ Updated: lecture_22.tex
2025-06-17 12:25:51,187 - INFO -    ✅ Updated: part_physics_qft.tex
2025-06-17 12:25:51,188 - INFO -    ✅ Updated: part_prog_DifferentiableModels.tex
2025-06-17 12:25:51,188 - INFO -    ✅ Updated: lecture_34.tex
2025-06-17 12:25:51,188 - INFO -    ✅ Updated: lecture_20.tex
2025-06-17 12:25:51,188 - INFO -    ✅ Updated: lecture_21.tex
2025-06-17 12:25:51,188 - INFO -    ✅ Updated: lecture_35.tex
2025-06-17 12:25:51,188 - INFO -    ✅ Updated: lecture_appendix_1.tex
2025-06-17 12:25:51,188 - INFO -    ✅ Updated: main_backup.tex
2025-06-17 12:25:51,188 - INFO -    ✅ Updated: phase_field_methods.tex
2025-06-17 12:25:51,189 - INFO -    ✅ Updated: operational_and_denotational_semantics.tex
2025-06-17 12:25:51,189 - INFO -    ✅ Updated: array_semantics.tex
2025-06-17 12:25:51,189 - INFO -    ✅ Updated: physika_primer.tex
2025-06-17 12:25:51,189 - INFO -    ✅ Updated: Integral_Programming.tex
2025-06-17 12:25:51,189 - INFO -    ✅ Updated: simply_typed_lambda_calculus.tex
2025-06-17 12:25:51,189 - INFO -    ✅ Updated: dependent_types.tex
2025-06-17 12:25:51,189 - INFO -    ✅ Updated: type_theory.tex
2025-06-17 12:25:51,190 - INFO -    ✅ Updated: hindley_milner.tex
2025-06-17 12:25:51,190 - INFO -    ✅ Updated: automatic_differentiation.tex
2025-06-17 12:25:51,190 - INFO -    ✅ Updated: grammars.tex
2025-06-17 12:25:51,190 - INFO -    ✅ Updated: differentiable_semantics.tex
2025-06-17 12:25:51,190 - INFO -    ✅ Updated: Differentiable_Programming.tex
2025-06-17 12:25:51,190 - INFO -    ✅ Updated: gaussian_process.tex
2025-06-17 12:25:51,191 - INFO -    ✅ Updated: kernel_methods.tex
2025-06-17 12:25:51,191 - INFO -    ✅ Updated: multilayer_perceptrons.tex
2025-06-17 12:25:51,191 - INFO -    ✅ Updated: universal_approximation.tex
2025-06-17 12:25:51,191 - INFO -    ✅ Updated: deep_gaussian.tex
2025-06-17 12:25:51,191 - INFO -    ✅ Updated: neural_tangent_kernel.tex
2025-06-17 12:25:51,191 - INFO -    ✅ Updated: graph_NeuralNets.tex
2025-06-17 12:25:51,191 - INFO -    ✅ Updated: gauge_equivariant.tex
2025-06-17 12:25:51,192 - INFO -    ✅ Updated: ConvNets.tex
2025-06-17 12:25:51,192 - INFO -    ✅ Updated: RNNs.tex
2025-06-17 12:25:51,192 - INFO -    ✅ Updated: transformers.tex
2025-06-17 12:25:51,192 - INFO -    ✅ Updated: equivariant.tex
2025-06-17 12:25:51,192 - INFO -    ✅ Updated: geometry_processing.tex
2025-06-17 12:25:51,192 - INFO -    ✅ Updated: neural_ode.tex
2025-06-17 12:25:51,193 - INFO -    ✅ Updated: DeepEquilibrium.tex
2025-06-17 12:25:51,193 - INFO -    ✅ Updated: differentiable_convex.tex
2025-06-17 12:25:51,193 - INFO -    ✅ Updated: hopfield_networks.tex
2025-06-17 12:25:51,193 - INFO -    ✅ Updated: ML_basics.tex
2025-06-17 12:25:51,193 - INFO -    ✅ Updated: gradient_descent.tex
2025-06-17 12:25:51,193 - INFO -    ✅ Updated: normalizing_flows.tex
2025-06-17 12:25:51,194 - INFO -    ✅ Updated: energy_based_models.tex
2025-06-17 12:25:51,194 - INFO -    ✅ Updated: autoencoders.tex
2025-06-17 12:25:51,194 - INFO -    ✅ Updated: monte_carlo.tex
2025-06-17 12:25:51,194 - INFO -    ✅ Updated: nonlinear_systems.tex
2025-06-17 12:25:51,194 - INFO -    ✅ Updated: level_set_method.tex
2025-06-17 12:25:51,195 - INFO -    ✅ Updated: linear_systems.tex
2025-06-17 12:25:51,195 - INFO -    ✅ Updated: lu_factorization.tex
2025-06-17 12:25:51,195 - INFO -    ✅ Updated: gauss_elimination.tex
2025-06-17 12:25:51,195 - INFO -    ✅ Updated: gauss_quadrature.tex
2025-06-17 12:25:51,195 - INFO -    ✅ Updated: simpsons_rule.tex
2025-06-17 12:25:51,196 - INFO -    ✅ Updated: integration_trapezoidal.tex
2025-06-17 12:25:51,196 - INFO -    ✅ Updated: implicit_methods.tex
2025-06-17 12:25:51,196 - INFO -    ✅ Updated: boundary_value.tex
2025-06-17 12:25:51,196 - INFO -    ✅ Updated: runge_kutta.tex
2025-06-17 12:25:51,196 - INFO -    ✅ Updated: ode_systems.tex
2025-06-17 12:25:51,197 - INFO -    ✅ Updated: eulers_method.tex
2025-06-17 12:25:51,197 - INFO -    ✅ Updated: multidimensional_optimization.tex
2025-06-17 12:25:51,197 - INFO -    ✅ Updated: newton_raphson.tex
2025-06-17 12:25:51,197 - INFO -    ✅ Updated: numerical_partial_differential_equations.tex
2025-06-17 12:25:51,198 - INFO -    ✅ Updated: mesh_free.tex
2025-06-17 12:25:51,198 - INFO -    ✅ Updated: greens_function_klein_gordon.tex
2025-06-17 12:25:51,198 - INFO -    ✅ Updated: gauge_theories.tex
2025-06-17 12:25:51,198 - INFO -    ✅ Updated: String_Theory_And_Quantum_Gravity.tex
2025-06-17 12:25:51,198 - INFO -    ✅ Updated: intro_feynman_diagrams.tex
2025-06-17 12:25:51,199 - INFO -    ✅ Updated: feynman_diagrams.tex
2025-06-17 12:25:51,199 - INFO -    ✅ Updated: wicks_theorem.tex
2025-06-17 12:25:51,199 - INFO -    ✅ Updated: renormalization_group.tex
2025-06-17 12:25:51,199 - INFO -    ✅ Updated: regularization.tex
2025-06-17 12:25:51,199 - INFO -    ✅ Updated: the_standard_model.tex
2025-06-17 12:25:51,199 - INFO -    ✅ Updated: perturbative_correlation.tex
2025-06-17 12:25:51,199 - INFO -    ✅ Updated: lattice_qft.tex
2025-06-17 12:25:51,200 - INFO -    ✅ Updated: quantum_field_theory.tex
2025-06-17 12:25:51,200 - INFO -    ✅ Updated: qed_calculation.tex
2025-06-17 12:25:51,200 - INFO -    ✅ Updated: klein_gordon.tex
2025-06-17 12:25:51,200 - INFO -    ✅ Updated: renormalization_vs_rg.tex
2025-06-17 12:25:51,200 - INFO -    ✅ Updated: vacuum_solution.tex
2025-06-17 12:25:51,200 - INFO -    ✅ Updated: general_relativity.tex
2025-06-17 12:25:51,201 - INFO -    ✅ Updated: tensor_analysis.tex
2025-06-17 12:25:51,201 - INFO -    ✅ Updated: numerical_relativity.tex
2025-06-17 12:25:51,201 - INFO -    ✅ Updated: quantum_statistic_mechanics.tex
2025-06-17 12:25:51,201 - INFO -    ✅ Updated: molecular_dynamics.tex
2025-06-17 12:25:51,202 - INFO -    ✅ Updated: non_interacting_systems.tex
2025-06-17 12:25:51,202 - INFO -    ✅ Updated: statistical_thermodynamics.tex
2025-06-17 12:25:51,202 - INFO -    ✅ Updated: classical_thermodynamics.tex
2025-06-17 12:25:51,202 - INFO -    ✅ Updated: ideal_gas.tex
2025-06-17 12:25:51,202 - INFO -    ✅ Updated: photon_gas.tex
2025-06-17 12:25:51,202 - INFO -    ✅ Updated: imaginary_time_path_integrals.tex
2025-06-17 12:25:51,203 - INFO -    ✅ Updated: imaginary_time_quantum_mechanics.tex
2025-06-17 12:25:51,203 - INFO -    ✅ Updated: ensembles.tex
2025-06-17 12:25:51,203 - INFO -    ✅ Updated: ising_model.tex
2025-06-17 12:25:51,203 - INFO -    ✅ Updated: phase_equilibrium.tex
2025-06-17 12:25:51,203 - INFO -    ✅ Updated: polymers.tex
2025-06-17 12:25:51,203 - INFO -    ✅ Updated: liquids.tex
2025-06-17 12:25:51,204 - INFO -    ✅ Updated: adsorption.tex
2025-06-17 12:25:51,204 - INFO -    ✅ Updated: free_energy_perturbation.tex
2025-06-17 12:25:51,204 - INFO -    ✅ Updated: electrolytes.tex
2025-06-17 12:25:51,204 - INFO -    ✅ Updated: stat_thermo_basics.tex
2025-06-17 12:25:51,204 - INFO -    ✅ Updated: critical_behavior_ising_model.tex
2025-06-17 12:25:51,204 - INFO -    ✅ Updated: correlations_and_renormalization_group_theory.tex
2025-06-17 12:25:51,205 - INFO -    ✅ Updated: electrical_circuits.tex
2025-06-17 12:25:51,205 - INFO -    ✅ Updated: electric_current_and_magnetic_field.tex
2025-06-17 12:25:51,206 - INFO -    ✅ Updated: greens_function_laplace_equation.tex
2025-06-17 12:25:51,206 - INFO -    ✅ Updated: method_of_images.tex
2025-06-17 12:25:51,206 - INFO -    ✅ Updated: electrostatics_and_electric_field.tex
2025-06-17 12:25:51,206 - INFO -    ✅ Updated: maxwells_equations.tex
2025-06-17 12:25:51,206 - INFO -    ✅ Updated: classical_field_theory.tex
2025-06-17 12:25:51,206 - INFO -    ✅ Updated: molecular_hamiltonian.tex
2025-06-17 12:25:51,207 - INFO -    ✅ Updated: density_functional_theory.tex
2025-06-17 12:25:51,207 - INFO -    ✅ Updated: hartree_fock.tex
2025-06-17 12:25:51,207 - INFO -    ✅ Updated: coupled_cluster.tex
2025-06-17 12:25:51,207 - INFO -    ✅ Updated: heat_equation.tex
2025-06-17 12:25:51,208 - INFO -    ✅ Updated: special_relativity.tex
2025-06-17 12:25:51,208 - INFO -    ✅ Updated: lagrangian_mechanics.tex
2025-06-17 12:25:51,208 - INFO -    ✅ Updated: simple_physical_theories.tex
2025-06-17 12:25:51,208 - INFO -    ✅ Updated: newtons_laws.tex
2025-06-17 12:25:51,208 - INFO -    ✅ Updated: units_and_types.tex
2025-06-17 12:25:51,209 - INFO -    ✅ Updated: angular_momentum.tex
2025-06-17 12:25:51,209 - INFO -    ✅ Updated: hamiltonian_mechanics.tex
2025-06-17 12:25:51,209 - INFO -    ✅ Updated: harmonic_oscillation.tex
2025-06-17 12:25:51,209 - INFO -    ✅ Updated: wave_equation.tex
2025-06-17 12:25:51,209 - INFO -    ✅ Updated: variational_principle.tex
2025-06-17 12:25:51,210 - INFO -    ✅ Updated: superconductors.tex
2025-06-17 12:25:51,210 - INFO -    ✅ Updated: scattering_theory.tex
2025-06-17 12:25:51,210 - INFO -    ✅ Updated: feynman_kac.tex
2025-06-17 12:25:51,210 - INFO -    ✅ Updated: spin_and_fermionic_path_integrals.tex
2025-06-17 12:25:51,210 - INFO -    ✅ Updated: quantum_oscillators.tex
2025-06-17 12:25:51,210 - INFO -    ✅ Updated: quantum_mechanics.tex
2025-06-17 12:25:51,211 - INFO -    ✅ Updated: position_and_momentum_operators.tex
2025-06-17 12:25:51,211 - INFO -    ✅ Updated: path_integral_free_particle.tex
2025-06-17 12:25:51,211 - INFO -    ✅ Updated: schrodingers_equation.tex
2025-06-17 12:25:51,211 - INFO -    ✅ Updated: dirac_equation.tex
2025-06-17 12:25:51,211 - INFO -    ✅ Updated: angular_momentum_operator.tex
2025-06-17 12:25:51,211 - INFO -    ✅ Updated: path_integral_oscillator.tex
2025-06-17 12:25:51,211 - INFO -    ✅ Updated: perturbation_theory.tex
2025-06-17 12:25:51,212 - INFO -    ✅ Updated: creation_and_annihilation_operators.tex
2025-06-17 12:25:51,212 - INFO -    ✅ Updated: spin.tex
2025-06-17 12:25:51,212 - INFO -    ✅ Updated: path_integrals.tex
2025-06-17 12:25:51,212 - INFO -    ✅ Updated: schrodinger_3d.tex
2025-06-17 12:25:51,212 - INFO -    ✅ Updated: heisenberg_formulation.tex
2025-06-17 12:25:51,213 - INFO -    ✅ Updated: path_integrals_2.tex
2025-06-17 12:25:51,213 - INFO -    ✅ Updated: computational_fluid_dynamics.tex
2025-06-17 12:25:51,213 - INFO -    ✅ Updated: fluid_dynamics.tex
2025-06-17 12:25:51,213 - INFO -    ✅ Updated: reynolds_number_and_turbulent_flow.tex
2025-06-17 12:25:51,213 - INFO -    ✅ Updated: Plasma_Physics.tex
2025-06-17 12:25:51,214 - INFO -    ✅ Updated: quantum_machine_learning.tex
2025-06-17 12:25:51,214 - INFO -    ✅ Updated: quantum_fourier_transform.tex
2025-06-17 12:25:51,214 - INFO -    ✅ Updated: bloch_sphere.tex
2025-06-17 12:25:51,214 - INFO -    ✅ Updated: quantum_programming.tex
2025-06-17 12:25:51,214 - INFO -    ✅ Updated: quantum_circuits.tex
2025-06-17 12:25:51,215 - INFO -    ✅ Updated: variational_quantum_algorithms.tex
2025-06-17 12:25:51,215 - INFO -    ✅ Updated: shors_algorithm.tex
2025-06-17 12:25:51,215 - INFO -    ✅ Updated: ray_tracing.tex
2025-06-17 12:25:51,215 - INFO -    ✅ Updated: optics.tex
2025-06-17 12:25:51,215 - INFO -    ✅ Updated: spectroscopy.tex
2025-06-17 12:25:51,215 - INFO -    ✅ Updated: fermions_and_bosons.tex
2025-06-17 12:25:51,216 - INFO -    ✅ Updated: phonon_gas.tex
2025-06-17 12:25:51,216 - INFO -    ✅ Updated: electrons_in_metals.tex
2025-06-17 12:25:51,216 - INFO -    ✅ Updated: semiconductors.tex
2025-06-17 12:25:51,216 - INFO -    ✅ Updated: intro.tex
2025-06-17 12:25:51,217 - INFO -    ✅ Updated: manifolds.tex
2025-06-17 12:25:51,217 - INFO -    ✅ Updated: representation_theory.tex
2025-06-17 12:25:51,217 - INFO -    ✅ Updated: mathematical_transforms.tex
2025-06-17 12:25:51,217 - INFO -    ✅ Updated: vectors_scalars_tensors.tex
2025-06-17 12:25:51,217 - INFO -    ✅ Updated: lorentz_group.tex
2025-06-17 12:25:51,218 - INFO -    ✅ Updated: spinors.tex
2025-06-17 12:25:51,218 - INFO -    ✅ Updated: covariance_contravariance.tex
2025-06-17 12:25:51,218 - INFO -    ✅ Updated: calculus.tex
2025-06-17 12:25:51,218 - INFO -    ✅ Updated: matrix_calculus.tex
2025-06-17 12:25:51,219 - INFO -    ✅ Updated: optimization.tex
2025-06-17 12:25:51,219 - INFO -    ✅ Updated: dynamical_systems.tex
2025-06-17 12:25:51,219 - INFO -    ✅ Updated: math_basics.tex
2025-06-17 12:25:51,219 - INFO -    ✅ Updated: complex_analysis.tex
2025-06-17 12:25:51,219 - INFO -    ✅ Updated: fiber_bundles.tex
2025-06-17 12:25:51,219 - INFO -    ✅ Updated: gaussian_integrals.tex
2025-06-17 12:25:51,220 - INFO -    ✅ Updated: special_functions.tex
2025-06-17 12:25:51,220 - INFO -    ✅ Updated: distributions.tex
2025-06-17 12:25:51,220 - INFO -    ✅ Updated: sturm_liouville_theory.tex
2025-06-17 12:25:51,220 - INFO -    ✅ Updated: greens_equations.tex
2025-06-17 12:25:51,220 - INFO -    ✅ Updated: ordinary_differential_equations.tex
2025-06-17 12:25:51,220 - INFO -    ✅ Updated: lie_group_and_lie_algebra.tex
2025-06-17 12:25:51,220 - INFO -    ✅ Updated: generating_functions.tex
2025-06-17 12:25:51,221 - INFO -    ✅ Updated: hilbert_spaces.tex
2025-06-17 12:25:51,221 - INFO -    ✅ Updated: symplectic_manifold.tex
2025-06-17 12:25:51,221 - INFO -    ✅ Updated: information_theory.tex
2025-06-17 12:25:51,221 - INFO -    ✅ Updated: partial_differential_equations.tex
2025-06-17 12:25:51,221 - INFO -    ✅ Updated: probability_and_statistics.tex
2025-06-17 12:25:51,221 - INFO -    ✅ Updated: covariant_derivative_connection.tex
2025-06-17 12:25:51,222 - INFO -    ✅ Updated: intro_outtakes.tex
2025-06-17 12:25:51,222 - INFO -    ✅ Updated: transfer_matrix.tex
2025-06-17 12:25:51,222 - INFO -    ✅ Updated: condensed_matter.tex
2025-06-17 12:25:51,222 - INFO -    ✅ Updated: photosynthesis.tex
2025-06-17 12:25:51,222 - INFO -    ✅ Updated: water.tex
2025-06-17 12:25:51,222 - INFO -    ✅ Updated: Mixtures.tex
2025-06-17 12:25:51,222 - INFO -    ✅ Updated: linear_analytical.tex
2025-06-17 12:25:51,223 - INFO -    ✅ Updated: bracketing_and_bisection.tex
2025-06-17 12:25:51,223 - INFO -    ✅ Updated: numerical_odes.tex
2025-06-17 12:25:51,223 - INFO -    ✅ Updated: data_interpolation.tex
2025-06-17 12:25:51,223 - INFO -    ✅ Updated: linear_least_squares_cont.tex
2025-06-17 12:25:51,223 - INFO -    ✅ Updated: numerical_integration.tex
2025-06-17 12:25:51,223 - INFO -    ✅ Updated: parabolic_interpolation.tex
2025-06-17 12:25:51,223 - INFO -    ✅ Updated: linear_least_squares.tex
2025-06-17 12:25:51,224 - INFO -    ✅ Updated: golden_section.tex
2025-06-17 12:25:51,224 - INFO -    ✅ Updated: errors_and_false_position.tex
2025-06-17 12:25:51,224 - INFO -    ✅ Updated: backupCFD_chapter_NODEs.tex
2025-06-17 12:25:51,224 - INFO -    ✅ Updated: PINNs_backup.tex
2025-06-17 12:25:51,224 - INFO -    ✅ Updated: chapter17_intro_ML_Physics_part3.tex
2025-06-17 12:25:51,224 - INFO -    ✅ Updated: chapter17_intro_ML_Physics_part2.tex
2025-06-17 12:25:51,225 - INFO -    ✅ Updated: chapter17_intro_ML_physics.tex
2025-06-17 12:25:51,225 - INFO -    ✅ Updated: phase_field.tex
2025-06-17 12:25:51,225 - INFO -    ✅ Updated: openkim_colabfit.tex
2025-06-17 12:25:51,225 - INFO -    ✅ Updated: lattice_field_theory_normalizing_flows.tex
2025-06-17 12:25:51,225 - INFO -    ✅ Updated: neural_quantum_fields.tex
2025-06-17 12:25:51,225 - INFO -    ✅ Updated: lorentz_equivariant_networks.tex
2025-06-17 12:25:51,226 - INFO -    ✅ Updated: gnn_hep.tex
2025-06-17 12:25:51,226 - INFO -    ✅ Updated: quantum_advantage_ml.tex
2025-06-17 12:25:51,226 - INFO -    ✅ Updated: meta_vqe.tex
2025-06-17 12:25:51,226 - INFO -    ✅ Updated: learning_quantum_nns_via_classical_nns.tex
2025-06-17 12:25:51,226 - INFO -    ✅ Updated: quantum_reinforcement_learning.tex
2025-06-17 12:25:51,226 - INFO -    ✅ Updated: long_range_atomic.tex
2025-06-17 12:25:51,226 - INFO -    ✅ Updated: adversarial_methods.tex
2025-06-17 12:25:51,227 - INFO -    ✅ Updated: deepmdkit.tex
2025-06-17 12:25:51,227 - INFO -    ✅ Updated: forcebalance.tex
2025-06-17 12:25:51,227 - INFO -    ✅ Updated: behler_parinello_representations.tex
2025-06-17 12:25:51,227 - INFO -    ✅ Updated: coarse_grained_potentials.tex
2025-06-17 12:25:51,227 - INFO -    ✅ Updated: differentiable_md.tex
2025-06-17 12:25:51,227 - INFO -    ✅ Updated: chgnet.tex
2025-06-17 12:25:51,228 - INFO -    ✅ Updated: soap.tex
2025-06-17 12:25:51,228 - INFO -    ✅ Updated: MD_foundation_model_engine.tex
2025-06-17 12:25:51,228 - INFO -    ✅ Updated: Case_Study_Water.tex
2025-06-17 12:25:51,228 - INFO -    ✅ Updated: schnet.tex
2025-06-17 12:25:51,228 - INFO -    ✅ Updated: cluster_expansion.tex
2025-06-17 12:25:51,228 - INFO -    ✅ Updated: mace.tex
2025-06-17 12:25:51,228 - INFO -    ✅ Updated: trajectory_analysis.tex
2025-06-17 12:25:51,229 - INFO -    ✅ Updated: neural_equivariant_potentials.tex
2025-06-17 12:25:51,229 - INFO -    ✅ Updated: ANI.tex
2025-06-17 12:25:51,229 - INFO -    ✅ Updated: allegro.tex
2025-06-17 12:25:51,229 - INFO -    ✅ Updated: DL_MaxwellEquations.tex
2025-06-17 12:25:51,229 - INFO -    ✅ Updated: pinns_maxwell.tex
2025-06-17 12:25:51,229 - INFO -    ✅ Updated: phonon_density_prediction.tex
2025-06-17 12:25:51,230 - INFO -    ✅ Updated: crystal_graph_convs.tex
2025-06-17 12:25:51,230 - INFO -    ✅ Updated: Case_Study_Materials.tex
2025-06-17 12:25:51,230 - INFO -    ✅ Updated: lattice_graph_convs.tex
2025-06-17 12:25:51,230 - INFO -    ✅ Updated: fundamentals_materials_characterization.tex
2025-06-17 12:25:51,230 - INFO -    ✅ Updated: differentiable_phonon_simulation.tex
2025-06-17 12:25:51,231 - INFO -    ✅ Updated: designing_superconductors.tex
2025-06-17 12:25:51,231 - INFO -    ✅ Updated: spectroscopy_DeepReasoningNets.tex
2025-06-17 12:25:51,231 - INFO -    ✅ Updated: LagrangianNNs.tex
2025-06-17 12:25:51,231 - INFO -    ✅ Updated: generalized_hamiltonian_nn.tex
2025-06-17 12:25:51,231 - INFO -    ✅ Updated: robotic_simulation.tex
2025-06-17 12:25:51,232 - INFO -    ✅ Updated: HamiltonianNNs.tex
2025-06-17 12:25:51,232 - INFO -    ✅ Updated: symbolic_physics.tex
2025-06-17 12:25:51,232 - INFO -    ✅ Updated: ResidualPhysics_UODEs.tex
2025-06-17 12:25:51,232 - INFO -    ✅ Updated: clifford_algebra.tex
2025-06-17 12:25:51,232 - INFO -    ✅ Updated: neural_cde.tex
2025-06-17 12:25:51,232 - INFO -    ✅ Updated: neural_spde.tex
2025-06-17 12:25:51,232 - INFO -    ✅ Updated: neural_operators.tex
2025-06-17 12:25:51,233 - INFO -    ✅ Updated: neural_model_recovery.tex
2025-06-17 12:25:51,233 - INFO -    ✅ Updated: high_dimensional_pde.tex
2025-06-17 12:25:51,233 - INFO -    ✅ Updated: physics_guided_loss_functions.tex
2025-06-17 12:25:51,233 - INFO -    ✅ Updated: universal_pdeformer.tex
2025-06-17 12:25:51,233 - INFO -    ✅ Updated: deep_onet.tex
2025-06-17 12:25:51,234 - INFO -    ✅ Updated: kohn_sham_regularizers.tex
2025-06-17 12:25:51,234 - INFO -    ✅ Updated: geometric_learning_quantum_chemistry.tex
2025-06-17 12:25:51,234 - INFO -    ✅ Updated: electron_structure_theory.tex
2025-06-17 12:25:51,234 - INFO -    ✅ Updated: tensor_network_machine_learning.tex
2025-06-17 12:25:51,234 - INFO -    ✅ Updated: deep_electronic_schrodingers.tex
2025-06-17 12:25:51,234 - INFO -    ✅ Updated: differentiable_quantum_chemistry.tex
2025-06-17 12:25:51,235 - INFO -    ✅ Updated: inverse_design.tex
2025-06-17 12:25:51,235 - INFO -    ✅ Updated: se(3)transformer.tex
2025-06-17 12:25:51,235 - INFO -    ✅ Updated: dtnn.tex
2025-06-17 12:25:51,235 - INFO -    ✅ Updated: graph_generation.tex
2025-06-17 12:25:51,235 - INFO -    ✅ Updated: cormorant.tex
2025-06-17 12:25:51,235 - INFO -    ✅ Updated: spatial_graph_convolutions.tex
2025-06-17 12:25:51,235 - INFO -    ✅ Updated: ab_initio_structure_prediction.tex
2025-06-17 12:25:51,236 - INFO -    ✅ Updated: selfies.tex
2025-06-17 12:25:51,236 - INFO -    ✅ Updated: molecular_graph_convs.tex
2025-06-17 12:25:51,236 - INFO -    ✅ Updated: Molecular_ML.tex
2025-06-17 12:25:51,236 - INFO -    ✅ Updated: Case_Study_MolecularProperties.tex
2025-06-17 12:25:51,236 - INFO -    ✅ Updated: pretraining_molecules.tex
2025-06-17 12:25:51,236 - INFO -    ✅ Updated: mpnn.tex
2025-06-17 12:25:51,236 - INFO -    ✅ Updated: tensor_field_networks.tex
2025-06-17 12:25:51,237 - INFO -    ✅ Updated: E3NN.tex
2025-06-17 12:25:51,237 - INFO -    ✅ Updated: geometric_shape.tex
2025-06-17 12:25:51,237 - INFO -    ✅ Updated: generative_adversarial_symmetry.tex
2025-06-17 12:25:51,237 - INFO -    ✅ Updated: natural_message_passing.tex
2025-06-17 12:25:51,237 - INFO -    ✅ Updated: gauge_equivariant_mesh_conv_nets.tex
2025-06-17 12:25:51,237 - INFO -    ✅ Updated: steerable_cnn.tex
2025-06-17 12:25:51,237 - INFO -    ✅ Updated: learning_equivariances.tex
2025-06-17 12:25:51,238 - INFO -    ✅ Updated: spherical_cnn.tex
2025-06-17 12:25:51,238 - INFO -    ✅ Updated: noether_networks.tex
2025-06-17 12:25:51,238 - INFO -    ✅ Updated: geometric_convolutional_networks.tex
2025-06-17 12:25:51,238 - INFO -    ✅ Updated: lie_transformers.tex
2025-06-17 12:25:51,238 - INFO -    ✅ Updated: differentiable_meshing.tex
2025-06-17 12:25:51,238 - INFO -    ✅ Updated: pinns_failures.tex
2025-06-17 12:25:51,238 - INFO -    ✅ Updated: pinns_blowup.tex
2025-06-17 12:25:51,239 - INFO -    ✅ Updated: PINNs_Schrodinger.tex
2025-06-17 12:25:51,239 - INFO -    ✅ Updated: xpinns.tex
2025-06-17 12:25:51,239 - INFO -    ✅ Updated: PINNs_NS.tex
2025-06-17 12:25:51,239 - INFO -    ✅ Updated: PINNs_idea.tex
2025-06-17 12:25:51,239 - INFO -    ✅ Updated: first_principles_mixture_nets.tex
2025-06-17 12:25:51,239 - INFO -    ✅ Updated: foundations_low_data.tex
2025-06-17 12:25:51,240 - INFO -    ✅ Updated: allen_cahn_message_passing.tex
2025-06-17 12:25:51,240 - INFO -    ✅ Updated: a_differentiable_theory_of_phase_transition.tex
2025-06-17 12:25:51,240 - INFO -    ✅ Updated: effective_field_theory.tex
2025-06-17 12:25:51,240 - INFO -    ✅ Updated: hopfield.tex
2025-06-17 12:25:51,240 - INFO -    ✅ Updated: stat_thermo_ML.tex
2025-06-17 12:25:51,240 - INFO -    📝 File changed: Mixtures.tex
2025-06-17 12:25:51,240 - INFO -    ✅ Updated: Mixtures.tex
2025-06-17 12:25:51,241 - INFO -    ✅ Updated: phase_transitions_neural_networks.tex
2025-06-17 12:25:51,241 - INFO -    ✅ Updated: n_body.tex
2025-06-17 12:25:51,241 - INFO -    ✅ Updated: nerf.tex
2025-06-17 12:25:51,241 - INFO -    ✅ Updated: pde_gnn.tex
2025-06-17 12:25:51,241 - INFO -    ✅ Updated: machine_learning_for_fluids.tex
2025-06-17 12:25:51,241 - INFO -    ✅ Updated: fluid_physical_theory.tex
2025-06-17 12:25:51,241 - INFO -    ✅ Updated: coarse_graining_and_closure_modeling.tex
2025-06-17 12:25:51,242 - INFO -    ✅ Updated: turbulent_mixing.tex
2025-06-17 12:25:51,242 - INFO -    ✅ Updated: differentiable_fluid_dynamics.tex
2025-06-17 12:25:51,242 - INFO -    ✅ Updated: equivariant_dynamical_models.tex
2025-06-17 12:25:51,242 - INFO -    ✅ Updated: Fluids_HiddenFD.tex
2025-06-17 12:25:51,242 - INFO -    ✅ Updated: foo.tex
2025-06-17 12:25:51,242 - INFO -    ✅ Updated: preamble.tex
2025-06-17 12:25:51,242 - INFO -    ✅ Updated: foreword.tex
2025-06-17 12:25:51,242 - INFO -    ✅ Updated: frontmatter.tex
2025-06-17 12:25:51,243 - INFO -    ✅ Updated: preface.tex
2025-06-17 12:25:51,243 - INFO -    ✅ Updated: feynman_ex1.tex
2025-06-17 12:25:51,243 - INFO - ✅ Successfully updated 422 files
2025-06-17 12:25:51,243 - INFO - 🔄 Running chapter processing script: process-chapter.ts
2025-06-17 12:25:51,243 - INFO -    Running: npx ts-node scripts/process-chapter.ts /Users/jayshitre/Projects/dfs/BookWebsite2/BookWebsite/chapters
2025-06-17 12:25:51,243 - INFO -    Working directory: /Users/jayshitre/Projects/dfs/BookWebsite2/BookWebsite
2025-06-17 12:28:36,220 - INFO - ✅ Chapter processing completed successfully
2025-06-17 12:28:36,221 - INFO -    Scanning directory: /Users/jayshitre/Projects/dfs/BookWebsite2/BookWebsite/chapters
Processing mode: Smart update (only new/modified chapters)
Found 421 .tex files to check

Checking ANI.tex with title "ANI"...
Converting new chapter: /Users/jayshitre/Projects/dfs/BookWebsite2/BookWebsite/chapters/ANI.tex
Converting /Users/jayshitre/Projects/dfs/BookWebsite2/BookWebsite/chapters/ANI.tex to MDX...
Updating routes...

        Successfully processed chapter:
        - Converted new /Users/jayshitre/Projects/dfs/BookWebsite2/BookWebsite/chapters/ANI.tex to MDX
        - Placed in /Users/jayshitre/Projects/dfs/BookWebsite2/BookWebsite/contents/docs/chapters/ANI/index.mdx
        - Updated routes with title: "ANI" and href: "/ANI"
    

Checking Case_Study_Materials.tex with title "Case Study Materials"...
Converting new chapter: /Users/jayshitre/Projects/dfs/BookWebsite2/BookWebsite/chapters/Case_Study_Materials.tex
Converting /Users/jayshitre/Projects/dfs/BookWebsite2/BookWebsite/chapters/Case_Study_Materials.tex to MDX...
Updating routes...

        Successfully processed chapter:
        - Converted new /Users/jayshitre/Projects/dfs/BookWebsite2/BookWebsite/chapters/Case_Study_Materials.tex to MDX
        - Placed in /Users/jayshitre/Projects/dfs/BookWebsite2/BookWebsite/contents/docs/chapters/Case_Study_Materials/index.mdx
        - Updated routes with title: "Case Study Materials" and href: "/Case_Study_Materials"
    

Checking Case_Study_MolecularProperties.tex with title "Case Study MolecularProperties"...
Converting new chapter: /Users/jayshitre/Projects/dfs/BookWebsite2/BookWebsite/chapters/Case_Study_MolecularProperties.tex
Converting /Users/jayshitre/Projects/dfs/BookWebsite2/BookWebsite/chapters/Case_Study_MolecularProperties.tex to MDX...
Updating routes...

        Successfully processed chapter:
        - Converted new /Users/jayshitre/Projects/dfs/BookWebsite2/BookWebsite/chapters/Case_Study_MolecularProperties.tex to MDX
        - Placed in /Users/jayshitre/Projects/dfs/BookWebsite2/BookWebsite/contents/docs/chapters/Case_Study_MolecularProperties/index.mdx
        - Updated routes with title: "Case Study MolecularProperties" and href: "/Case_Study_MolecularProperties"
    

Checking Case_Study_Water.tex with title "Case Study Water"...
Converting new chapter: /Users/jayshitre/Projects/dfs/BookWebsite2/BookWebsite/chapters/Case_Study_Water.tex
Converting /Users/jayshitre/Projects/dfs/BookWebsite2/BookWebsite/chapters/Case_Study_Water.tex to MDX...
Updating routes...

        Successfully processed chapter:
        - Converted new /Users/jayshitre/Projects/dfs/BookWebsite2/BookWebsite/chapters/Case_Study_Water.tex to MDX
        - Placed in /Users/jayshitre/Projects/dfs/BookWebsite2/BookWebsite/contents/docs/chapters/Case_Study_Water/index.mdx
        - Updated routes with title: "Case Study Water" and href: "/Case_Study_Water"
    

Checking ConvNets.tex with title "ConvNets"...
Converting new chapter: /Users/jayshitre/Projects/dfs/BookWebsite2/BookWebsite/chapters/ConvNets.tex
Converting /Users/jayshitre/Projects/dfs/BookWebsite2/BookWebsite/chapters/ConvNets.tex to MDX...
Updating routes...

        Successfully processed chapter:
        - Converted new /Users/jayshitre/Projects/dfs/BookWebsite2/BookWebsite/chapters/ConvNets.tex to MDX
        - Placed in /Users/jayshitre/Projects/dfs/BookWebsite2/BookWebsite/contents/docs/chapters/ConvNets/index.mdx
        - Updated routes with title: "ConvNets" and href: "/ConvNets"
    

Checking DL_MaxwellEquations.tex with title "DL MaxwellEquations"...
Converting new chapter: /Users/jayshitre/Projects/dfs/BookWebsite2/BookWebsite/chapters/DL_MaxwellEquations.tex
Converting /Users/jayshitre/Projects/dfs/BookWebsite2/BookWebsite/chapters/DL_MaxwellEquations.tex to MDX...
Updating routes...

        Successfully processed chapter:
        - Converted new /Users/jayshitre/Projects/dfs/BookWebsite2/BookWebsite/chapters/DL_MaxwellEquations.tex to MDX
        - Placed in /Users/jayshitre/Projects/dfs/BookWebsite2/BookWebsite/contents/docs/chapters/DL_MaxwellEquations/index.mdx
        - Updated routes with title: "DL MaxwellEquations" and href: "/DL_MaxwellEquations"
    

Checking DeepEquilibrium.tex with title "DeepEquilibrium"...
Converting new chapter: /Users/jayshitre/Projects/dfs/BookWebsite2/BookWebsite/chapters/DeepEquilibrium.tex
Converting /Users/jayshitre/Projects/dfs/BookWebsite2/BookWebsite/chapters/DeepEquilibrium.tex to MDX...
Updating routes...

        Successfully processed chapter:
        - Converted new /Users/jayshitre/Projects/dfs/BookWebsite2/BookWebsite/chapters/DeepEquilibrium.tex to MDX
        - Placed in /Users/jayshitre/Projects/dfs/BookWebsite2/BookWebsite/contents/docs/chapters/DeepEquilibrium/index.mdx
        - Updated routes with title: "DeepEquilibrium" and href: "/DeepEquilibrium"
    

Checking Differentiable_Programming.tex with title "Differentiable Programming"...
Converting new chapter: /Users/jayshitre/Projects/dfs/BookWebsite2/BookWebsite/chapters/Differentiable_Programming.tex
Converting /Users/jayshitre/Projects/dfs/BookWebsite2/BookWebsite/chapters/Differentiable_Programming.tex to MDX...
Updating routes...

        Successfully processed chapter:
        - Converted new /Users/jayshitre/Projects/dfs/BookWebsite2/BookWebsite/chapters/Differentiable_Programming.tex to MDX
        - Placed in /Users/jayshitre/Projects/dfs/BookWebsite2/BookWebsite/contents/docs/chapters/Differentiable_Programming/index.mdx
        - Updated routes with title: "Differentiable Programming" and href: "/Differentiable_Programming"
    

Checking E3NN.tex with title "E3NN"...
Converting new chapter: /Users/jayshitre/Projects/dfs/BookWebsite2/BookWebsite/chapters/E3NN.tex
Converting /Users/jayshitre/Projects/dfs/BookWebsite2/BookWebsite/chapters/E3NN.tex to MDX...
Updating routes...

        Successfully processed chapter:
        - Converted new /Users/jayshitre/Projects/dfs/BookWebsite2/BookWebsite/chapters/E3NN.tex to MDX
        - Placed in /Users/jayshitre/Projects/dfs/BookWebsite2/BookWebsite/contents/docs/chapters/E3NN/index.mdx
        - Updated routes with title: "E3NN" and href: "/E3NN"
    

Checking Fluids_HiddenFD.tex with title "Fluids HiddenFD"...
Converting new chapter: /Users/jayshitre/Projects/dfs/BookWebsite2/BookWebsite/chapters/Fluids_HiddenFD.tex
Converting /Users/jayshitre/Projects/dfs/BookWebsite2/BookWebsite/chapters/Fluids_HiddenFD.tex to MDX...
Updating routes...

        Successfully processed chapter:
        - Converted new /Users/jayshitre/Projects/dfs/BookWebsite2/BookWebsite/chapters/Fluids_HiddenFD.tex to MDX
        - Placed in /Users/jayshitre/Projects/dfs/BookWebsite2/BookWebsite/contents/docs/chapters/Fluids_HiddenFD/index.mdx
        - Updated routes with title: "Fluids HiddenFD" and href: "/Fluids_HiddenFD"
    

Checking HamiltonianNNs.tex with title "HamiltonianNNs"...
Converting new chapter: /Users/jayshitre/Projects/dfs/BookWebsite2/BookWebsite/chapters/HamiltonianNNs.tex
Converting /Users/jayshitre/Projects/dfs/BookWebsite2/BookWebsite/chapters/HamiltonianNNs.tex to MDX...
Updating routes...

        Successfully processed chapter:
        - Converted new /Users/jayshitre/Projects/dfs/BookWebsite2/BookWebsite/chapters/HamiltonianNNs.tex to MDX
        - Placed in /Users/jayshitre/Projects/dfs/BookWebsite2/BookWebsite/contents/docs/chapters/HamiltonianNNs/index.mdx
        - Updated routes with title: "HamiltonianNNs" and href: "/HamiltonianNNs"
    

Checking Integral_Programming.tex with title "Integral Programming"...
Converting new chapter: /Users/jayshitre/Projects/dfs/BookWebsite2/BookWebsite/chapters/Integral_Programming.tex
Converting /Users/jayshitre/Projects/dfs/BookWebsite2/BookWebsite/chapters/Integral_Programming.tex to MDX...
Updating routes...

        Successfully processed chapter:
        - Converted new /Users/jayshitre/Projects/dfs/BookWebsite2/BookWebsite/chapters/Integral_Programming.tex to MDX
        - Placed in /Users/jayshitre/Projects/dfs/BookWebsite2/BookWebsite/contents/docs/chapters/Integral_Programming/index.mdx
        - Updated routes with title: "Integral Programming" and href: "/Integral_Programming"
    

Checking LagrangianNNs.tex with title "LagrangianNNs"...
Converting new chapter: /Users/jayshitre/Projects/dfs/BookWebsite2/BookWebsite/chapters/LagrangianNNs.tex
Converting /Users/jayshitre/Projects/dfs/BookWebsite2/BookWebsite/chapters/LagrangianNNs.tex to MDX...
Updating routes...

        Successfully processed chapter:
        - Converted new /Users/jayshitre/Projects/dfs/BookWebsite2/BookWebsite/chapters/LagrangianNNs.tex to MDX
        - Placed in /Users/jayshitre/Projects/dfs/BookWebsite2/BookWebsite/contents/docs/chapters/LagrangianNNs/index.mdx
        - Updated routes with title: "LagrangianNNs" and href: "/LagrangianNNs"
    

Checking MD_foundation_model_engine.tex with title "MD Foundation Model Engine"...
Converting new chapter: /Users/jayshitre/Projects/dfs/BookWebsite2/BookWebsite/chapters/MD_foundation_model_engine.tex
Converting /Users/jayshitre/Projects/dfs/BookWebsite2/BookWebsite/chapters/MD_foundation_model_engine.tex to MDX...
Updating routes...

        Successfully processed chapter:
        - Converted new /Users/jayshitre/Projects/dfs/BookWebsite2/BookWebsite/chapters/MD_foundation_model_engine.tex to MDX
        - Placed in /Users/jayshitre/Projects/dfs/BookWebsite2/BookWebsite/contents/docs/chapters/MD_foundation_model_engine/index.mdx
        - Updated routes with title: "MD Foundation Model Engine" and href: "/MD_foundation_model_engine"
    

Checking ML_basics.tex with title "ML Basics"...
Converting new chapter: /Users/jayshitre/Projects/dfs/BookWebsite2/BookWebsite/chapters/ML_basics.tex
Converting /Users/jayshitre/Projects/dfs/BookWebsite2/BookWebsite/chapters/ML_basics.tex to MDX...
Updating routes...

        Successfully processed chapter:
        - Converted new /Users/jayshitre/Projects/dfs/BookWebsite2/BookWebsite/chapters/ML_basics.tex to MDX
        - Placed in /Users/jayshitre/Projects/dfs/BookWebsite2/BookWebsite/contents/docs/chapters/ML_basics/index.mdx
        - Updated routes with title: "ML Basics" and href: "/ML_basics"
    

Checking MathematicalFoundations.tex with title "MathematicalFoundations"...
Converting new chapter: /Users/jayshitre/Projects/dfs/BookWebsite2/BookWebsite/chapters/MathematicalFoundations.tex
Converting /Users/jayshitre/Projects/dfs/BookWebsite2/BookWebsite/chapters/MathematicalFoundations.tex to MDX...
Updating routes...

        Successfully processed chapter:
        - Converted new /Users/jayshitre/Projects/dfs/BookWebsite2/BookWebsite/chapters/MathematicalFoundations.tex to MDX
        - Placed in /Users/jayshitre/Projects/dfs/BookWebsite2/BookWebsite/contents/docs/chapters/MathematicalFoundations/index.mdx
        - Updated routes with title: "MathematicalFoundations" and href: "/MathematicalFoundations"
    

Checking Mixtures.tex with title "Mixtures"...
Converting new chapter: /Users/jayshitre/Projects/dfs/BookWebsite2/BookWebsite/chapters/Mixtures.tex
Converting /Users/jayshitre/Projects/dfs/BookWebsite2/BookWebsite/chapters/Mixtures.tex to MDX...
Updating routes...

        Successfully processed chapter:
        - Converted new /Users/jayshitre/Projects/dfs/BookWebsite2/BookWebsite/chapters/Mixtures.tex to MDX
        - Placed in /Users/jayshitre/Projects/dfs/BookWebsite2/BookWebsite/contents/docs/chapters/Mixtures/index.mdx
        - Updated routes with title: "Mixtures" and href: "/Mixtures"
    

Checking Molecular_ML.tex with title "Molecular ML"...
Converting new chapter: /Users/jayshitre/Projects/dfs/BookWebsite2/BookWebsite/chapters/Molecular_ML.tex
Converting /Users/jayshitre/Projects/dfs/BookWebsite2/BookWebsite/chapters/Molecular_ML.tex to MDX...
Updating routes...

        Successfully processed chapter:
        - Converted new /Users/jayshitre/Projects/dfs/BookWebsite2/BookWebsite/chapters/Molecular_ML.tex to MDX
        - Placed in /Users/jayshitre/Projects/dfs/BookWebsite2/BookWebsite/contents/docs/chapters/Molecular_ML/index.mdx
        - Updated routes with title: "Molecular ML" and href: "/Molecular_ML"
    

Checking PINNs_NS.tex with title "PINNs NS"...
Converting new chapter: /Users/jayshitre/Projects/dfs/BookWebsite2/BookWebsite/chapters/PINNs_NS.tex
Converting /Users/jayshitre/Projects/dfs/BookWebsite2/BookWebsite/chapters/PINNs_NS.tex to MDX...
Updating routes...

        Successfully processed chapter:
        - Converted new /Users/jayshitre/Projects/dfs/BookWebsite2/BookWebsite/chapters/PINNs_NS.tex to MDX
        - Placed in /Users/jayshitre/Projects/dfs/BookWebsite2/BookWebsite/contents/docs/chapters/PINNs_NS/index.mdx
        - Updated routes with title: "PINNs NS" and href: "/PINNs_NS"
    

Checking PINNs_Schrodinger.tex with title "PINNs Schrodinger"...
Converting new chapter: /Users/jayshitre/Projects/dfs/BookWebsite2/BookWebsite/chapters/PINNs_Schrodinger.tex
Converting /Users/jayshitre/Projects/dfs/BookWebsite2/BookWebsite/chapters/PINNs_Schrodinger.tex to MDX...
Updating routes...

        Successfully processed chapter:
        - Converted new /Users/jayshitre/Projects/dfs/BookWebsite2/BookWebsite/chapters/PINNs_Schrodinger.tex to MDX
        - Placed in /Users/jayshitre/Projects/dfs/BookWebsite2/BookWebsite/contents/docs/chapters/PINNs_Schrodinger/index.mdx
        - Updated routes with title: "PINNs Schrodinger" and href: "/PINNs_Schrodinger"
    

Checking PINNs_backup.tex with title "PINNs Backup"...
Converting new chapter: /Users/jayshitre/Projects/dfs/BookWebsite2/BookWebsite/chapters/PINNs_backup.tex
Converting /Users/jayshitre/Projects/dfs/BookWebsite2/BookWebsite/chapters/PINNs_backup.tex to MDX...
Updating routes...

        Successfully processed chapter:
        - Converted new /Users/jayshitre/Projects/dfs/BookWebsite2/BookWebsite/chapters/PINNs_backup.tex to MDX
        - Placed in /Users/jayshitre/Projects/dfs/BookWebsite2/BookWebsite/contents/docs/chapters/PINNs_backup/index.mdx
        - Updated routes with title: "PINNs Backup" and href: "/PINNs_backup"
    

Checking PINNs_idea.tex with title "PINNs Idea"...
Converting new chapter: /Users/jayshitre/Projects/dfs/BookWebsite2/BookWebsite/chapters/PINNs_idea.tex
Converting /Users/jayshitre/Projects/dfs/BookWebsite2/BookWebsite/chapters/PINNs_idea.tex to MDX...
Updating routes...

        Successfully processed chapter:
        - Converted new /Users/jayshitre/Projects/dfs/BookWebsite2/BookWebsite/chapters/PINNs_idea.tex to MDX
        - Placed in /Users/jayshitre/Projects/dfs/BookWebsite2/BookWebsite/contents/docs/chapters/PINNs_idea/index.mdx
        - Updated routes with title: "PINNs Idea" and href: "/PINNs_idea"
    

Checking Plasma_Physics.tex with title "Plasma Physics"...
Converting new chapter: /Users/jayshitre/Projects/dfs/BookWebsite2/BookWebsite/chapters/Plasma_Physics.tex
Converting /Users/jayshitre/Projects/dfs/BookWebsite2/BookWebsite/chapters/Plasma_Physics.tex to MDX...
Updating routes...

        Successfully processed chapter:
        - Converted new /Users/jayshitre/Projects/dfs/BookWebsite2/BookWebsite/chapters/Plasma_Physics.tex to MDX
        - Placed in /Users/jayshitre/Projects/dfs/BookWebsite2/BookWebsite/contents/docs/chapters/Plasma_Physics/index.mdx
        - Updated routes with title: "Plasma Physics" and href: "/Plasma_Physics"
    

Checking RNNs.tex with title "RNNs"...
Converting new chapter: /Users/jayshitre/Projects/dfs/BookWebsite2/BookWebsite/chapters/RNNs.tex
Converting /Users/jayshitre/Projects/dfs/BookWebsite2/BookWebsite/chapters/RNNs.tex to MDX...
Updating routes...

        Successfully processed chapter:
        - Converted new /Users/jayshitre/Projects/dfs/BookWebsite2/BookWebsite/chapters/RNNs.tex to MDX
        - Placed in /Users/jayshitre/Projects/dfs/BookWebsite2/BookWebsite/contents/docs/chapters/RNNs/index.mdx
        - Updated routes with title: "RNNs" and href: "/RNNs"
    

Checking ResidualPhysics_UODEs.tex with title "ResidualPhysics UODEs"...
Converting new chapter: /Users/jayshitre/Projects/dfs/BookWebsite2/BookWebsite/chapters/ResidualPhysics_UODEs.tex
Converting /Users/jayshitre/Projects/dfs/BookWebsite2/BookWebsite/chapters/ResidualPhysics_UODEs.tex to MDX...
Updating routes...

        Successfully processed chapter:
        - Converted new /Users/jayshitre/Projects/dfs/BookWebsite2/BookWebsite/chapters/ResidualPhysics_UODEs.tex to MDX
        - Placed in /Users/jayshitre/Projects/dfs/BookWebsite2/BookWebsite/contents/docs/chapters/ResidualPhysics_UODEs/index.mdx
        - Updated routes with title: "ResidualPhysics UODEs" and href: "/ResidualPhysics_UODEs"
    

Checking String_Theory_And_Quantum_Gravity.tex with title "String Theory And Quantum Gravity"...
Converting new chapter: /Users/jayshitre/Projects/dfs/BookWebsite2/BookWebsite/chapters/String_Theory_And_Quantum_Gravity.tex
Converting /Users/jayshitre/Projects/dfs/BookWebsite2/BookWebsite/chapters/String_Theory_And_Quantum_Gravity.tex to MDX...
Updating routes...

        Successfully processed chapter:
        - Converted new /Users/jayshitre/Projects/dfs/BookWebsite2/BookWebsite/chapters/String_Theory_And_Quantum_Gravity.tex to MDX
        - Placed in /Users/jayshitre/Projects/dfs/BookWebsite2/BookWebsite/contents/docs/chapters/String_Theory_And_Quantum_Gravity/index.mdx
        - Updated routes with title: "String Theory And Quantum Gravity" and href: "/String_Theory_And_Quantum_Gravity"
    

Checking a_differentiable_theory_of_phase_transition.tex with title "A Differentiable Theory Of Phase Transition"...
Converting new chapter: /Users/jayshitre/Projects/dfs/BookWebsite2/BookWebsite/chapters/a_differentiable_theory_of_phase_transition.tex
Converting /Users/jayshitre/Projects/dfs/BookWebsite2/BookWebsite/chapters/a_differentiable_theory_of_phase_transition.tex to MDX...
Updating routes...

        Successfully processed chapter:
        - Converted new /Users/jayshitre/Projects/dfs/BookWebsite2/BookWebsite/chapters/a_differentiable_theory_of_phase_transition.tex to MDX
        - Placed in /Users/jayshitre/Projects/dfs/BookWebsite2/BookWebsite/contents/docs/chapters/a_differentiable_theory_of_phase_transition/index.mdx
        - Updated routes with title: "A Differentiable Theory Of Phase Transition" and href: "/a_differentiable_theory_of_phase_transition"
    

Checking ab_initio_structure_prediction.tex with title "Ab Initio Structure Prediction"...
Converting new chapter: /Users/jayshitre/Projects/dfs/BookWebsite2/BookWebsite/chapters/ab_initio_structure_prediction.tex
Converting /Users/jayshitre/Projects/dfs/BookWebsite2/BookWebsite/chapters/ab_initio_structure_prediction.tex to MDX...
Updating routes...

        Successfully processed chapter:
        - Converted new /Users/jayshitre/Projects/dfs/BookWebsite2/BookWebsite/chapters/ab_initio_structure_prediction.tex to MDX
        - Placed in /Users/jayshitre/Projects/dfs/BookWebsite2/BookWebsite/contents/docs/chapters/ab_initio_structure_prediction/index.mdx
        - Updated routes with title: "Ab Initio Structure Prediction" and href: "/ab_initio_structure_prediction"
    

Checking adsorption.tex with title "Adsorption"...
Converting new chapter: /Users/jayshitre/Projects/dfs/BookWebsite2/BookWebsite/chapters/adsorption.tex
Converting /Users/jayshitre/Projects/dfs/BookWebsite2/BookWebsite/chapters/adsorption.tex to MDX...
Updating routes...

        Successfully processed chapter:
        - Converted new /Users/jayshitre/Projects/dfs/BookWebsite2/BookWebsite/chapters/adsorption.tex to MDX
        - Placed in /Users/jayshitre/Projects/dfs/BookWebsite2/BookWebsite/contents/docs/chapters/adsorption/index.mdx
        - Updated routes with title: "Adsorption" and href: "/adsorption"
    

Checking adversarial_methods.tex with title "Adversarial Methods"...
Converting new chapter: /Users/jayshitre/Projects/dfs/BookWebsite2/BookWebsite/chapters/adversarial_methods.tex
Converting /Users/jayshitre/Projects/dfs/BookWebsite2/BookWebsite/chapters/adversarial_methods.tex to MDX...
Updating routes...

        Successfully processed chapter:
        - Converted new /Users/jayshitre/Projects/dfs/BookWebsite2/BookWebsite/chapters/adversarial_methods.tex to MDX
        - Placed in /Users/jayshitre/Projects/dfs/BookWebsite2/BookWebsite/contents/docs/chapters/adversarial_methods/index.mdx
        - Updated routes with title: "Adversarial Methods" and href: "/adversarial_methods"
    

Checking allegro.tex with title "Allegro"...
Converting new chapter: /Users/jayshitre/Projects/dfs/BookWebsite2/BookWebsite/chapters/allegro.tex
Converting /Users/jayshitre/Projects/dfs/BookWebsite2/BookWebsite/chapters/allegro.tex to MDX...
Updating routes...

        Successfully processed chapter:
        - Converted new /Users/jayshitre/Projects/dfs/BookWebsite2/BookWebsite/chapters/allegro.tex to MDX
        - Placed in /Users/jayshitre/Projects/dfs/BookWebsite2/BookWebsite/contents/docs/chapters/allegro/index.mdx
        - Updated routes with title: "Allegro" and href: "/allegro"
    

Checking allen_cahn_message_passing.tex with title "Allen Cahn Message Passing"...
Converting new chapter: /Users/jayshitre/Projects/dfs/BookWebsite2/BookWebsite/chapters/allen_cahn_message_passing.tex
Converting /Users/jayshitre/Projects/dfs/BookWebsite2/BookWebsite/chapters/allen_cahn_message_passing.tex to MDX...
Updating routes...

        Successfully processed chapter:
        - Converted new /Users/jayshitre/Projects/dfs/BookWebsite2/BookWebsite/chapters/allen_cahn_message_passing.tex to MDX
        - Placed in /Users/jayshitre/Projects/dfs/BookWebsite2/BookWebsite/contents/docs/chapters/allen_cahn_message_passing/index.mdx
        - Updated routes with title: "Allen Cahn Message Passing" and href: "/allen_cahn_message_passing"
    

Checking angular_momentum.tex with title "Angular Momentum"...
Converting new chapter: /Users/jayshitre/Projects/dfs/BookWebsite2/BookWebsite/chapters/angular_momentum.tex
Converting /Users/jayshitre/Projects/dfs/BookWebsite2/BookWebsite/chapters/angular_momentum.tex to MDX...
Updating routes...

        Successfully processed chapter:
        - Converted new /Users/jayshitre/Projects/dfs/BookWebsite2/BookWebsite/chapters/angular_momentum.tex to MDX
        - Placed in /Users/jayshitre/Projects/dfs/BookWebsite2/BookWebsite/contents/docs/chapters/angular_momentum/index.mdx
        - Updated routes with title: "Angular Momentum" and href: "/angular_momentum"
    

Checking angular_momentum_operator.tex with title "Angular Momentum Operator"...
Converting new chapter: /Users/jayshitre/Projects/dfs/BookWebsite2/BookWebsite/chapters/angular_momentum_operator.tex
Converting /Users/jayshitre/Projects/dfs/BookWebsite2/BookWebsite/chapters/angular_momentum_operator.tex to MDX...
Updating routes...

        Successfully processed chapter:
        - Converted new /Users/jayshitre/Projects/dfs/BookWebsite2/BookWebsite/chapters/angular_momentum_operator.tex to MDX
        - Placed in /Users/jayshitre/Projects/dfs/BookWebsite2/BookWebsite/contents/docs/chapters/angular_momentum_operator/index.mdx
        - Updated routes with title: "Angular Momentum Operator" and href: "/angular_momentum_operator"
    

Checking array_semantics.tex with title "Array Semantics"...
Converting new chapter: /Users/jayshitre/Projects/dfs/BookWebsite2/BookWebsite/chapters/array_semantics.tex
Converting /Users/jayshitre/Projects/dfs/BookWebsite2/BookWebsite/chapters/array_semantics.tex to MDX...
Updating routes...

        Successfully processed chapter:
        - Converted new /Users/jayshitre/Projects/dfs/BookWebsite2/BookWebsite/chapters/array_semantics.tex to MDX
        - Placed in /Users/jayshitre/Projects/dfs/BookWebsite2/BookWebsite/contents/docs/chapters/array_semantics/index.mdx
        - Updated routes with title: "Array Semantics" and href: "/array_semantics"
    

Checking autoencoders.tex with title "Autoencoders"...
Converting new chapter: /Users/jayshitre/Projects/dfs/BookWebsite2/BookWebsite/chapters/autoencoders.tex
Converting /Users/jayshitre/Projects/dfs/BookWebsite2/BookWebsite/chapters/autoencoders.tex to MDX...
Updating routes...

        Successfully processed chapter:
        - Converted new /Users/jayshitre/Projects/dfs/BookWebsite2/BookWebsite/chapters/autoencoders.tex to MDX
        - Placed in /Users/jayshitre/Projects/dfs/BookWebsite2/BookWebsite/contents/docs/chapters/autoencoders/index.mdx
        - Updated routes with title: "Autoencoders" and href: "/autoencoders"
    

Checking automatic_differentiation.tex with title "Automatic Differentiation"...
Converting new chapter: /Users/jayshitre/Projects/dfs/BookWebsite2/BookWebsite/chapters/automatic_differentiation.tex
Converting /Users/jayshitre/Projects/dfs/BookWebsite2/BookWebsite/chapters/automatic_differentiation.tex to MDX...
Updating routes...

        Successfully processed chapter:
        - Converted new /Users/jayshitre/Projects/dfs/BookWebsite2/BookWebsite/chapters/automatic_differentiation.tex to MDX
        - Placed in /Users/jayshitre/Projects/dfs/BookWebsite2/BookWebsite/contents/docs/chapters/automatic_differentiation/index.mdx
        - Updated routes with title: "Automatic Differentiation" and href: "/automatic_differentiation"
    

Checking backupCFD_chapter_NODEs.tex with title "BackupCFD Chapter NODEs"...
Converting new chapter: /Users/jayshitre/Projects/dfs/BookWebsite2/BookWebsite/chapters/backupCFD_chapter_NODEs.tex
Converting /Users/jayshitre/Projects/dfs/BookWebsite2/BookWebsite/chapters/backupCFD_chapter_NODEs.tex to MDX...
Updating routes...

        Successfully processed chapter:
        - Converted new /Users/jayshitre/Projects/dfs/BookWebsite2/BookWebsite/chapters/backupCFD_chapter_NODEs.tex to MDX
        - Placed in /Users/jayshitre/Projects/dfs/BookWebsite2/BookWebsite/contents/docs/chapters/backupCFD_chapter_NODEs/index.mdx
        - Updated routes with title: "BackupCFD Chapter NODEs" and href: "/backupCFD_chapter_NODEs"
    

Checking behler_parinello_representations.tex with title "Behler Parinello Representations"...
Converting new chapter: /Users/jayshitre/Projects/dfs/BookWebsite2/BookWebsite/chapters/behler_parinello_representations.tex
Converting /Users/jayshitre/Projects/dfs/BookWebsite2/BookWebsite/chapters/behler_parinello_representations.tex to MDX...
Updating routes...

        Successfully processed chapter:
        - Converted new /Users/jayshitre/Projects/dfs/BookWebsite2/BookWebsite/chapters/behler_parinello_representations.tex to MDX
        - Placed in /Users/jayshitre/Projects/dfs/BookWebsite2/BookWebsite/contents/docs/chapters/behler_parinello_representations/index.mdx
        - Updated routes with title: "Behler Parinello Representations" and href: "/behler_parinello_representations"
    

Checking bloch_sphere.tex with title "Bloch Sphere"...
Converting new chapter: /Users/jayshitre/Projects/dfs/BookWebsite2/BookWebsite/chapters/bloch_sphere.tex
Converting /Users/jayshitre/Projects/dfs/BookWebsite2/BookWebsite/chapters/bloch_sphere.tex to MDX...
Updating routes...

        Successfully processed chapter:
        - Converted new /Users/jayshitre/Projects/dfs/BookWebsite2/BookWebsite/chapters/bloch_sphere.tex to MDX
        - Placed in /Users/jayshitre/Projects/dfs/BookWebsite2/BookWebsite/contents/docs/chapters/bloch_sphere/index.mdx
        - Updated routes with title: "Bloch Sphere" and href: "/bloch_sphere"
    

Checking book.tex with title "Book"...
Converting new chapter: /Users/jayshitre/Projects/dfs/BookWebsite2/BookWebsite/chapters/book.tex
Converting /Users/jayshitre/Projects/dfs/BookWebsite2/BookWebsite/chapters/book.tex to MDX...
Updating routes...

        Successfully processed chapter:
        - Converted new /Users/jayshitre/Projects/dfs/BookWebsite2/BookWebsite/chapters/book.tex to MDX
        - Placed in /Users/jayshitre/Projects/dfs/BookWebsite2/BookWebsite/contents/docs/chapters/book/index.mdx
        - Updated routes with title: "Book" and href: "/book"
    

Checking boundary_value.tex with title "Boundary Value"...
Converting new chapter: /Users/jayshitre/Projects/dfs/BookWebsite2/BookWebsite/chapters/boundary_value.tex
Converting /Users/jayshitre/Projects/dfs/BookWebsite2/BookWebsite/chapters/boundary_value.tex to MDX...
Updating routes...

        Successfully processed chapter:
        - Converted new /Users/jayshitre/Projects/dfs/BookWebsite2/BookWebsite/chapters/boundary_value.tex to MDX
        - Placed in /Users/jayshitre/Projects/dfs/BookWebsite2/BookWebsite/contents/docs/chapters/boundary_value/index.mdx
        - Updated routes with title: "Boundary Value" and href: "/boundary_value"
    

Checking bracketing_and_bisection.tex with title "Bracketing And Bisection"...
Converting new chapter: /Users/jayshitre/Projects/dfs/BookWebsite2/BookWebsite/chapters/bracketing_and_bisection.tex
Converting /Users/jayshitre/Projects/dfs/BookWebsite2/BookWebsite/chapters/bracketing_and_bisection.tex to MDX...
Updating routes...

        Successfully processed chapter:
        - Converted new /Users/jayshitre/Projects/dfs/BookWebsite2/BookWebsite/chapters/bracketing_and_bisection.tex to MDX
        - Placed in /Users/jayshitre/Projects/dfs/BookWebsite2/BookWebsite/contents/docs/chapters/bracketing_and_bisection/index.mdx
        - Updated routes with title: "Bracketing And Bisection" and href: "/bracketing_and_bisection"
    

Checking calculus.tex with title "Calculus"...
Converting new chapter: /Users/jayshitre/Projects/dfs/BookWebsite2/BookWebsite/chapters/calculus.tex
Converting /Users/jayshitre/Projects/dfs/BookWebsite2/BookWebsite/chapters/calculus.tex to MDX...
Updating routes...

        Successfully processed chapter:
        - Converted new /Users/jayshitre/Projects/dfs/BookWebsite2/BookWebsite/chapters/calculus.tex to MDX
        - Placed in /Users/jayshitre/Projects/dfs/BookWebsite2/BookWebsite/contents/docs/chapters/calculus/index.mdx
        - Updated routes with title: "Calculus" and href: "/calculus"
    

Checking chapter17_intro_ML_Physics_part2.tex with title "Chapter17 Intro ML Physics Part2"...
Converting new chapter: /Users/jayshitre/Projects/dfs/BookWebsite2/BookWebsite/chapters/chapter17_intro_ML_Physics_part2.tex
Converting /Users/jayshitre/Projects/dfs/BookWebsite2/BookWebsite/chapters/chapter17_intro_ML_Physics_part2.tex to MDX...
Updating routes...

        Successfully processed chapter:
        - Converted new /Users/jayshitre/Projects/dfs/BookWebsite2/BookWebsite/chapters/chapter17_intro_ML_Physics_part2.tex to MDX
        - Placed in /Users/jayshitre/Projects/dfs/BookWebsite2/BookWebsite/contents/docs/chapters/chapter17_intro_ML_Physics_part2/index.mdx
        - Updated routes with title: "Chapter17 Intro ML Physics Part2" and href: "/chapter17_intro_ML_Physics_part2"
    

Checking chapter17_intro_ML_Physics_part3.tex with title "Chapter17 Intro ML Physics Part3"...
Converting new chapter: /Users/jayshitre/Projects/dfs/BookWebsite2/BookWebsite/chapters/chapter17_intro_ML_Physics_part3.tex
Converting /Users/jayshitre/Projects/dfs/BookWebsite2/BookWebsite/chapters/chapter17_intro_ML_Physics_part3.tex to MDX...
Updating routes...

        Successfully processed chapter:
        - Converted new /Users/jayshitre/Projects/dfs/BookWebsite2/BookWebsite/chapters/chapter17_intro_ML_Physics_part3.tex to MDX
        - Placed in /Users/jayshitre/Projects/dfs/BookWebsite2/BookWebsite/contents/docs/chapters/chapter17_intro_ML_Physics_part3/index.mdx
        - Updated routes with title: "Chapter17 Intro ML Physics Part3" and href: "/chapter17_intro_ML_Physics_part3"
    

Checking chapter17_intro_ML_physics.tex with title "Chapter17 Intro ML Physics"...
Converting new chapter: /Users/jayshitre/Projects/dfs/BookWebsite2/BookWebsite/chapters/chapter17_intro_ML_physics.tex
Converting /Users/jayshitre/Projects/dfs/BookWebsite2/BookWebsite/chapters/chapter17_intro_ML_physics.tex to MDX...
Updating routes...

        Successfully processed chapter:
        - Converted new /Users/jayshitre/Projects/dfs/BookWebsite2/BookWebsite/chapters/chapter17_intro_ML_physics.tex to MDX
        - Placed in /Users/jayshitre/Projects/dfs/BookWebsite2/BookWebsite/contents/docs/chapters/chapter17_intro_ML_physics/index.mdx
        - Updated routes with title: "Chapter17 Intro ML Physics" and href: "/chapter17_intro_ML_physics"
    

Checking chgnet.tex with title "Chgnet"...
Converting new chapter: /Users/jayshitre/Projects/dfs/BookWebsite2/BookWebsite/chapters/chgnet.tex
Converting /Users/jayshitre/Projects/dfs/BookWebsite2/BookWebsite/chapters/chgnet.tex to MDX...
Updating routes...

        Successfully processed chapter:
        - Converted new /Users/jayshitre/Projects/dfs/BookWebsite2/BookWebsite/chapters/chgnet.tex to MDX
        - Placed in /Users/jayshitre/Projects/dfs/BookWebsite2/BookWebsite/contents/docs/chapters/chgnet/index.mdx
        - Updated routes with title: "Chgnet" and href: "/chgnet"
    

Checking classical_field_theory.tex with title "Classical Field Theory"...
Converting new chapter: /Users/jayshitre/Projects/dfs/BookWebsite2/BookWebsite/chapters/classical_field_theory.tex
Converting /Users/jayshitre/Projects/dfs/BookWebsite2/BookWebsite/chapters/classical_field_theory.tex to MDX...
Updating routes...

        Successfully processed chapter:
        - Converted new /Users/jayshitre/Projects/dfs/BookWebsite2/BookWebsite/chapters/classical_field_theory.tex to MDX
        - Placed in /Users/jayshitre/Projects/dfs/BookWebsite2/BookWebsite/contents/docs/chapters/classical_field_theory/index.mdx
        - Updated routes with title: "Classical Field Theory" and href: "/classical_field_theory"
    

Checking classical_thermodynamics.tex with title "Classical Thermodynamics"...
Converting new chapter: /Users/jayshitre/Projects/dfs/BookWebsite2/BookWebsite/chapters/classical_thermodynamics.tex
Converting /Users/jayshitre/Projects/dfs/BookWebsite2/BookWebsite/chapters/classical_thermodynamics.tex to MDX...
Updating routes...

        Successfully processed chapter:
        - Converted new /Users/jayshitre/Projects/dfs/BookWebsite2/BookWebsite/chapters/classical_thermodynamics.tex to MDX
        - Placed in /Users/jayshitre/Projects/dfs/BookWebsite2/BookWebsite/contents/docs/chapters/classical_thermodynamics/index.mdx
        - Updated routes with title: "Classical Thermodynamics" and href: "/classical_thermodynamics"
    

Checking clifford_algebra.tex with title "Clifford Algebra"...
Converting new chapter: /Users/jayshitre/Projects/dfs/BookWebsite2/BookWebsite/chapters/clifford_algebra.tex
Converting /Users/jayshitre/Projects/dfs/BookWebsite2/BookWebsite/chapters/clifford_algebra.tex to MDX...
Updating routes...

        Successfully processed chapter:
        - Converted new /Users/jayshitre/Projects/dfs/BookWebsite2/BookWebsite/chapters/clifford_algebra.tex to MDX
        - Placed in /Users/jayshitre/Projects/dfs/BookWebsite2/BookWebsite/contents/docs/chapters/clifford_algebra/index.mdx
        - Updated routes with title: "Clifford Algebra" and href: "/clifford_algebra"
    

Checking cluster_expansion.tex with title "Cluster Expansion"...
Converting new chapter: /Users/jayshitre/Projects/dfs/BookWebsite2/BookWebsite/chapters/cluster_expansion.tex
Converting /Users/jayshitre/Projects/dfs/BookWebsite2/BookWebsite/chapters/cluster_expansion.tex to MDX...
Updating routes...

        Successfully processed chapter:
        - Converted new /Users/jayshitre/Projects/dfs/BookWebsite2/BookWebsite/chapters/cluster_expansion.tex to MDX
        - Placed in /Users/jayshitre/Projects/dfs/BookWebsite2/BookWebsite/contents/docs/chapters/cluster_expansion/index.mdx
        - Updated routes with title: "Cluster Expansion" and href: "/cluster_expansion"
    

Checking coarse_grained_potentials.tex with title "Coarse Grained Potentials"...
Converting new chapter: /Users/jayshitre/Projects/dfs/BookWebsite2/BookWebsite/chapters/coarse_grained_potentials.tex
Converting /Users/jayshitre/Projects/dfs/BookWebsite2/BookWebsite/chapters/coarse_grained_potentials.tex to MDX...
Updating routes...

        Successfully processed chapter:
        - Converted new /Users/jayshitre/Projects/dfs/BookWebsite2/BookWebsite/chapters/coarse_grained_potentials.tex to MDX
        - Placed in /Users/jayshitre/Projects/dfs/BookWebsite2/BookWebsite/contents/docs/chapters/coarse_grained_potentials/index.mdx
        - Updated routes with title: "Coarse Grained Potentials" and href: "/coarse_grained_potentials"
    

Checking coarse_graining_and_closure_modeling.tex with title "Coarse Graining And Closure Modeling"...
Converting new chapter: /Users/jayshitre/Projects/dfs/BookWebsite2/BookWebsite/chapters/coarse_graining_and_closure_modeling.tex
Converting /Users/jayshitre/Projects/dfs/BookWebsite2/BookWebsite/chapters/coarse_graining_and_closure_modeling.tex to MDX...
Updating routes...

        Successfully processed chapter:
        - Converted new /Users/jayshitre/Projects/dfs/BookWebsite2/BookWebsite/chapters/coarse_graining_and_closure_modeling.tex to MDX
        - Placed in /Users/jayshitre/Projects/dfs/BookWebsite2/BookWebsite/contents/docs/chapters/coarse_graining_and_closure_modeling/index.mdx
        - Updated routes with title: "Coarse Graining And Closure Modeling" and href: "/coarse_graining_and_closure_modeling"
    

Checking complex_analysis.tex with title "Complex Analysis"...
Converting new chapter: /Users/jayshitre/Projects/dfs/BookWebsite2/BookWebsite/chapters/complex_analysis.tex
Converting /Users/jayshitre/Projects/dfs/BookWebsite2/BookWebsite/chapters/complex_analysis.tex to MDX...
Updating routes...

        Successfully processed chapter:
        - Converted new /Users/jayshitre/Projects/dfs/BookWebsite2/BookWebsite/chapters/complex_analysis.tex to MDX
        - Placed in /Users/jayshitre/Projects/dfs/BookWebsite2/BookWebsite/contents/docs/chapters/complex_analysis/index.mdx
        - Updated routes with title: "Complex Analysis" and href: "/complex_analysis"
    

Checking computational_fluid_dynamics.tex with title "Computational Fluid Dynamics"...
Converting new chapter: /Users/jayshitre/Projects/dfs/BookWebsite2/BookWebsite/chapters/computational_fluid_dynamics.tex
Converting /Users/jayshitre/Projects/dfs/BookWebsite2/BookWebsite/chapters/computational_fluid_dynamics.tex to MDX...
Updating routes...

        Successfully processed chapter:
        - Converted new /Users/jayshitre/Projects/dfs/BookWebsite2/BookWebsite/chapters/computational_fluid_dynamics.tex to MDX
        - Placed in /Users/jayshitre/Projects/dfs/BookWebsite2/BookWebsite/contents/docs/chapters/computational_fluid_dynamics/index.mdx
        - Updated routes with title: "Computational Fluid Dynamics" and href: "/computational_fluid_dynamics"
    

Checking condensed_matter.tex with title "Condensed Matter"...
Converting new chapter: /Users/jayshitre/Projects/dfs/BookWebsite2/BookWebsite/chapters/condensed_matter.tex
Converting /Users/jayshitre/Projects/dfs/BookWebsite2/BookWebsite/chapters/condensed_matter.tex to MDX...
Updating routes...

        Successfully processed chapter:
        - Converted new /Users/jayshitre/Projects/dfs/BookWebsite2/BookWebsite/chapters/condensed_matter.tex to MDX
        - Placed in /Users/jayshitre/Projects/dfs/BookWebsite2/BookWebsite/contents/docs/chapters/condensed_matter/index.mdx
        - Updated routes with title: "Condensed Matter" and href: "/condensed_matter"
    

Checking cormorant.tex with title "Cormorant"...
Converting new chapter: /Users/jayshitre/Projects/dfs/BookWebsite2/BookWebsite/chapters/cormorant.tex
Converting /Users/jayshitre/Projects/dfs/BookWebsite2/BookWebsite/chapters/cormorant.tex to MDX...
Updating routes...

        Successfully processed chapter:
        - Converted new /Users/jayshitre/Projects/dfs/BookWebsite2/BookWebsite/chapters/cormorant.tex to MDX
        - Placed in /Users/jayshitre/Projects/dfs/BookWebsite2/BookWebsite/contents/docs/chapters/cormorant/index.mdx
        - Updated routes with title: "Cormorant" and href: "/cormorant"
    

Checking correlations_and_renormalization_group_theory.tex with title "Correlations And Renormalization Group Theory"...
Converting new chapter: /Users/jayshitre/Projects/dfs/BookWebsite2/BookWebsite/chapters/correlations_and_renormalization_group_theory.tex
Converting /Users/jayshitre/Projects/dfs/BookWebsite2/BookWebsite/chapters/correlations_and_renormalization_group_theory.tex to MDX...
Updating routes...

        Successfully processed chapter:
        - Converted new /Users/jayshitre/Projects/dfs/BookWebsite2/BookWebsite/chapters/correlations_and_renormalization_group_theory.tex to MDX
        - Placed in /Users/jayshitre/Projects/dfs/BookWebsite2/BookWebsite/contents/docs/chapters/correlations_and_renormalization_group_theory/index.mdx
        - Updated routes with title: "Correlations And Renormalization Group Theory" and href: "/correlations_and_renormalization_group_theory"
    

Checking coupled_cluster.tex with title "Coupled Cluster"...
Converting new chapter: /Users/jayshitre/Projects/dfs/BookWebsite2/BookWebsite/chapters/coupled_cluster.tex
Converting /Users/jayshitre/Projects/dfs/BookWebsite2/BookWebsite/chapters/coupled_cluster.tex to MDX...
Updating routes...

        Successfully processed chapter:
        - Converted new /Users/jayshitre/Projects/dfs/BookWebsite2/BookWebsite/chapters/coupled_cluster.tex to MDX
        - Placed in /Users/jayshitre/Projects/dfs/BookWebsite2/BookWebsite/contents/docs/chapters/coupled_cluster/index.mdx
        - Updated routes with title: "Coupled Cluster" and href: "/coupled_cluster"
    

Checking covariance_contravariance.tex with title "Covariance Contravariance"...
Converting new chapter: /Users/jayshitre/Projects/dfs/BookWebsite2/BookWebsite/chapters/covariance_contravariance.tex
Converting /Users/jayshitre/Projects/dfs/BookWebsite2/BookWebsite/chapters/covariance_contravariance.tex to MDX...
Updating routes...

        Successfully processed chapter:
        - Converted new /Users/jayshitre/Projects/dfs/BookWebsite2/BookWebsite/chapters/covariance_contravariance.tex to MDX
        - Placed in /Users/jayshitre/Projects/dfs/BookWebsite2/BookWebsite/contents/docs/chapters/covariance_contravariance/index.mdx
        - Updated routes with title: "Covariance Contravariance" and href: "/covariance_contravariance"
    

Checking covariant_derivative_connection.tex with title "Covariant Derivative Connection"...
Converting new chapter: /Users/jayshitre/Projects/dfs/BookWebsite2/BookWebsite/chapters/covariant_derivative_connection.tex
Converting /Users/jayshitre/Projects/dfs/BookWebsite2/BookWebsite/chapters/covariant_derivative_connection.tex to MDX...
Updating routes...

        Successfully processed chapter:
        - Converted new /Users/jayshitre/Projects/dfs/BookWebsite2/BookWebsite/chapters/covariant_derivative_connection.tex to MDX
        - Placed in /Users/jayshitre/Projects/dfs/BookWebsite2/BookWebsite/contents/docs/chapters/covariant_derivative_connection/index.mdx
        - Updated routes with title: "Covariant Derivative Connection" and href: "/covariant_derivative_connection"
    

Checking creation_and_annihilation_operators.tex with title "Creation And Annihilation Operators"...
Converting new chapter: /Users/jayshitre/Projects/dfs/BookWebsite2/BookWebsite/chapters/creation_and_annihilation_operators.tex
Converting /Users/jayshitre/Projects/dfs/BookWebsite2/BookWebsite/chapters/creation_and_annihilation_operators.tex to MDX...
Updating routes...

        Successfully processed chapter:
        - Converted new /Users/jayshitre/Projects/dfs/BookWebsite2/BookWebsite/chapters/creation_and_annihilation_operators.tex to MDX
        - Placed in /Users/jayshitre/Projects/dfs/BookWebsite2/BookWebsite/contents/docs/chapters/creation_and_annihilation_operators/index.mdx
        - Updated routes with title: "Creation And Annihilation Operators" and href: "/creation_and_annihilation_operators"
    

Checking critical_behavior_ising_model.tex with title "Critical Behavior Ising Model"...
Converting new chapter: /Users/jayshitre/Projects/dfs/BookWebsite2/BookWebsite/chapters/critical_behavior_ising_model.tex
Converting /Users/jayshitre/Projects/dfs/BookWebsite2/BookWebsite/chapters/critical_behavior_ising_model.tex to MDX...
Updating routes...

        Successfully processed chapter:
        - Converted new /Users/jayshitre/Projects/dfs/BookWebsite2/BookWebsite/chapters/critical_behavior_ising_model.tex to MDX
        - Placed in /Users/jayshitre/Projects/dfs/BookWebsite2/BookWebsite/contents/docs/chapters/critical_behavior_ising_model/index.mdx
        - Updated routes with title: "Critical Behavior Ising Model" and href: "/critical_behavior_ising_model"
    

Checking crystal_graph_convs.tex with title "Crystal Graph Convs"...
Converting new chapter: /Users/jayshitre/Projects/dfs/BookWebsite2/BookWebsite/chapters/crystal_graph_convs.tex
Converting /Users/jayshitre/Projects/dfs/BookWebsite2/BookWebsite/chapters/crystal_graph_convs.tex to MDX...
Updating routes...

        Successfully processed chapter:
        - Converted new /Users/jayshitre/Projects/dfs/BookWebsite2/BookWebsite/chapters/crystal_graph_convs.tex to MDX
        - Placed in /Users/jayshitre/Projects/dfs/BookWebsite2/BookWebsite/contents/docs/chapters/crystal_graph_convs/index.mdx
        - Updated routes with title: "Crystal Graph Convs" and href: "/crystal_graph_convs"
    

Checking data_interpolation.tex with title "Data Interpolation"...
Converting new chapter: /Users/jayshitre/Projects/dfs/BookWebsite2/BookWebsite/chapters/data_interpolation.tex
Converting /Users/jayshitre/Projects/dfs/BookWebsite2/BookWebsite/chapters/data_interpolation.tex to MDX...
Updating routes...

        Successfully processed chapter:
        - Converted new /Users/jayshitre/Projects/dfs/BookWebsite2/BookWebsite/chapters/data_interpolation.tex to MDX
        - Placed in /Users/jayshitre/Projects/dfs/BookWebsite2/BookWebsite/contents/docs/chapters/data_interpolation/index.mdx
        - Updated routes with title: "Data Interpolation" and href: "/data_interpolation"
    

Checking deep_electronic_schrodingers.tex with title "Deep Electronic Schrodingers"...
Converting new chapter: /Users/jayshitre/Projects/dfs/BookWebsite2/BookWebsite/chapters/deep_electronic_schrodingers.tex
Converting /Users/jayshitre/Projects/dfs/BookWebsite2/BookWebsite/chapters/deep_electronic_schrodingers.tex to MDX...
Updating routes...

        Successfully processed chapter:
        - Converted new /Users/jayshitre/Projects/dfs/BookWebsite2/BookWebsite/chapters/deep_electronic_schrodingers.tex to MDX
        - Placed in /Users/jayshitre/Projects/dfs/BookWebsite2/BookWebsite/contents/docs/chapters/deep_electronic_schrodingers/index.mdx
        - Updated routes with title: "Deep Electronic Schrodingers" and href: "/deep_electronic_schrodingers"
    

Checking deep_gaussian.tex with title "Deep Gaussian"...
Converting new chapter: /Users/jayshitre/Projects/dfs/BookWebsite2/BookWebsite/chapters/deep_gaussian.tex
Converting /Users/jayshitre/Projects/dfs/BookWebsite2/BookWebsite/chapters/deep_gaussian.tex to MDX...
Updating routes...

        Successfully processed chapter:
        - Converted new /Users/jayshitre/Projects/dfs/BookWebsite2/BookWebsite/chapters/deep_gaussian.tex to MDX
        - Placed in /Users/jayshitre/Projects/dfs/BookWebsite2/BookWebsite/contents/docs/chapters/deep_gaussian/index.mdx
        - Updated routes with title: "Deep Gaussian" and href: "/deep_gaussian"
    

Checking deep_onet.tex with title "Deep Onet"...
Converting new chapter: /Users/jayshitre/Projects/dfs/BookWebsite2/BookWebsite/chapters/deep_onet.tex
Converting /Users/jayshitre/Projects/dfs/BookWebsite2/BookWebsite/chapters/deep_onet.tex to MDX...
Updating routes...

        Successfully processed chapter:
        - Converted new /Users/jayshitre/Projects/dfs/BookWebsite2/BookWebsite/chapters/deep_onet.tex to MDX
        - Placed in /Users/jayshitre/Projects/dfs/BookWebsite2/BookWebsite/contents/docs/chapters/deep_onet/index.mdx
        - Updated routes with title: "Deep Onet" and href: "/deep_onet"
    

Checking deepmdkit.tex with title "Deepmdkit"...
Converting new chapter: /Users/jayshitre/Projects/dfs/BookWebsite2/BookWebsite/chapters/deepmdkit.tex
Converting /Users/jayshitre/Projects/dfs/BookWebsite2/BookWebsite/chapters/deepmdkit.tex to MDX...
Updating routes...

        Successfully processed chapter:
        - Converted new /Users/jayshitre/Projects/dfs/BookWebsite2/BookWebsite/chapters/deepmdkit.tex to MDX
        - Placed in /Users/jayshitre/Projects/dfs/BookWebsite2/BookWebsite/contents/docs/chapters/deepmdkit/index.mdx
        - Updated routes with title: "Deepmdkit" and href: "/deepmdkit"
    

Checking density_functional_theory.tex with title "Density Functional Theory"...
Converting new chapter: /Users/jayshitre/Projects/dfs/BookWebsite2/BookWebsite/chapters/density_functional_theory.tex
Converting /Users/jayshitre/Projects/dfs/BookWebsite2/BookWebsite/chapters/density_functional_theory.tex to MDX...
Updating routes...

        Successfully processed chapter:
        - Converted new /Users/jayshitre/Projects/dfs/BookWebsite2/BookWebsite/chapters/density_functional_theory.tex to MDX
        - Placed in /Users/jayshitre/Projects/dfs/BookWebsite2/BookWebsite/contents/docs/chapters/density_functional_theory/index.mdx
        - Updated routes with title: "Density Functional Theory" and href: "/density_functional_theory"
    

Checking dependent_types.tex with title "Dependent Types"...
Converting new chapter: /Users/jayshitre/Projects/dfs/BookWebsite2/BookWebsite/chapters/dependent_types.tex
Converting /Users/jayshitre/Projects/dfs/BookWebsite2/BookWebsite/chapters/dependent_types.tex to MDX...
Updating routes...

        Successfully processed chapter:
        - Converted new /Users/jayshitre/Projects/dfs/BookWebsite2/BookWebsite/chapters/dependent_types.tex to MDX
        - Placed in /Users/jayshitre/Projects/dfs/BookWebsite2/BookWebsite/contents/docs/chapters/dependent_types/index.mdx
        - Updated routes with title: "Dependent Types" and href: "/dependent_types"
    

Checking designing_superconductors.tex with title "Designing Superconductors"...
Converting new chapter: /Users/jayshitre/Projects/dfs/BookWebsite2/BookWebsite/chapters/designing_superconductors.tex
Converting /Users/jayshitre/Projects/dfs/BookWebsite2/BookWebsite/chapters/designing_superconductors.tex to MDX...
Updating routes...

        Successfully processed chapter:
        - Converted new /Users/jayshitre/Projects/dfs/BookWebsite2/BookWebsite/chapters/designing_superconductors.tex to MDX
        - Placed in /Users/jayshitre/Projects/dfs/BookWebsite2/BookWebsite/contents/docs/chapters/designing_superconductors/index.mdx
        - Updated routes with title: "Designing Superconductors" and href: "/designing_superconductors"
    

Checking differentiable_convex.tex with title "Differentiable Convex"...
Converting new chapter: /Users/jayshitre/Projects/dfs/BookWebsite2/BookWebsite/chapters/differentiable_convex.tex
Converting /Users/jayshitre/Projects/dfs/BookWebsite2/BookWebsite/chapters/differentiable_convex.tex to MDX...
Updating routes...

        Successfully processed chapter:
        - Converted new /Users/jayshitre/Projects/dfs/BookWebsite2/BookWebsite/chapters/differentiable_convex.tex to MDX
        - Placed in /Users/jayshitre/Projects/dfs/BookWebsite2/BookWebsite/contents/docs/chapters/differentiable_convex/index.mdx
        - Updated routes with title: "Differentiable Convex" and href: "/differentiable_convex"
    

Checking differentiable_fluid_dynamics.tex with title "Differentiable Fluid Dynamics"...
Converting new chapter: /Users/jayshitre/Projects/dfs/BookWebsite2/BookWebsite/chapters/differentiable_fluid_dynamics.tex
Converting /Users/jayshitre/Projects/dfs/BookWebsite2/BookWebsite/chapters/differentiable_fluid_dynamics.tex to MDX...
Updating routes...

        Successfully processed chapter:
        - Converted new /Users/jayshitre/Projects/dfs/BookWebsite2/BookWebsite/chapters/differentiable_fluid_dynamics.tex to MDX
        - Placed in /Users/jayshitre/Projects/dfs/BookWebsite2/BookWebsite/contents/docs/chapters/differentiable_fluid_dynamics/index.mdx
        - Updated routes with title: "Differentiable Fluid Dynamics" and href: "/differentiable_fluid_dynamics"
    

Checking differentiable_md.tex with title "Differentiable Md"...
Converting new chapter: /Users/jayshitre/Projects/dfs/BookWebsite2/BookWebsite/chapters/differentiable_md.tex
Converting /Users/jayshitre/Projects/dfs/BookWebsite2/BookWebsite/chapters/differentiable_md.tex to MDX...
Updating routes...

        Successfully processed chapter:
        - Converted new /Users/jayshitre/Projects/dfs/BookWebsite2/BookWebsite/chapters/differentiable_md.tex to MDX
        - Placed in /Users/jayshitre/Projects/dfs/BookWebsite2/BookWebsite/contents/docs/chapters/differentiable_md/index.mdx
        - Updated routes with title: "Differentiable Md" and href: "/differentiable_md"
    

Checking differentiable_meshing.tex with title "Differentiable Meshing"...
Converting new chapter: /Users/jayshitre/Projects/dfs/BookWebsite2/BookWebsite/chapters/differentiable_meshing.tex
Converting /Users/jayshitre/Projects/dfs/BookWebsite2/BookWebsite/chapters/differentiable_meshing.tex to MDX...
Updating routes...

        Successfully processed chapter:
        - Converted new /Users/jayshitre/Projects/dfs/BookWebsite2/BookWebsite/chapters/differentiable_meshing.tex to MDX
        - Placed in /Users/jayshitre/Projects/dfs/BookWebsite2/BookWebsite/contents/docs/chapters/differentiable_meshing/index.mdx
        - Updated routes with title: "Differentiable Meshing" and href: "/differentiable_meshing"
    

Checking differentiable_phonon_simulation.tex with title "Differentiable Phonon Simulation"...
Converting new chapter: /Users/jayshitre/Projects/dfs/BookWebsite2/BookWebsite/chapters/differentiable_phonon_simulation.tex
Converting /Users/jayshitre/Projects/dfs/BookWebsite2/BookWebsite/chapters/differentiable_phonon_simulation.tex to MDX...
Updating routes...

        Successfully processed chapter:
        - Converted new /Users/jayshitre/Projects/dfs/BookWebsite2/BookWebsite/chapters/differentiable_phonon_simulation.tex to MDX
        - Placed in /Users/jayshitre/Projects/dfs/BookWebsite2/BookWebsite/contents/docs/chapters/differentiable_phonon_simulation/index.mdx
        - Updated routes with title: "Differentiable Phonon Simulation" and href: "/differentiable_phonon_simulation"
    

Checking differentiable_quantum_chemistry.tex with title "Differentiable Quantum Chemistry"...
Converting new chapter: /Users/jayshitre/Projects/dfs/BookWebsite2/BookWebsite/chapters/differentiable_quantum_chemistry.tex
Converting /Users/jayshitre/Projects/dfs/BookWebsite2/BookWebsite/chapters/differentiable_quantum_chemistry.tex to MDX...
Updating routes...

        Successfully processed chapter:
        - Converted new /Users/jayshitre/Projects/dfs/BookWebsite2/BookWebsite/chapters/differentiable_quantum_chemistry.tex to MDX
        - Placed in /Users/jayshitre/Projects/dfs/BookWebsite2/BookWebsite/contents/docs/chapters/differentiable_quantum_chemistry/index.mdx
        - Updated routes with title: "Differentiable Quantum Chemistry" and href: "/differentiable_quantum_chemistry"
    

Checking differentiable_semantics.tex with title "Differentiable Semantics"...
Converting new chapter: /Users/jayshitre/Projects/dfs/BookWebsite2/BookWebsite/chapters/differentiable_semantics.tex
Converting /Users/jayshitre/Projects/dfs/BookWebsite2/BookWebsite/chapters/differentiable_semantics.tex to MDX...
Updating routes...

        Successfully processed chapter:
        - Converted new /Users/jayshitre/Projects/dfs/BookWebsite2/BookWebsite/chapters/differentiable_semantics.tex to MDX
        - Placed in /Users/jayshitre/Projects/dfs/BookWebsite2/BookWebsite/contents/docs/chapters/differentiable_semantics/index.mdx
        - Updated routes with title: "Differentiable Semantics" and href: "/differentiable_semantics"
    

Checking dirac_equation.tex with title "Dirac Equation"...
Converting new chapter: /Users/jayshitre/Projects/dfs/BookWebsite2/BookWebsite/chapters/dirac_equation.tex
Converting /Users/jayshitre/Projects/dfs/BookWebsite2/BookWebsite/chapters/dirac_equation.tex to MDX...
Updating routes...

        Successfully processed chapter:
        - Converted new /Users/jayshitre/Projects/dfs/BookWebsite2/BookWebsite/chapters/dirac_equation.tex to MDX
        - Placed in /Users/jayshitre/Projects/dfs/BookWebsite2/BookWebsite/contents/docs/chapters/dirac_equation/index.mdx
        - Updated routes with title: "Dirac Equation" and href: "/dirac_equation"
    

Checking distributions.tex with title "Distributions"...
Converting new chapter: /Users/jayshitre/Projects/dfs/BookWebsite2/BookWebsite/chapters/distributions.tex
Converting /Users/jayshitre/Projects/dfs/BookWebsite2/BookWebsite/chapters/distributions.tex to MDX...
Updating routes...

        Successfully processed chapter:
        - Converted new /Users/jayshitre/Projects/dfs/BookWebsite2/BookWebsite/chapters/distributions.tex to MDX
        - Placed in /Users/jayshitre/Projects/dfs/BookWebsite2/BookWebsite/contents/docs/chapters/distributions/index.mdx
        - Updated routes with title: "Distributions" and href: "/distributions"
    

Checking dtnn.tex with title "Dtnn"...
Converting new chapter: /Users/jayshitre/Projects/dfs/BookWebsite2/BookWebsite/chapters/dtnn.tex
Converting /Users/jayshitre/Projects/dfs/BookWebsite2/BookWebsite/chapters/dtnn.tex to MDX...
Updating routes...

        Successfully processed chapter:
        - Converted new /Users/jayshitre/Projects/dfs/BookWebsite2/BookWebsite/chapters/dtnn.tex to MDX
        - Placed in /Users/jayshitre/Projects/dfs/BookWebsite2/BookWebsite/contents/docs/chapters/dtnn/index.mdx
        - Updated routes with title: "Dtnn" and href: "/dtnn"
    

Checking dynamical_systems.tex with title "Dynamical Systems"...
Converting new chapter: /Users/jayshitre/Projects/dfs/BookWebsite2/BookWebsite/chapters/dynamical_systems.tex
Converting /Users/jayshitre/Projects/dfs/BookWebsite2/BookWebsite/chapters/dynamical_systems.tex to MDX...
Updating routes...

        Successfully processed chapter:
        - Converted new /Users/jayshitre/Projects/dfs/BookWebsite2/BookWebsite/chapters/dynamical_systems.tex to MDX
        - Placed in /Users/jayshitre/Projects/dfs/BookWebsite2/BookWebsite/contents/docs/chapters/dynamical_systems/index.mdx
        - Updated routes with title: "Dynamical Systems" and href: "/dynamical_systems"
    

Checking effective_field_theory.tex with title "Effective Field Theory"...
Converting new chapter: /Users/jayshitre/Projects/dfs/BookWebsite2/BookWebsite/chapters/effective_field_theory.tex
Converting /Users/jayshitre/Projects/dfs/BookWebsite2/BookWebsite/chapters/effective_field_theory.tex to MDX...
Updating routes...

        Successfully processed chapter:
        - Converted new /Users/jayshitre/Projects/dfs/BookWebsite2/BookWebsite/chapters/effective_field_theory.tex to MDX
        - Placed in /Users/jayshitre/Projects/dfs/BookWebsite2/BookWebsite/contents/docs/chapters/effective_field_theory/index.mdx
        - Updated routes with title: "Effective Field Theory" and href: "/effective_field_theory"
    

Checking electric_current_and_magnetic_field.tex with title "Electric Current And Magnetic Field"...
Converting new chapter: /Users/jayshitre/Projects/dfs/BookWebsite2/BookWebsite/chapters/electric_current_and_magnetic_field.tex
Converting /Users/jayshitre/Projects/dfs/BookWebsite2/BookWebsite/chapters/electric_current_and_magnetic_field.tex to MDX...
Updating routes...

        Successfully processed chapter:
        - Converted new /Users/jayshitre/Projects/dfs/BookWebsite2/BookWebsite/chapters/electric_current_and_magnetic_field.tex to MDX
        - Placed in /Users/jayshitre/Projects/dfs/BookWebsite2/BookWebsite/contents/docs/chapters/electric_current_and_magnetic_field/index.mdx
        - Updated routes with title: "Electric Current And Magnetic Field" and href: "/electric_current_and_magnetic_field"
    

Checking electrical_circuits.tex with title "Electrical Circuits"...
Converting new chapter: /Users/jayshitre/Projects/dfs/BookWebsite2/BookWebsite/chapters/electrical_circuits.tex
Converting /Users/jayshitre/Projects/dfs/BookWebsite2/BookWebsite/chapters/electrical_circuits.tex to MDX...
Updating routes...

        Successfully processed chapter:
        - Converted new /Users/jayshitre/Projects/dfs/BookWebsite2/BookWebsite/chapters/electrical_circuits.tex to MDX
        - Placed in /Users/jayshitre/Projects/dfs/BookWebsite2/BookWebsite/contents/docs/chapters/electrical_circuits/index.mdx
        - Updated routes with title: "Electrical Circuits" and href: "/electrical_circuits"
    

Checking electrolytes.tex with title "Electrolytes"...
Converting new chapter: /Users/jayshitre/Projects/dfs/BookWebsite2/BookWebsite/chapters/electrolytes.tex
Converting /Users/jayshitre/Projects/dfs/BookWebsite2/BookWebsite/chapters/electrolytes.tex to MDX...
Updating routes...

        Successfully processed chapter:
        - Converted new /Users/jayshitre/Projects/dfs/BookWebsite2/BookWebsite/chapters/electrolytes.tex to MDX
        - Placed in /Users/jayshitre/Projects/dfs/BookWebsite2/BookWebsite/contents/docs/chapters/electrolytes/index.mdx
        - Updated routes with title: "Electrolytes" and href: "/electrolytes"
    

Checking electron_structure_theory.tex with title "Electron Structure Theory"...
Converting new chapter: /Users/jayshitre/Projects/dfs/BookWebsite2/BookWebsite/chapters/electron_structure_theory.tex
Converting /Users/jayshitre/Projects/dfs/BookWebsite2/BookWebsite/chapters/electron_structure_theory.tex to MDX...
Updating routes...

        Successfully processed chapter:
        - Converted new /Users/jayshitre/Projects/dfs/BookWebsite2/BookWebsite/chapters/electron_structure_theory.tex to MDX
        - Placed in /Users/jayshitre/Projects/dfs/BookWebsite2/BookWebsite/contents/docs/chapters/electron_structure_theory/index.mdx
        - Updated routes with title: "Electron Structure Theory" and href: "/electron_structure_theory"
    

Checking electrons_in_metals.tex with title "Electrons In Metals"...
Converting new chapter: /Users/jayshitre/Projects/dfs/BookWebsite2/BookWebsite/chapters/electrons_in_metals.tex
Converting /Users/jayshitre/Projects/dfs/BookWebsite2/BookWebsite/chapters/electrons_in_metals.tex to MDX...
Updating routes...

        Successfully processed chapter:
        - Converted new /Users/jayshitre/Projects/dfs/BookWebsite2/BookWebsite/chapters/electrons_in_metals.tex to MDX
        - Placed in /Users/jayshitre/Projects/dfs/BookWebsite2/BookWebsite/contents/docs/chapters/electrons_in_metals/index.mdx
        - Updated routes with title: "Electrons In Metals" and href: "/electrons_in_metals"
    

Checking electrostatics_and_electric_field.tex with title "Electrostatics And Electric Field"...
Converting new chapter: /Users/jayshitre/Projects/dfs/BookWebsite2/BookWebsite/chapters/electrostatics_and_electric_field.tex
Converting /Users/jayshitre/Projects/dfs/BookWebsite2/BookWebsite/chapters/electrostatics_and_electric_field.tex to MDX...
Updating routes...

        Successfully processed chapter:
        - Converted new /Users/jayshitre/Projects/dfs/BookWebsite2/BookWebsite/chapters/electrostatics_and_electric_field.tex to MDX
        - Placed in /Users/jayshitre/Projects/dfs/BookWebsite2/BookWebsite/contents/docs/chapters/electrostatics_and_electric_field/index.mdx
        - Updated routes with title: "Electrostatics And Electric Field" and href: "/electrostatics_and_electric_field"
    

Checking energy_based_models.tex with title "Energy Based Models"...
Converting new chapter: /Users/jayshitre/Projects/dfs/BookWebsite2/BookWebsite/chapters/energy_based_models.tex
Converting /Users/jayshitre/Projects/dfs/BookWebsite2/BookWebsite/chapters/energy_based_models.tex to MDX...
Updating routes...

        Successfully processed chapter:
        - Converted new /Users/jayshitre/Projects/dfs/BookWebsite2/BookWebsite/chapters/energy_based_models.tex to MDX
        - Placed in /Users/jayshitre/Projects/dfs/BookWebsite2/BookWebsite/contents/docs/chapters/energy_based_models/index.mdx
        - Updated routes with title: "Energy Based Models" and href: "/energy_based_models"
    

Checking ensembles.tex with title "Ensembles"...
Converting new chapter: /Users/jayshitre/Projects/dfs/BookWebsite2/BookWebsite/chapters/ensembles.tex
Converting /Users/jayshitre/Projects/dfs/BookWebsite2/BookWebsite/chapters/ensembles.tex to MDX...
Updating routes...

        Successfully processed chapter:
        - Converted new /Users/jayshitre/Projects/dfs/BookWebsite2/BookWebsite/chapters/ensembles.tex to MDX
        - Placed in /Users/jayshitre/Projects/dfs/BookWebsite2/BookWebsite/contents/docs/chapters/ensembles/index.mdx
        - Updated routes with title: "Ensembles" and href: "/ensembles"
    

Checking equivariant.tex with title "Equivariant"...
Converting new chapter: /Users/jayshitre/Projects/dfs/BookWebsite2/BookWebsite/chapters/equivariant.tex
Converting /Users/jayshitre/Projects/dfs/BookWebsite2/BookWebsite/chapters/equivariant.tex to MDX...
Updating routes...

        Successfully processed chapter:
        - Converted new /Users/jayshitre/Projects/dfs/BookWebsite2/BookWebsite/chapters/equivariant.tex to MDX
        - Placed in /Users/jayshitre/Projects/dfs/BookWebsite2/BookWebsite/contents/docs/chapters/equivariant/index.mdx
        - Updated routes with title: "Equivariant" and href: "/equivariant"
    

Checking equivariant_dynamical_models.tex with title "Equivariant Dynamical Models"...
Converting new chapter: /Users/jayshitre/Projects/dfs/BookWebsite2/BookWebsite/chapters/equivariant_dynamical_models.tex
Converting /Users/jayshitre/Projects/dfs/BookWebsite2/BookWebsite/chapters/equivariant_dynamical_models.tex to MDX...
Updating routes...

        Successfully processed chapter:
        - Converted new /Users/jayshitre/Projects/dfs/BookWebsite2/BookWebsite/chapters/equivariant_dynamical_models.tex to MDX
        - Placed in /Users/jayshitre/Projects/dfs/BookWebsite2/BookWebsite/contents/docs/chapters/equivariant_dynamical_models/index.mdx
        - Updated routes with title: "Equivariant Dynamical Models" and href: "/equivariant_dynamical_models"
    

Checking errors_and_false_position.tex with title "Errors And False Position"...
Converting new chapter: /Users/jayshitre/Projects/dfs/BookWebsite2/BookWebsite/chapters/errors_and_false_position.tex
Converting /Users/jayshitre/Projects/dfs/BookWebsite2/BookWebsite/chapters/errors_and_false_position.tex to MDX...
Updating routes...

        Successfully processed chapter:
        - Converted new /Users/jayshitre/Projects/dfs/BookWebsite2/BookWebsite/chapters/errors_and_false_position.tex to MDX
        - Placed in /Users/jayshitre/Projects/dfs/BookWebsite2/BookWebsite/contents/docs/chapters/errors_and_false_position/index.mdx
        - Updated routes with title: "Errors And False Position" and href: "/errors_and_false_position"
    

Checking eulers_method.tex with title "Eulers Method"...
Converting new chapter: /Users/jayshitre/Projects/dfs/BookWebsite2/BookWebsite/chapters/eulers_method.tex
Converting /Users/jayshitre/Projects/dfs/BookWebsite2/BookWebsite/chapters/eulers_method.tex to MDX...
Updating routes...

        Successfully processed chapter:
        - Converted new /Users/jayshitre/Projects/dfs/BookWebsite2/BookWebsite/chapters/eulers_method.tex to MDX
        - Placed in /Users/jayshitre/Projects/dfs/BookWebsite2/BookWebsite/contents/docs/chapters/eulers_method/index.mdx
        - Updated routes with title: "Eulers Method" and href: "/eulers_method"
    

Checking fermions_and_bosons.tex with title "Fermions And Bosons"...
Converting new chapter: /Users/jayshitre/Projects/dfs/BookWebsite2/BookWebsite/chapters/fermions_and_bosons.tex
Converting /Users/jayshitre/Projects/dfs/BookWebsite2/BookWebsite/chapters/fermions_and_bosons.tex to MDX...
Updating routes...

        Successfully processed chapter:
        - Converted new /Users/jayshitre/Projects/dfs/BookWebsite2/BookWebsite/chapters/fermions_and_bosons.tex to MDX
        - Placed in /Users/jayshitre/Projects/dfs/BookWebsite2/BookWebsite/contents/docs/chapters/fermions_and_bosons/index.mdx
        - Updated routes with title: "Fermions And Bosons" and href: "/fermions_and_bosons"
    

Checking feynman_diagrams.tex with title "Feynman Diagrams"...
Converting new chapter: /Users/jayshitre/Projects/dfs/BookWebsite2/BookWebsite/chapters/feynman_diagrams.tex
Converting /Users/jayshitre/Projects/dfs/BookWebsite2/BookWebsite/chapters/feynman_diagrams.tex to MDX...
Updating routes...

        Successfully processed chapter:
        - Converted new /Users/jayshitre/Projects/dfs/BookWebsite2/BookWebsite/chapters/feynman_diagrams.tex to MDX
        - Placed in /Users/jayshitre/Projects/dfs/BookWebsite2/BookWebsite/contents/docs/chapters/feynman_diagrams/index.mdx
        - Updated routes with title: "Feynman Diagrams" and href: "/feynman_diagrams"
    

Checking feynman_ex1.tex with title "Feynman Ex1"...
Converting new chapter: /Users/jayshitre/Projects/dfs/BookWebsite2/BookWebsite/chapters/feynman_ex1.tex
Converting /Users/jayshitre/Projects/dfs/BookWebsite2/BookWebsite/chapters/feynman_ex1.tex to MDX...
Updating routes...

        Successfully processed chapter:
        - Converted new /Users/jayshitre/Projects/dfs/BookWebsite2/BookWebsite/chapters/feynman_ex1.tex to MDX
        - Placed in /Users/jayshitre/Projects/dfs/BookWebsite2/BookWebsite/contents/docs/chapters/feynman_ex1/index.mdx
        - Updated routes with title: "Feynman Ex1" and href: "/feynman_ex1"
    

Checking feynman_kac.tex with title "Feynman Kac"...
Converting new chapter: /Users/jayshitre/Projects/dfs/BookWebsite2/BookWebsite/chapters/feynman_kac.tex
Converting /Users/jayshitre/Projects/dfs/BookWebsite2/BookWebsite/chapters/feynman_kac.tex to MDX...
Updating routes...

        Successfully processed chapter:
        - Converted new /Users/jayshitre/Projects/dfs/BookWebsite2/BookWebsite/chapters/feynman_kac.tex to MDX
        - Placed in /Users/jayshitre/Projects/dfs/BookWebsite2/BookWebsite/contents/docs/chapters/feynman_kac/index.mdx
        - Updated routes with title: "Feynman Kac" and href: "/feynman_kac"
    

Checking fiber_bundles.tex with title "Fiber Bundles"...
Converting new chapter: /Users/jayshitre/Projects/dfs/BookWebsite2/BookWebsite/chapters/fiber_bundles.tex
Converting /Users/jayshitre/Projects/dfs/BookWebsite2/BookWebsite/chapters/fiber_bundles.tex to MDX...
Updating routes...

        Successfully processed chapter:
        - Converted new /Users/jayshitre/Projects/dfs/BookWebsite2/BookWebsite/chapters/fiber_bundles.tex to MDX
        - Placed in /Users/jayshitre/Projects/dfs/BookWebsite2/BookWebsite/contents/docs/chapters/fiber_bundles/index.mdx
        - Updated routes with title: "Fiber Bundles" and href: "/fiber_bundles"
    

Checking first_principles_mixture_nets.tex with title "First Principles Mixture Nets"...
Converting new chapter: /Users/jayshitre/Projects/dfs/BookWebsite2/BookWebsite/chapters/first_principles_mixture_nets.tex
Converting /Users/jayshitre/Projects/dfs/BookWebsite2/BookWebsite/chapters/first_principles_mixture_nets.tex to MDX...
Updating routes...

        Successfully processed chapter:
        - Converted new /Users/jayshitre/Projects/dfs/BookWebsite2/BookWebsite/chapters/first_principles_mixture_nets.tex to MDX
        - Placed in /Users/jayshitre/Projects/dfs/BookWebsite2/BookWebsite/contents/docs/chapters/first_principles_mixture_nets/index.mdx
        - Updated routes with title: "First Principles Mixture Nets" and href: "/first_principles_mixture_nets"
    

Checking fluid_dynamics.tex with title "Fluid Dynamics"...
Converting new chapter: /Users/jayshitre/Projects/dfs/BookWebsite2/BookWebsite/chapters/fluid_dynamics.tex
Converting /Users/jayshitre/Projects/dfs/BookWebsite2/BookWebsite/chapters/fluid_dynamics.tex to MDX...
Updating routes...

        Successfully processed chapter:
        - Converted new /Users/jayshitre/Projects/dfs/BookWebsite2/BookWebsite/chapters/fluid_dynamics.tex to MDX
        - Placed in /Users/jayshitre/Projects/dfs/BookWebsite2/BookWebsite/contents/docs/chapters/fluid_dynamics/index.mdx
        - Updated routes with title: "Fluid Dynamics" and href: "/fluid_dynamics"
    

Checking fluid_physical_theory.tex with title "Fluid Physical Theory"...
Converting new chapter: /Users/jayshitre/Projects/dfs/BookWebsite2/BookWebsite/chapters/fluid_physical_theory.tex
Converting /Users/jayshitre/Projects/dfs/BookWebsite2/BookWebsite/chapters/fluid_physical_theory.tex to MDX...
Updating routes...

        Successfully processed chapter:
        - Converted new /Users/jayshitre/Projects/dfs/BookWebsite2/BookWebsite/chapters/fluid_physical_theory.tex to MDX
        - Placed in /Users/jayshitre/Projects/dfs/BookWebsite2/BookWebsite/contents/docs/chapters/fluid_physical_theory/index.mdx
        - Updated routes with title: "Fluid Physical Theory" and href: "/fluid_physical_theory"
    

Checking foo.tex with title "Foo"...
Converting new chapter: /Users/jayshitre/Projects/dfs/BookWebsite2/BookWebsite/chapters/foo.tex
Converting /Users/jayshitre/Projects/dfs/BookWebsite2/BookWebsite/chapters/foo.tex to MDX...
Updating routes...

        Successfully processed chapter:
        - Converted new /Users/jayshitre/Projects/dfs/BookWebsite2/BookWebsite/chapters/foo.tex to MDX
        - Placed in /Users/jayshitre/Projects/dfs/BookWebsite2/BookWebsite/contents/docs/chapters/foo/index.mdx
        - Updated routes with title: "Foo" and href: "/foo"
    

Checking forcebalance.tex with title "Forcebalance"...
Converting new chapter: /Users/jayshitre/Projects/dfs/BookWebsite2/BookWebsite/chapters/forcebalance.tex
Converting /Users/jayshitre/Projects/dfs/BookWebsite2/BookWebsite/chapters/forcebalance.tex to MDX...
Updating routes...

        Successfully processed chapter:
        - Converted new /Users/jayshitre/Projects/dfs/BookWebsite2/BookWebsite/chapters/forcebalance.tex to MDX
        - Placed in /Users/jayshitre/Projects/dfs/BookWebsite2/BookWebsite/contents/docs/chapters/forcebalance/index.mdx
        - Updated routes with title: "Forcebalance" and href: "/forcebalance"
    

Checking foreword.tex with title "Foreword"...
Converting new chapter: /Users/jayshitre/Projects/dfs/BookWebsite2/BookWebsite/chapters/foreword.tex
Converting /Users/jayshitre/Projects/dfs/BookWebsite2/BookWebsite/chapters/foreword.tex to MDX...
Updating routes...

        Successfully processed chapter:
        - Converted new /Users/jayshitre/Projects/dfs/BookWebsite2/BookWebsite/chapters/foreword.tex to MDX
        - Placed in /Users/jayshitre/Projects/dfs/BookWebsite2/BookWebsite/contents/docs/chapters/foreword/index.mdx
        - Updated routes with title: "Foreword" and href: "/foreword"
    

Checking foundations_low_data.tex with title "Foundations Low Data"...
Converting new chapter: /Users/jayshitre/Projects/dfs/BookWebsite2/BookWebsite/chapters/foundations_low_data.tex
Converting /Users/jayshitre/Projects/dfs/BookWebsite2/BookWebsite/chapters/foundations_low_data.tex to MDX...
Updating routes...

        Successfully processed chapter:
        - Converted new /Users/jayshitre/Projects/dfs/BookWebsite2/BookWebsite/chapters/foundations_low_data.tex to MDX
        - Placed in /Users/jayshitre/Projects/dfs/BookWebsite2/BookWebsite/contents/docs/chapters/foundations_low_data/index.mdx
        - Updated routes with title: "Foundations Low Data" and href: "/foundations_low_data"
    

Checking free_energy_perturbation.tex with title "Free Energy Perturbation"...
Converting new chapter: /Users/jayshitre/Projects/dfs/BookWebsite2/BookWebsite/chapters/free_energy_perturbation.tex
Converting /Users/jayshitre/Projects/dfs/BookWebsite2/BookWebsite/chapters/free_energy_perturbation.tex to MDX...
Updating routes...

        Successfully processed chapter:
        - Converted new /Users/jayshitre/Projects/dfs/BookWebsite2/BookWebsite/chapters/free_energy_perturbation.tex to MDX
        - Placed in /Users/jayshitre/Projects/dfs/BookWebsite2/BookWebsite/contents/docs/chapters/free_energy_perturbation/index.mdx
        - Updated routes with title: "Free Energy Perturbation" and href: "/free_energy_perturbation"
    

Checking frontmatter.tex with title "Frontmatter"...
Converting new chapter: /Users/jayshitre/Projects/dfs/BookWebsite2/BookWebsite/chapters/frontmatter.tex
Converting /Users/jayshitre/Projects/dfs/BookWebsite2/BookWebsite/chapters/frontmatter.tex to MDX...
Updating routes...

        Successfully processed chapter:
        - Converted new /Users/jayshitre/Projects/dfs/BookWebsite2/BookWebsite/chapters/frontmatter.tex to MDX
        - Placed in /Users/jayshitre/Projects/dfs/BookWebsite2/BookWebsite/contents/docs/chapters/frontmatter/index.mdx
        - Updated routes with title: "Frontmatter" and href: "/frontmatter"
    

Checking fundamentals_materials_characterization.tex with title "Fundamentals Materials Characterization"...
Converting new chapter: /Users/jayshitre/Projects/dfs/BookWebsite2/BookWebsite/chapters/fundamentals_materials_characterization.tex
Converting /Users/jayshitre/Projects/dfs/BookWebsite2/BookWebsite/chapters/fundamentals_materials_characterization.tex to MDX...
Updating routes...

        Successfully processed chapter:
        - Converted new /Users/jayshitre/Projects/dfs/BookWebsite2/BookWebsite/chapters/fundamentals_materials_characterization.tex to MDX
        - Placed in /Users/jayshitre/Projects/dfs/BookWebsite2/BookWebsite/contents/docs/chapters/fundamentals_materials_characterization/index.mdx
        - Updated routes with title: "Fundamentals Materials Characterization" and href: "/fundamentals_materials_characterization"
    

Checking gauge_equivariant.tex with title "Gauge Equivariant"...
Converting new chapter: /Users/jayshitre/Projects/dfs/BookWebsite2/BookWebsite/chapters/gauge_equivariant.tex
Converting /Users/jayshitre/Projects/dfs/BookWebsite2/BookWebsite/chapters/gauge_equivariant.tex to MDX...
Updating routes...

        Successfully processed chapter:
        - Converted new /Users/jayshitre/Projects/dfs/BookWebsite2/BookWebsite/chapters/gauge_equivariant.tex to MDX
        - Placed in /Users/jayshitre/Projects/dfs/BookWebsite2/BookWebsite/contents/docs/chapters/gauge_equivariant/index.mdx
        - Updated routes with title: "Gauge Equivariant" and href: "/gauge_equivariant"
    

Checking gauge_equivariant_mesh_conv_nets.tex with title "Gauge Equivariant Mesh Conv Nets"...
Converting new chapter: /Users/jayshitre/Projects/dfs/BookWebsite2/BookWebsite/chapters/gauge_equivariant_mesh_conv_nets.tex
Converting /Users/jayshitre/Projects/dfs/BookWebsite2/BookWebsite/chapters/gauge_equivariant_mesh_conv_nets.tex to MDX...
Updating routes...

        Successfully processed chapter:
        - Converted new /Users/jayshitre/Projects/dfs/BookWebsite2/BookWebsite/chapters/gauge_equivariant_mesh_conv_nets.tex to MDX
        - Placed in /Users/jayshitre/Projects/dfs/BookWebsite2/BookWebsite/contents/docs/chapters/gauge_equivariant_mesh_conv_nets/index.mdx
        - Updated routes with title: "Gauge Equivariant Mesh Conv Nets" and href: "/gauge_equivariant_mesh_conv_nets"
    

Checking gauge_theories.tex with title "Gauge Theories"...
Converting new chapter: /Users/jayshitre/Projects/dfs/BookWebsite2/BookWebsite/chapters/gauge_theories.tex
Converting /Users/jayshitre/Projects/dfs/BookWebsite2/BookWebsite/chapters/gauge_theories.tex to MDX...
Updating routes...

        Successfully processed chapter:
        - Converted new /Users/jayshitre/Projects/dfs/BookWebsite2/BookWebsite/chapters/gauge_theories.tex to MDX
        - Placed in /Users/jayshitre/Projects/dfs/BookWebsite2/BookWebsite/contents/docs/chapters/gauge_theories/index.mdx
        - Updated routes with title: "Gauge Theories" and href: "/gauge_theories"
    

Checking gauss_elimination.tex with title "Gauss Elimination"...
Converting new chapter: /Users/jayshitre/Projects/dfs/BookWebsite2/BookWebsite/chapters/gauss_elimination.tex
Converting /Users/jayshitre/Projects/dfs/BookWebsite2/BookWebsite/chapters/gauss_elimination.tex to MDX...
Updating routes...

        Successfully processed chapter:
        - Converted new /Users/jayshitre/Projects/dfs/BookWebsite2/BookWebsite/chapters/gauss_elimination.tex to MDX
        - Placed in /Users/jayshitre/Projects/dfs/BookWebsite2/BookWebsite/contents/docs/chapters/gauss_elimination/index.mdx
        - Updated routes with title: "Gauss Elimination" and href: "/gauss_elimination"
    

Checking gauss_quadrature.tex with title "Gauss Quadrature"...
Converting new chapter: /Users/jayshitre/Projects/dfs/BookWebsite2/BookWebsite/chapters/gauss_quadrature.tex
Converting /Users/jayshitre/Projects/dfs/BookWebsite2/BookWebsite/chapters/gauss_quadrature.tex to MDX...
Updating routes...

        Successfully processed chapter:
        - Converted new /Users/jayshitre/Projects/dfs/BookWebsite2/BookWebsite/chapters/gauss_quadrature.tex to MDX
        - Placed in /Users/jayshitre/Projects/dfs/BookWebsite2/BookWebsite/contents/docs/chapters/gauss_quadrature/index.mdx
        - Updated routes with title: "Gauss Quadrature" and href: "/gauss_quadrature"
    

Checking gaussian_integrals.tex with title "Gaussian Integrals"...
Converting new chapter: /Users/jayshitre/Projects/dfs/BookWebsite2/BookWebsite/chapters/gaussian_integrals.tex
Converting /Users/jayshitre/Projects/dfs/BookWebsite2/BookWebsite/chapters/gaussian_integrals.tex to MDX...
Updating routes...

        Successfully processed chapter:
        - Converted new /Users/jayshitre/Projects/dfs/BookWebsite2/BookWebsite/chapters/gaussian_integrals.tex to MDX
        - Placed in /Users/jayshitre/Projects/dfs/BookWebsite2/BookWebsite/contents/docs/chapters/gaussian_integrals/index.mdx
        - Updated routes with title: "Gaussian Integrals" and href: "/gaussian_integrals"
    

Checking gaussian_process.tex with title "Gaussian Process"...
Converting new chapter: /Users/jayshitre/Projects/dfs/BookWebsite2/BookWebsite/chapters/gaussian_process.tex
Converting /Users/jayshitre/Projects/dfs/BookWebsite2/BookWebsite/chapters/gaussian_process.tex to MDX...
Updating routes...

        Successfully processed chapter:
        - Converted new /Users/jayshitre/Projects/dfs/BookWebsite2/BookWebsite/chapters/gaussian_process.tex to MDX
        - Placed in /Users/jayshitre/Projects/dfs/BookWebsite2/BookWebsite/contents/docs/chapters/gaussian_process/index.mdx
        - Updated routes with title: "Gaussian Process" and href: "/gaussian_process"
    

Checking general_relativity.tex with title "General Relativity"...
Converting new chapter: /Users/jayshitre/Projects/dfs/BookWebsite2/BookWebsite/chapters/general_relativity.tex
Converting /Users/jayshitre/Projects/dfs/BookWebsite2/BookWebsite/chapters/general_relativity.tex to MDX...
Updating routes...

        Successfully processed chapter:
        - Converted new /Users/jayshitre/Projects/dfs/BookWebsite2/BookWebsite/chapters/general_relativity.tex to MDX
        - Placed in /Users/jayshitre/Projects/dfs/BookWebsite2/BookWebsite/contents/docs/chapters/general_relativity/index.mdx
        - Updated routes with title: "General Relativity" and href: "/general_relativity"
    

Checking generalized_hamiltonian_nn.tex with title "Generalized Hamiltonian Nn"...
Converting new chapter: /Users/jayshitre/Projects/dfs/BookWebsite2/BookWebsite/chapters/generalized_hamiltonian_nn.tex
Converting /Users/jayshitre/Projects/dfs/BookWebsite2/BookWebsite/chapters/generalized_hamiltonian_nn.tex to MDX...
Updating routes...

        Successfully processed chapter:
        - Converted new /Users/jayshitre/Projects/dfs/BookWebsite2/BookWebsite/chapters/generalized_hamiltonian_nn.tex to MDX
        - Placed in /Users/jayshitre/Projects/dfs/BookWebsite2/BookWebsite/contents/docs/chapters/generalized_hamiltonian_nn/index.mdx
        - Updated routes with title: "Generalized Hamiltonian Nn" and href: "/generalized_hamiltonian_nn"
    

Checking generating_functions.tex with title "Generating Functions"...
Converting new chapter: /Users/jayshitre/Projects/dfs/BookWebsite2/BookWebsite/chapters/generating_functions.tex
Converting /Users/jayshitre/Projects/dfs/BookWebsite2/BookWebsite/chapters/generating_functions.tex to MDX...
Updating routes...

        Successfully processed chapter:
        - Converted new /Users/jayshitre/Projects/dfs/BookWebsite2/BookWebsite/chapters/generating_functions.tex to MDX
        - Placed in /Users/jayshitre/Projects/dfs/BookWebsite2/BookWebsite/contents/docs/chapters/generating_functions/index.mdx
        - Updated routes with title: "Generating Functions" and href: "/generating_functions"
    

Checking generative_adversarial_symmetry.tex with title "Generative Adversarial Symmetry"...
Converting new chapter: /Users/jayshitre/Projects/dfs/BookWebsite2/BookWebsite/chapters/generative_adversarial_symmetry.tex
Converting /Users/jayshitre/Projects/dfs/BookWebsite2/BookWebsite/chapters/generative_adversarial_symmetry.tex to MDX...
Updating routes...

        Successfully processed chapter:
        - Converted new /Users/jayshitre/Projects/dfs/BookWebsite2/BookWebsite/chapters/generative_adversarial_symmetry.tex to MDX
        - Placed in /Users/jayshitre/Projects/dfs/BookWebsite2/BookWebsite/contents/docs/chapters/generative_adversarial_symmetry/index.mdx
        - Updated routes with title: "Generative Adversarial Symmetry" and href: "/generative_adversarial_symmetry"
    

Checking geometric_convolutional_networks.tex with title "Geometric Convolutional Networks"...
Converting new chapter: /Users/jayshitre/Projects/dfs/BookWebsite2/BookWebsite/chapters/geometric_convolutional_networks.tex
Converting /Users/jayshitre/Projects/dfs/BookWebsite2/BookWebsite/chapters/geometric_convolutional_networks.tex to MDX...
Updating routes...

        Successfully processed chapter:
        - Converted new /Users/jayshitre/Projects/dfs/BookWebsite2/BookWebsite/chapters/geometric_convolutional_networks.tex to MDX
        - Placed in /Users/jayshitre/Projects/dfs/BookWebsite2/BookWebsite/contents/docs/chapters/geometric_convolutional_networks/index.mdx
        - Updated routes with title: "Geometric Convolutional Networks" and href: "/geometric_convolutional_networks"
    

Checking geometric_learning_quantum_chemistry.tex with title "Geometric Learning Quantum Chemistry"...
Converting new chapter: /Users/jayshitre/Projects/dfs/BookWebsite2/BookWebsite/chapters/geometric_learning_quantum_chemistry.tex
Converting /Users/jayshitre/Projects/dfs/BookWebsite2/BookWebsite/chapters/geometric_learning_quantum_chemistry.tex to MDX...
Updating routes...

        Successfully processed chapter:
        - Converted new /Users/jayshitre/Projects/dfs/BookWebsite2/BookWebsite/chapters/geometric_learning_quantum_chemistry.tex to MDX
        - Placed in /Users/jayshitre/Projects/dfs/BookWebsite2/BookWebsite/contents/docs/chapters/geometric_learning_quantum_chemistry/index.mdx
        - Updated routes with title: "Geometric Learning Quantum Chemistry" and href: "/geometric_learning_quantum_chemistry"
    

Checking geometric_shape.tex with title "Geometric Shape"...
Converting new chapter: /Users/jayshitre/Projects/dfs/BookWebsite2/BookWebsite/chapters/geometric_shape.tex
Converting /Users/jayshitre/Projects/dfs/BookWebsite2/BookWebsite/chapters/geometric_shape.tex to MDX...
Updating routes...

        Successfully processed chapter:
        - Converted new /Users/jayshitre/Projects/dfs/BookWebsite2/BookWebsite/chapters/geometric_shape.tex to MDX
        - Placed in /Users/jayshitre/Projects/dfs/BookWebsite2/BookWebsite/contents/docs/chapters/geometric_shape/index.mdx
        - Updated routes with title: "Geometric Shape" and href: "/geometric_shape"
    

Checking geometry_processing.tex with title "Geometry Processing"...
Converting new chapter: /Users/jayshitre/Projects/dfs/BookWebsite2/BookWebsite/chapters/geometry_processing.tex
Converting /Users/jayshitre/Projects/dfs/BookWebsite2/BookWebsite/chapters/geometry_processing.tex to MDX...
Updating routes...

        Successfully processed chapter:
        - Converted new /Users/jayshitre/Projects/dfs/BookWebsite2/BookWebsite/chapters/geometry_processing.tex to MDX
        - Placed in /Users/jayshitre/Projects/dfs/BookWebsite2/BookWebsite/contents/docs/chapters/geometry_processing/index.mdx
        - Updated routes with title: "Geometry Processing" and href: "/geometry_processing"
    

Checking gnn_hep.tex with title "Gnn Hep"...
Converting new chapter: /Users/jayshitre/Projects/dfs/BookWebsite2/BookWebsite/chapters/gnn_hep.tex
Converting /Users/jayshitre/Projects/dfs/BookWebsite2/BookWebsite/chapters/gnn_hep.tex to MDX...
Updating routes...

        Successfully processed chapter:
        - Converted new /Users/jayshitre/Projects/dfs/BookWebsite2/BookWebsite/chapters/gnn_hep.tex to MDX
        - Placed in /Users/jayshitre/Projects/dfs/BookWebsite2/BookWebsite/contents/docs/chapters/gnn_hep/index.mdx
        - Updated routes with title: "Gnn Hep" and href: "/gnn_hep"
    

Checking golden_section.tex with title "Golden Section"...
Converting new chapter: /Users/jayshitre/Projects/dfs/BookWebsite2/BookWebsite/chapters/golden_section.tex
Converting /Users/jayshitre/Projects/dfs/BookWebsite2/BookWebsite/chapters/golden_section.tex to MDX...
Updating routes...

        Successfully processed chapter:
        - Converted new /Users/jayshitre/Projects/dfs/BookWebsite2/BookWebsite/chapters/golden_section.tex to MDX
        - Placed in /Users/jayshitre/Projects/dfs/BookWebsite2/BookWebsite/contents/docs/chapters/golden_section/index.mdx
        - Updated routes with title: "Golden Section" and href: "/golden_section"
    

Checking gradient_descent.tex with title "Gradient Descent"...
Converting new chapter: /Users/jayshitre/Projects/dfs/BookWebsite2/BookWebsite/chapters/gradient_descent.tex
Converting /Users/jayshitre/Projects/dfs/BookWebsite2/BookWebsite/chapters/gradient_descent.tex to MDX...
Updating routes...

        Successfully processed chapter:
        - Converted new /Users/jayshitre/Projects/dfs/BookWebsite2/BookWebsite/chapters/gradient_descent.tex to MDX
        - Placed in /Users/jayshitre/Projects/dfs/BookWebsite2/BookWebsite/contents/docs/chapters/gradient_descent/index.mdx
        - Updated routes with title: "Gradient Descent" and href: "/gradient_descent"
    

Checking grammars.tex with title "Grammars"...
Converting new chapter: /Users/jayshitre/Projects/dfs/BookWebsite2/BookWebsite/chapters/grammars.tex
Converting /Users/jayshitre/Projects/dfs/BookWebsite2/BookWebsite/chapters/grammars.tex to MDX...
Updating routes...

        Successfully processed chapter:
        - Converted new /Users/jayshitre/Projects/dfs/BookWebsite2/BookWebsite/chapters/grammars.tex to MDX
        - Placed in /Users/jayshitre/Projects/dfs/BookWebsite2/BookWebsite/contents/docs/chapters/grammars/index.mdx
        - Updated routes with title: "Grammars" and href: "/grammars"
    

Checking graph_NeuralNets.tex with title "Graph NeuralNets"...
Converting new chapter: /Users/jayshitre/Projects/dfs/BookWebsite2/BookWebsite/chapters/graph_NeuralNets.tex
Converting /Users/jayshitre/Projects/dfs/BookWebsite2/BookWebsite/chapters/graph_NeuralNets.tex to MDX...
Updating routes...

        Successfully processed chapter:
        - Converted new /Users/jayshitre/Projects/dfs/BookWebsite2/BookWebsite/chapters/graph_NeuralNets.tex to MDX
        - Placed in /Users/jayshitre/Projects/dfs/BookWebsite2/BookWebsite/contents/docs/chapters/graph_NeuralNets/index.mdx
        - Updated routes with title: "Graph NeuralNets" and href: "/graph_NeuralNets"
    

Checking graph_generation.tex with title "Graph Generation"...
Converting new chapter: /Users/jayshitre/Projects/dfs/BookWebsite2/BookWebsite/chapters/graph_generation.tex
Converting /Users/jayshitre/Projects/dfs/BookWebsite2/BookWebsite/chapters/graph_generation.tex to MDX...
Updating routes...

        Successfully processed chapter:
        - Converted new /Users/jayshitre/Projects/dfs/BookWebsite2/BookWebsite/chapters/graph_generation.tex to MDX
        - Placed in /Users/jayshitre/Projects/dfs/BookWebsite2/BookWebsite/contents/docs/chapters/graph_generation/index.mdx
        - Updated routes with title: "Graph Generation" and href: "/graph_generation"
    

Checking greens_equations.tex with title "Greens Equations"...
Converting new chapter: /Users/jayshitre/Projects/dfs/BookWebsite2/BookWebsite/chapters/greens_equations.tex
Converting /Users/jayshitre/Projects/dfs/BookWebsite2/BookWebsite/chapters/greens_equations.tex to MDX...
Updating routes...

        Successfully processed chapter:
        - Converted new /Users/jayshitre/Projects/dfs/BookWebsite2/BookWebsite/chapters/greens_equations.tex to MDX
        - Placed in /Users/jayshitre/Projects/dfs/BookWebsite2/BookWebsite/contents/docs/chapters/greens_equations/index.mdx
        - Updated routes with title: "Greens Equations" and href: "/greens_equations"
    

Checking greens_function_klein_gordon.tex with title "Greens Function Klein Gordon"...
Converting new chapter: /Users/jayshitre/Projects/dfs/BookWebsite2/BookWebsite/chapters/greens_function_klein_gordon.tex
Converting /Users/jayshitre/Projects/dfs/BookWebsite2/BookWebsite/chapters/greens_function_klein_gordon.tex to MDX...
Updating routes...

        Successfully processed chapter:
        - Converted new /Users/jayshitre/Projects/dfs/BookWebsite2/BookWebsite/chapters/greens_function_klein_gordon.tex to MDX
        - Placed in /Users/jayshitre/Projects/dfs/BookWebsite2/BookWebsite/contents/docs/chapters/greens_function_klein_gordon/index.mdx
        - Updated routes with title: "Greens Function Klein Gordon" and href: "/greens_function_klein_gordon"
    

Checking greens_function_laplace_equation.tex with title "Greens Function Laplace Equation"...
Converting new chapter: /Users/jayshitre/Projects/dfs/BookWebsite2/BookWebsite/chapters/greens_function_laplace_equation.tex
Converting /Users/jayshitre/Projects/dfs/BookWebsite2/BookWebsite/chapters/greens_function_laplace_equation.tex to MDX...
Updating routes...

        Successfully processed chapter:
        - Converted new /Users/jayshitre/Projects/dfs/BookWebsite2/BookWebsite/chapters/greens_function_laplace_equation.tex to MDX
        - Placed in /Users/jayshitre/Projects/dfs/BookWebsite2/BookWebsite/contents/docs/chapters/greens_function_laplace_equation/index.mdx
        - Updated routes with title: "Greens Function Laplace Equation" and href: "/greens_function_laplace_equation"
    

Checking hamiltonian_mechanics.tex with title "Hamiltonian Mechanics"...
Converting new chapter: /Users/jayshitre/Projects/dfs/BookWebsite2/BookWebsite/chapters/hamiltonian_mechanics.tex
Converting /Users/jayshitre/Projects/dfs/BookWebsite2/BookWebsite/chapters/hamiltonian_mechanics.tex to MDX...
Updating routes...

        Successfully processed chapter:
        - Converted new /Users/jayshitre/Projects/dfs/BookWebsite2/BookWebsite/chapters/hamiltonian_mechanics.tex to MDX
        - Placed in /Users/jayshitre/Projects/dfs/BookWebsite2/BookWebsite/contents/docs/chapters/hamiltonian_mechanics/index.mdx
        - Updated routes with title: "Hamiltonian Mechanics" and href: "/hamiltonian_mechanics"
    

Checking harmonic_oscillation.tex with title "Harmonic Oscillation"...
Converting new chapter: /Users/jayshitre/Projects/dfs/BookWebsite2/BookWebsite/chapters/harmonic_oscillation.tex
Converting /Users/jayshitre/Projects/dfs/BookWebsite2/BookWebsite/chapters/harmonic_oscillation.tex to MDX...
Updating routes...

        Successfully processed chapter:
        - Converted new /Users/jayshitre/Projects/dfs/BookWebsite2/BookWebsite/chapters/harmonic_oscillation.tex to MDX
        - Placed in /Users/jayshitre/Projects/dfs/BookWebsite2/BookWebsite/contents/docs/chapters/harmonic_oscillation/index.mdx
        - Updated routes with title: "Harmonic Oscillation" and href: "/harmonic_oscillation"
    

Checking hartree_fock.tex with title "Hartree Fock"...
Converting new chapter: /Users/jayshitre/Projects/dfs/BookWebsite2/BookWebsite/chapters/hartree_fock.tex
Converting /Users/jayshitre/Projects/dfs/BookWebsite2/BookWebsite/chapters/hartree_fock.tex to MDX...
Updating routes...

        Successfully processed chapter:
        - Converted new /Users/jayshitre/Projects/dfs/BookWebsite2/BookWebsite/chapters/hartree_fock.tex to MDX
        - Placed in /Users/jayshitre/Projects/dfs/BookWebsite2/BookWebsite/contents/docs/chapters/hartree_fock/index.mdx
        - Updated routes with title: "Hartree Fock" and href: "/hartree_fock"
    

Checking heat_equation.tex with title "Heat Equation"...
Converting new chapter: /Users/jayshitre/Projects/dfs/BookWebsite2/BookWebsite/chapters/heat_equation.tex
Converting /Users/jayshitre/Projects/dfs/BookWebsite2/BookWebsite/chapters/heat_equation.tex to MDX...
Updating routes...

        Successfully processed chapter:
        - Converted new /Users/jayshitre/Projects/dfs/BookWebsite2/BookWebsite/chapters/heat_equation.tex to MDX
        - Placed in /Users/jayshitre/Projects/dfs/BookWebsite2/BookWebsite/contents/docs/chapters/heat_equation/index.mdx
        - Updated routes with title: "Heat Equation" and href: "/heat_equation"
    

Checking heisenberg_formulation.tex with title "Heisenberg Formulation"...
Converting new chapter: /Users/jayshitre/Projects/dfs/BookWebsite2/BookWebsite/chapters/heisenberg_formulation.tex
Converting /Users/jayshitre/Projects/dfs/BookWebsite2/BookWebsite/chapters/heisenberg_formulation.tex to MDX...
Updating routes...

        Successfully processed chapter:
        - Converted new /Users/jayshitre/Projects/dfs/BookWebsite2/BookWebsite/chapters/heisenberg_formulation.tex to MDX
        - Placed in /Users/jayshitre/Projects/dfs/BookWebsite2/BookWebsite/contents/docs/chapters/heisenberg_formulation/index.mdx
        - Updated routes with title: "Heisenberg Formulation" and href: "/heisenberg_formulation"
    

Checking high_dimensional_pde.tex with title "High Dimensional Pde"...
Converting new chapter: /Users/jayshitre/Projects/dfs/BookWebsite2/BookWebsite/chapters/high_dimensional_pde.tex
Converting /Users/jayshitre/Projects/dfs/BookWebsite2/BookWebsite/chapters/high_dimensional_pde.tex to MDX...
Updating routes...

        Successfully processed chapter:
        - Converted new /Users/jayshitre/Projects/dfs/BookWebsite2/BookWebsite/chapters/high_dimensional_pde.tex to MDX
        - Placed in /Users/jayshitre/Projects/dfs/BookWebsite2/BookWebsite/contents/docs/chapters/high_dimensional_pde/index.mdx
        - Updated routes with title: "High Dimensional Pde" and href: "/high_dimensional_pde"
    

Checking hilbert_spaces.tex with title "Hilbert Spaces"...
Converting new chapter: /Users/jayshitre/Projects/dfs/BookWebsite2/BookWebsite/chapters/hilbert_spaces.tex
Converting /Users/jayshitre/Projects/dfs/BookWebsite2/BookWebsite/chapters/hilbert_spaces.tex to MDX...
Updating routes...

        Successfully processed chapter:
        - Converted new /Users/jayshitre/Projects/dfs/BookWebsite2/BookWebsite/chapters/hilbert_spaces.tex to MDX
        - Placed in /Users/jayshitre/Projects/dfs/BookWebsite2/BookWebsite/contents/docs/chapters/hilbert_spaces/index.mdx
        - Updated routes with title: "Hilbert Spaces" and href: "/hilbert_spaces"
    

Checking hindley_milner.tex with title "Hindley Milner"...
Converting new chapter: /Users/jayshitre/Projects/dfs/BookWebsite2/BookWebsite/chapters/hindley_milner.tex
Converting /Users/jayshitre/Projects/dfs/BookWebsite2/BookWebsite/chapters/hindley_milner.tex to MDX...
Updating routes...

        Successfully processed chapter:
        - Converted new /Users/jayshitre/Projects/dfs/BookWebsite2/BookWebsite/chapters/hindley_milner.tex to MDX
        - Placed in /Users/jayshitre/Projects/dfs/BookWebsite2/BookWebsite/contents/docs/chapters/hindley_milner/index.mdx
        - Updated routes with title: "Hindley Milner" and href: "/hindley_milner"
    

Checking hopfield.tex with title "Hopfield"...
Converting new chapter: /Users/jayshitre/Projects/dfs/BookWebsite2/BookWebsite/chapters/hopfield.tex
Converting /Users/jayshitre/Projects/dfs/BookWebsite2/BookWebsite/chapters/hopfield.tex to MDX...
Updating routes...

        Successfully processed chapter:
        - Converted new /Users/jayshitre/Projects/dfs/BookWebsite2/BookWebsite/chapters/hopfield.tex to MDX
        - Placed in /Users/jayshitre/Projects/dfs/BookWebsite2/BookWebsite/contents/docs/chapters/hopfield/index.mdx
        - Updated routes with title: "Hopfield" and href: "/hopfield"
    

Checking hopfield_networks.tex with title "Hopfield Networks"...
Converting new chapter: /Users/jayshitre/Projects/dfs/BookWebsite2/BookWebsite/chapters/hopfield_networks.tex
Converting /Users/jayshitre/Projects/dfs/BookWebsite2/BookWebsite/chapters/hopfield_networks.tex to MDX...
Updating routes...

        Successfully processed chapter:
        - Converted new /Users/jayshitre/Projects/dfs/BookWebsite2/BookWebsite/chapters/hopfield_networks.tex to MDX
        - Placed in /Users/jayshitre/Projects/dfs/BookWebsite2/BookWebsite/contents/docs/chapters/hopfield_networks/index.mdx
        - Updated routes with title: "Hopfield Networks" and href: "/hopfield_networks"
    

Checking ideal_gas.tex with title "Ideal Gas"...
Converting new chapter: /Users/jayshitre/Projects/dfs/BookWebsite2/BookWebsite/chapters/ideal_gas.tex
Converting /Users/jayshitre/Projects/dfs/BookWebsite2/BookWebsite/chapters/ideal_gas.tex to MDX...
Updating routes...

        Successfully processed chapter:
        - Converted new /Users/jayshitre/Projects/dfs/BookWebsite2/BookWebsite/chapters/ideal_gas.tex to MDX
        - Placed in /Users/jayshitre/Projects/dfs/BookWebsite2/BookWebsite/contents/docs/chapters/ideal_gas/index.mdx
        - Updated routes with title: "Ideal Gas" and href: "/ideal_gas"
    

Checking imaginary_time_path_integrals.tex with title "Imaginary Time Path Integrals"...
Converting new chapter: /Users/jayshitre/Projects/dfs/BookWebsite2/BookWebsite/chapters/imaginary_time_path_integrals.tex
Converting /Users/jayshitre/Projects/dfs/BookWebsite2/BookWebsite/chapters/imaginary_time_path_integrals.tex to MDX...
Updating routes...

        Successfully processed chapter:
        - Converted new /Users/jayshitre/Projects/dfs/BookWebsite2/BookWebsite/chapters/imaginary_time_path_integrals.tex to MDX
        - Placed in /Users/jayshitre/Projects/dfs/BookWebsite2/BookWebsite/contents/docs/chapters/imaginary_time_path_integrals/index.mdx
        - Updated routes with title: "Imaginary Time Path Integrals" and href: "/imaginary_time_path_integrals"
    

Checking imaginary_time_quantum_mechanics.tex with title "Imaginary Time Quantum Mechanics"...
Converting new chapter: /Users/jayshitre/Projects/dfs/BookWebsite2/BookWebsite/chapters/imaginary_time_quantum_mechanics.tex
Converting /Users/jayshitre/Projects/dfs/BookWebsite2/BookWebsite/chapters/imaginary_time_quantum_mechanics.tex to MDX...
Updating routes...

        Successfully processed chapter:
        - Converted new /Users/jayshitre/Projects/dfs/BookWebsite2/BookWebsite/chapters/imaginary_time_quantum_mechanics.tex to MDX
        - Placed in /Users/jayshitre/Projects/dfs/BookWebsite2/BookWebsite/contents/docs/chapters/imaginary_time_quantum_mechanics/index.mdx
        - Updated routes with title: "Imaginary Time Quantum Mechanics" and href: "/imaginary_time_quantum_mechanics"
    

Checking implicit_methods.tex with title "Implicit Methods"...
Converting new chapter: /Users/jayshitre/Projects/dfs/BookWebsite2/BookWebsite/chapters/implicit_methods.tex
Converting /Users/jayshitre/Projects/dfs/BookWebsite2/BookWebsite/chapters/implicit_methods.tex to MDX...
Updating routes...

        Successfully processed chapter:
        - Converted new /Users/jayshitre/Projects/dfs/BookWebsite2/BookWebsite/chapters/implicit_methods.tex to MDX
        - Placed in /Users/jayshitre/Projects/dfs/BookWebsite2/BookWebsite/contents/docs/chapters/implicit_methods/index.mdx
        - Updated routes with title: "Implicit Methods" and href: "/implicit_methods"
    

Checking information_theory.tex with title "Information Theory"...
Converting new chapter: /Users/jayshitre/Projects/dfs/BookWebsite2/BookWebsite/chapters/information_theory.tex
Converting /Users/jayshitre/Projects/dfs/BookWebsite2/BookWebsite/chapters/information_theory.tex to MDX...
Updating routes...

        Successfully processed chapter:
        - Converted new /Users/jayshitre/Projects/dfs/BookWebsite2/BookWebsite/chapters/information_theory.tex to MDX
        - Placed in /Users/jayshitre/Projects/dfs/BookWebsite2/BookWebsite/contents/docs/chapters/information_theory/index.mdx
        - Updated routes with title: "Information Theory" and href: "/information_theory"
    

Checking integration_trapezoidal.tex with title "Integration Trapezoidal"...
Converting new chapter: /Users/jayshitre/Projects/dfs/BookWebsite2/BookWebsite/chapters/integration_trapezoidal.tex
Converting /Users/jayshitre/Projects/dfs/BookWebsite2/BookWebsite/chapters/integration_trapezoidal.tex to MDX...
Updating routes...

        Successfully processed chapter:
        - Converted new /Users/jayshitre/Projects/dfs/BookWebsite2/BookWebsite/chapters/integration_trapezoidal.tex to MDX
        - Placed in /Users/jayshitre/Projects/dfs/BookWebsite2/BookWebsite/contents/docs/chapters/integration_trapezoidal/index.mdx
        - Updated routes with title: "Integration Trapezoidal" and href: "/integration_trapezoidal"
    

Checking intro.tex with title "Intro"...
Converting new chapter: /Users/jayshitre/Projects/dfs/BookWebsite2/BookWebsite/chapters/intro.tex
Converting /Users/jayshitre/Projects/dfs/BookWebsite2/BookWebsite/chapters/intro.tex to MDX...
Updating routes...

        Successfully processed chapter:
        - Converted new /Users/jayshitre/Projects/dfs/BookWebsite2/BookWebsite/chapters/intro.tex to MDX
        - Placed in /Users/jayshitre/Projects/dfs/BookWebsite2/BookWebsite/contents/docs/chapters/intro/index.mdx
        - Updated routes with title: "Intro" and href: "/intro"
    

Checking intro_feynman_diagrams.tex with title "Intro Feynman Diagrams"...
Converting new chapter: /Users/jayshitre/Projects/dfs/BookWebsite2/BookWebsite/chapters/intro_feynman_diagrams.tex
Converting /Users/jayshitre/Projects/dfs/BookWebsite2/BookWebsite/chapters/intro_feynman_diagrams.tex to MDX...
Updating routes...

        Successfully processed chapter:
        - Converted new /Users/jayshitre/Projects/dfs/BookWebsite2/BookWebsite/chapters/intro_feynman_diagrams.tex to MDX
        - Placed in /Users/jayshitre/Projects/dfs/BookWebsite2/BookWebsite/contents/docs/chapters/intro_feynman_diagrams/index.mdx
        - Updated routes with title: "Intro Feynman Diagrams" and href: "/intro_feynman_diagrams"
    

Checking intro_outtakes.tex with title "Intro Outtakes"...
Converting new chapter: /Users/jayshitre/Projects/dfs/BookWebsite2/BookWebsite/chapters/intro_outtakes.tex
Converting /Users/jayshitre/Projects/dfs/BookWebsite2/BookWebsite/chapters/intro_outtakes.tex to MDX...
Updating routes...

        Successfully processed chapter:
        - Converted new /Users/jayshitre/Projects/dfs/BookWebsite2/BookWebsite/chapters/intro_outtakes.tex to MDX
        - Placed in /Users/jayshitre/Projects/dfs/BookWebsite2/BookWebsite/contents/docs/chapters/intro_outtakes/index.mdx
        - Updated routes with title: "Intro Outtakes" and href: "/intro_outtakes"
    

Checking inverse_design.tex with title "Inverse Design"...
Converting new chapter: /Users/jayshitre/Projects/dfs/BookWebsite2/BookWebsite/chapters/inverse_design.tex
Converting /Users/jayshitre/Projects/dfs/BookWebsite2/BookWebsite/chapters/inverse_design.tex to MDX...
Updating routes...

        Successfully processed chapter:
        - Converted new /Users/jayshitre/Projects/dfs/BookWebsite2/BookWebsite/chapters/inverse_design.tex to MDX
        - Placed in /Users/jayshitre/Projects/dfs/BookWebsite2/BookWebsite/contents/docs/chapters/inverse_design/index.mdx
        - Updated routes with title: "Inverse Design" and href: "/inverse_design"
    

Checking ising_model.tex with title "Ising Model"...
Converting new chapter: /Users/jayshitre/Projects/dfs/BookWebsite2/BookWebsite/chapters/ising_model.tex
Converting /Users/jayshitre/Projects/dfs/BookWebsite2/BookWebsite/chapters/ising_model.tex to MDX...
Updating routes...

        Successfully processed chapter:
        - Converted new /Users/jayshitre/Projects/dfs/BookWebsite2/BookWebsite/chapters/ising_model.tex to MDX
        - Placed in /Users/jayshitre/Projects/dfs/BookWebsite2/BookWebsite/contents/docs/chapters/ising_model/index.mdx
        - Updated routes with title: "Ising Model" and href: "/ising_model"
    

Checking kernel_methods.tex with title "Kernel Methods"...
Converting new chapter: /Users/jayshitre/Projects/dfs/BookWebsite2/BookWebsite/chapters/kernel_methods.tex
Converting /Users/jayshitre/Projects/dfs/BookWebsite2/BookWebsite/chapters/kernel_methods.tex to MDX...
Updating routes...

        Successfully processed chapter:
        - Converted new /Users/jayshitre/Projects/dfs/BookWebsite2/BookWebsite/chapters/kernel_methods.tex to MDX
        - Placed in /Users/jayshitre/Projects/dfs/BookWebsite2/BookWebsite/contents/docs/chapters/kernel_methods/index.mdx
        - Updated routes with title: "Kernel Methods" and href: "/kernel_methods"
    

Checking klein_gordon.tex with title "Klein Gordon"...
Converting new chapter: /Users/jayshitre/Projects/dfs/BookWebsite2/BookWebsite/chapters/klein_gordon.tex
Converting /Users/jayshitre/Projects/dfs/BookWebsite2/BookWebsite/chapters/klein_gordon.tex to MDX...
Updating routes...

        Successfully processed chapter:
        - Converted new /Users/jayshitre/Projects/dfs/BookWebsite2/BookWebsite/chapters/klein_gordon.tex to MDX
        - Placed in /Users/jayshitre/Projects/dfs/BookWebsite2/BookWebsite/contents/docs/chapters/klein_gordon/index.mdx
        - Updated routes with title: "Klein Gordon" and href: "/klein_gordon"
    

Checking kohn_sham_regularizers.tex with title "Kohn Sham Regularizers"...
Converting new chapter: /Users/jayshitre/Projects/dfs/BookWebsite2/BookWebsite/chapters/kohn_sham_regularizers.tex
Converting /Users/jayshitre/Projects/dfs/BookWebsite2/BookWebsite/chapters/kohn_sham_regularizers.tex to MDX...
Updating routes...

        Successfully processed chapter:
        - Converted new /Users/jayshitre/Projects/dfs/BookWebsite2/BookWebsite/chapters/kohn_sham_regularizers.tex to MDX
        - Placed in /Users/jayshitre/Projects/dfs/BookWebsite2/BookWebsite/contents/docs/chapters/kohn_sham_regularizers/index.mdx
        - Updated routes with title: "Kohn Sham Regularizers" and href: "/kohn_sham_regularizers"
    

Checking lagrangian_mechanics.tex with title "Lagrangian Mechanics"...
Converting new chapter: /Users/jayshitre/Projects/dfs/BookWebsite2/BookWebsite/chapters/lagrangian_mechanics.tex
Converting /Users/jayshitre/Projects/dfs/BookWebsite2/BookWebsite/chapters/lagrangian_mechanics.tex to MDX...
Updating routes...

        Successfully processed chapter:
        - Converted new /Users/jayshitre/Projects/dfs/BookWebsite2/BookWebsite/chapters/lagrangian_mechanics.tex to MDX
        - Placed in /Users/jayshitre/Projects/dfs/BookWebsite2/BookWebsite/contents/docs/chapters/lagrangian_mechanics/index.mdx
        - Updated routes with title: "Lagrangian Mechanics" and href: "/lagrangian_mechanics"
    

Checking lattice_field_theory_normalizing_flows.tex with title "Lattice Field Theory Normalizing Flows"...
Converting new chapter: /Users/jayshitre/Projects/dfs/BookWebsite2/BookWebsite/chapters/lattice_field_theory_normalizing_flows.tex
Converting /Users/jayshitre/Projects/dfs/BookWebsite2/BookWebsite/chapters/lattice_field_theory_normalizing_flows.tex to MDX...
Updating routes...

        Successfully processed chapter:
        - Converted new /Users/jayshitre/Projects/dfs/BookWebsite2/BookWebsite/chapters/lattice_field_theory_normalizing_flows.tex to MDX
        - Placed in /Users/jayshitre/Projects/dfs/BookWebsite2/BookWebsite/contents/docs/chapters/lattice_field_theory_normalizing_flows/index.mdx
        - Updated routes with title: "Lattice Field Theory Normalizing Flows" and href: "/lattice_field_theory_normalizing_flows"
    

Checking lattice_graph_convs.tex with title "Lattice Graph Convs"...
Converting new chapter: /Users/jayshitre/Projects/dfs/BookWebsite2/BookWebsite/chapters/lattice_graph_convs.tex
Converting /Users/jayshitre/Projects/dfs/BookWebsite2/BookWebsite/chapters/lattice_graph_convs.tex to MDX...
Updating routes...

        Successfully processed chapter:
        - Converted new /Users/jayshitre/Projects/dfs/BookWebsite2/BookWebsite/chapters/lattice_graph_convs.tex to MDX
        - Placed in /Users/jayshitre/Projects/dfs/BookWebsite2/BookWebsite/contents/docs/chapters/lattice_graph_convs/index.mdx
        - Updated routes with title: "Lattice Graph Convs" and href: "/lattice_graph_convs"
    

Checking lattice_qft.tex with title "Lattice Qft"...
Converting new chapter: /Users/jayshitre/Projects/dfs/BookWebsite2/BookWebsite/chapters/lattice_qft.tex
Converting /Users/jayshitre/Projects/dfs/BookWebsite2/BookWebsite/chapters/lattice_qft.tex to MDX...
Updating routes...

        Successfully processed chapter:
        - Converted new /Users/jayshitre/Projects/dfs/BookWebsite2/BookWebsite/chapters/lattice_qft.tex to MDX
        - Placed in /Users/jayshitre/Projects/dfs/BookWebsite2/BookWebsite/contents/docs/chapters/lattice_qft/index.mdx
        - Updated routes with title: "Lattice Qft" and href: "/lattice_qft"
    

Checking learning_equivariances.tex with title "Learning Equivariances"...
Converting new chapter: /Users/jayshitre/Projects/dfs/BookWebsite2/BookWebsite/chapters/learning_equivariances.tex
Converting /Users/jayshitre/Projects/dfs/BookWebsite2/BookWebsite/chapters/learning_equivariances.tex to MDX...
Updating routes...

        Successfully processed chapter:
        - Converted new /Users/jayshitre/Projects/dfs/BookWebsite2/BookWebsite/chapters/learning_equivariances.tex to MDX
        - Placed in /Users/jayshitre/Projects/dfs/BookWebsite2/BookWebsite/contents/docs/chapters/learning_equivariances/index.mdx
        - Updated routes with title: "Learning Equivariances" and href: "/learning_equivariances"
    

Checking learning_quantum_nns_via_classical_nns.tex with title "Learning Quantum Nns Via Classical Nns"...
Converting new chapter: /Users/jayshitre/Projects/dfs/BookWebsite2/BookWebsite/chapters/learning_quantum_nns_via_classical_nns.tex
Converting /Users/jayshitre/Projects/dfs/BookWebsite2/BookWebsite/chapters/learning_quantum_nns_via_classical_nns.tex to MDX...
Updating routes...

        Successfully processed chapter:
        - Converted new /Users/jayshitre/Projects/dfs/BookWebsite2/BookWebsite/chapters/learning_quantum_nns_via_classical_nns.tex to MDX
        - Placed in /Users/jayshitre/Projects/dfs/BookWebsite2/BookWebsite/contents/docs/chapters/learning_quantum_nns_via_classical_nns/index.mdx
        - Updated routes with title: "Learning Quantum Nns Via Classical Nns" and href: "/learning_quantum_nns_via_classical_nns"
    

Checking lecture_1.tex with title "Lecture 1"...
Converting new chapter: /Users/jayshitre/Projects/dfs/BookWebsite2/BookWebsite/chapters/lecture_1.tex
Converting /Users/jayshitre/Projects/dfs/BookWebsite2/BookWebsite/chapters/lecture_1.tex to MDX...
Updating routes...

        Successfully processed chapter:
        - Converted new /Users/jayshitre/Projects/dfs/BookWebsite2/BookWebsite/chapters/lecture_1.tex to MDX
        - Placed in /Users/jayshitre/Projects/dfs/BookWebsite2/BookWebsite/contents/docs/chapters/lecture_1/index.mdx
        - Updated routes with title: "Lecture 1" and href: "/lecture_1"
    

Checking lecture_10.tex with title "Lecture 10"...
Converting new chapter: /Users/jayshitre/Projects/dfs/BookWebsite2/BookWebsite/chapters/lecture_10.tex
Converting /Users/jayshitre/Projects/dfs/BookWebsite2/BookWebsite/chapters/lecture_10.tex to MDX...
Updating routes...

        Successfully processed chapter:
        - Converted new /Users/jayshitre/Projects/dfs/BookWebsite2/BookWebsite/chapters/lecture_10.tex to MDX
        - Placed in /Users/jayshitre/Projects/dfs/BookWebsite2/BookWebsite/contents/docs/chapters/lecture_10/index.mdx
        - Updated routes with title: "Lecture 10" and href: "/lecture_10"
    

Checking lecture_11.tex with title "Lecture 11"...
Converting new chapter: /Users/jayshitre/Projects/dfs/BookWebsite2/BookWebsite/chapters/lecture_11.tex
Converting /Users/jayshitre/Projects/dfs/BookWebsite2/BookWebsite/chapters/lecture_11.tex to MDX...
Updating routes...

        Successfully processed chapter:
        - Converted new /Users/jayshitre/Projects/dfs/BookWebsite2/BookWebsite/chapters/lecture_11.tex to MDX
        - Placed in /Users/jayshitre/Projects/dfs/BookWebsite2/BookWebsite/contents/docs/chapters/lecture_11/index.mdx
        - Updated routes with title: "Lecture 11" and href: "/lecture_11"
    

Checking lecture_12.tex with title "Lecture 12"...
Converting new chapter: /Users/jayshitre/Projects/dfs/BookWebsite2/BookWebsite/chapters/lecture_12.tex
Converting /Users/jayshitre/Projects/dfs/BookWebsite2/BookWebsite/chapters/lecture_12.tex to MDX...
Updating routes...

        Successfully processed chapter:
        - Converted new /Users/jayshitre/Projects/dfs/BookWebsite2/BookWebsite/chapters/lecture_12.tex to MDX
        - Placed in /Users/jayshitre/Projects/dfs/BookWebsite2/BookWebsite/contents/docs/chapters/lecture_12/index.mdx
        - Updated routes with title: "Lecture 12" and href: "/lecture_12"
    

Checking lecture_13.tex with title "Lecture 13"...
Converting new chapter: /Users/jayshitre/Projects/dfs/BookWebsite2/BookWebsite/chapters/lecture_13.tex
Converting /Users/jayshitre/Projects/dfs/BookWebsite2/BookWebsite/chapters/lecture_13.tex to MDX...
Updating routes...

        Successfully processed chapter:
        - Converted new /Users/jayshitre/Projects/dfs/BookWebsite2/BookWebsite/chapters/lecture_13.tex to MDX
        - Placed in /Users/jayshitre/Projects/dfs/BookWebsite2/BookWebsite/contents/docs/chapters/lecture_13/index.mdx
        - Updated routes with title: "Lecture 13" and href: "/lecture_13"
    

Checking lecture_14.tex with title "Lecture 14"...
Converting new chapter: /Users/jayshitre/Projects/dfs/BookWebsite2/BookWebsite/chapters/lecture_14.tex
Converting /Users/jayshitre/Projects/dfs/BookWebsite2/BookWebsite/chapters/lecture_14.tex to MDX...
Updating routes...

        Successfully processed chapter:
        - Converted new /Users/jayshitre/Projects/dfs/BookWebsite2/BookWebsite/chapters/lecture_14.tex to MDX
        - Placed in /Users/jayshitre/Projects/dfs/BookWebsite2/BookWebsite/contents/docs/chapters/lecture_14/index.mdx
        - Updated routes with title: "Lecture 14" and href: "/lecture_14"
    

Checking lecture_15.tex with title "Lecture 15"...
Converting new chapter: /Users/jayshitre/Projects/dfs/BookWebsite2/BookWebsite/chapters/lecture_15.tex
Converting /Users/jayshitre/Projects/dfs/BookWebsite2/BookWebsite/chapters/lecture_15.tex to MDX...
Updating routes...

        Successfully processed chapter:
        - Converted new /Users/jayshitre/Projects/dfs/BookWebsite2/BookWebsite/chapters/lecture_15.tex to MDX
        - Placed in /Users/jayshitre/Projects/dfs/BookWebsite2/BookWebsite/contents/docs/chapters/lecture_15/index.mdx
        - Updated routes with title: "Lecture 15" and href: "/lecture_15"
    

Checking lecture_16.tex with title "Lecture 16"...
Converting new chapter: /Users/jayshitre/Projects/dfs/BookWebsite2/BookWebsite/chapters/lecture_16.tex
Converting /Users/jayshitre/Projects/dfs/BookWebsite2/BookWebsite/chapters/lecture_16.tex to MDX...
Updating routes...

        Successfully processed chapter:
        - Converted new /Users/jayshitre/Projects/dfs/BookWebsite2/BookWebsite/chapters/lecture_16.tex to MDX
        - Placed in /Users/jayshitre/Projects/dfs/BookWebsite2/BookWebsite/contents/docs/chapters/lecture_16/index.mdx
        - Updated routes with title: "Lecture 16" and href: "/lecture_16"
    

Checking lecture_17.tex with title "Lecture 17"...
Converting new chapter: /Users/jayshitre/Projects/dfs/BookWebsite2/BookWebsite/chapters/lecture_17.tex
Converting /Users/jayshitre/Projects/dfs/BookWebsite2/BookWebsite/chapters/lecture_17.tex to MDX...
Updating routes...

        Successfully processed chapter:
        - Converted new /Users/jayshitre/Projects/dfs/BookWebsite2/BookWebsite/chapters/lecture_17.tex to MDX
        - Placed in /Users/jayshitre/Projects/dfs/BookWebsite2/BookWebsite/contents/docs/chapters/lecture_17/index.mdx
        - Updated routes with title: "Lecture 17" and href: "/lecture_17"
    

Checking lecture_18.tex with title "Lecture 18"...
Converting new chapter: /Users/jayshitre/Projects/dfs/BookWebsite2/BookWebsite/chapters/lecture_18.tex
Converting /Users/jayshitre/Projects/dfs/BookWebsite2/BookWebsite/chapters/lecture_18.tex to MDX...
Updating routes...

        Successfully processed chapter:
        - Converted new /Users/jayshitre/Projects/dfs/BookWebsite2/BookWebsite/chapters/lecture_18.tex to MDX
        - Placed in /Users/jayshitre/Projects/dfs/BookWebsite2/BookWebsite/contents/docs/chapters/lecture_18/index.mdx
        - Updated routes with title: "Lecture 18" and href: "/lecture_18"
    

Checking lecture_19.tex with title "Lecture 19"...
Converting new chapter: /Users/jayshitre/Projects/dfs/BookWebsite2/BookWebsite/chapters/lecture_19.tex
Converting /Users/jayshitre/Projects/dfs/BookWebsite2/BookWebsite/chapters/lecture_19.tex to MDX...
Updating routes...

        Successfully processed chapter:
        - Converted new /Users/jayshitre/Projects/dfs/BookWebsite2/BookWebsite/chapters/lecture_19.tex to MDX
        - Placed in /Users/jayshitre/Projects/dfs/BookWebsite2/BookWebsite/contents/docs/chapters/lecture_19/index.mdx
        - Updated routes with title: "Lecture 19" and href: "/lecture_19"
    

Checking lecture_2.tex with title "Lecture 2"...
Converting new chapter: /Users/jayshitre/Projects/dfs/BookWebsite2/BookWebsite/chapters/lecture_2.tex
Converting /Users/jayshitre/Projects/dfs/BookWebsite2/BookWebsite/chapters/lecture_2.tex to MDX...
Updating routes...

        Successfully processed chapter:
        - Converted new /Users/jayshitre/Projects/dfs/BookWebsite2/BookWebsite/chapters/lecture_2.tex to MDX
        - Placed in /Users/jayshitre/Projects/dfs/BookWebsite2/BookWebsite/contents/docs/chapters/lecture_2/index.mdx
        - Updated routes with title: "Lecture 2" and href: "/lecture_2"
    

Checking lecture_20.tex with title "Lecture 20"...
Converting new chapter: /Users/jayshitre/Projects/dfs/BookWebsite2/BookWebsite/chapters/lecture_20.tex
Converting /Users/jayshitre/Projects/dfs/BookWebsite2/BookWebsite/chapters/lecture_20.tex to MDX...
Updating routes...

        Successfully processed chapter:
        - Converted new /Users/jayshitre/Projects/dfs/BookWebsite2/BookWebsite/chapters/lecture_20.tex to MDX
        - Placed in /Users/jayshitre/Projects/dfs/BookWebsite2/BookWebsite/contents/docs/chapters/lecture_20/index.mdx
        - Updated routes with title: "Lecture 20" and href: "/lecture_20"
    

Checking lecture_21.tex with title "Lecture 21"...
Converting new chapter: /Users/jayshitre/Projects/dfs/BookWebsite2/BookWebsite/chapters/lecture_21.tex
Converting /Users/jayshitre/Projects/dfs/BookWebsite2/BookWebsite/chapters/lecture_21.tex to MDX...
Updating routes...

        Successfully processed chapter:
        - Converted new /Users/jayshitre/Projects/dfs/BookWebsite2/BookWebsite/chapters/lecture_21.tex to MDX
        - Placed in /Users/jayshitre/Projects/dfs/BookWebsite2/BookWebsite/contents/docs/chapters/lecture_21/index.mdx
        - Updated routes with title: "Lecture 21" and href: "/lecture_21"
    

Checking lecture_22.tex with title "Lecture 22"...
Converting new chapter: /Users/jayshitre/Projects/dfs/BookWebsite2/BookWebsite/chapters/lecture_22.tex
Converting /Users/jayshitre/Projects/dfs/BookWebsite2/BookWebsite/chapters/lecture_22.tex to MDX...
Updating routes...

        Successfully processed chapter:
        - Converted new /Users/jayshitre/Projects/dfs/BookWebsite2/BookWebsite/chapters/lecture_22.tex to MDX
        - Placed in /Users/jayshitre/Projects/dfs/BookWebsite2/BookWebsite/contents/docs/chapters/lecture_22/index.mdx
        - Updated routes with title: "Lecture 22" and href: "/lecture_22"
    

Checking lecture_23.tex with title "Lecture 23"...
Converting new chapter: /Users/jayshitre/Projects/dfs/BookWebsite2/BookWebsite/chapters/lecture_23.tex
Converting /Users/jayshitre/Projects/dfs/BookWebsite2/BookWebsite/chapters/lecture_23.tex to MDX...
Updating routes...

        Successfully processed chapter:
        - Converted new /Users/jayshitre/Projects/dfs/BookWebsite2/BookWebsite/chapters/lecture_23.tex to MDX
        - Placed in /Users/jayshitre/Projects/dfs/BookWebsite2/BookWebsite/contents/docs/chapters/lecture_23/index.mdx
        - Updated routes with title: "Lecture 23" and href: "/lecture_23"
    

Checking lecture_24.tex with title "Lecture 24"...
Converting new chapter: /Users/jayshitre/Projects/dfs/BookWebsite2/BookWebsite/chapters/lecture_24.tex
Converting /Users/jayshitre/Projects/dfs/BookWebsite2/BookWebsite/chapters/lecture_24.tex to MDX...
Updating routes...

        Successfully processed chapter:
        - Converted new /Users/jayshitre/Projects/dfs/BookWebsite2/BookWebsite/chapters/lecture_24.tex to MDX
        - Placed in /Users/jayshitre/Projects/dfs/BookWebsite2/BookWebsite/contents/docs/chapters/lecture_24/index.mdx
        - Updated routes with title: "Lecture 24" and href: "/lecture_24"
    

Checking lecture_25.tex with title "Lecture 25"...
Converting new chapter: /Users/jayshitre/Projects/dfs/BookWebsite2/BookWebsite/chapters/lecture_25.tex
Converting /Users/jayshitre/Projects/dfs/BookWebsite2/BookWebsite/chapters/lecture_25.tex to MDX...
Updating routes...

        Successfully processed chapter:
        - Converted new /Users/jayshitre/Projects/dfs/BookWebsite2/BookWebsite/chapters/lecture_25.tex to MDX
        - Placed in /Users/jayshitre/Projects/dfs/BookWebsite2/BookWebsite/contents/docs/chapters/lecture_25/index.mdx
        - Updated routes with title: "Lecture 25" and href: "/lecture_25"
    

Checking lecture_26.tex with title "Lecture 26"...
Converting new chapter: /Users/jayshitre/Projects/dfs/BookWebsite2/BookWebsite/chapters/lecture_26.tex
Converting /Users/jayshitre/Projects/dfs/BookWebsite2/BookWebsite/chapters/lecture_26.tex to MDX...
Updating routes...

        Successfully processed chapter:
        - Converted new /Users/jayshitre/Projects/dfs/BookWebsite2/BookWebsite/chapters/lecture_26.tex to MDX
        - Placed in /Users/jayshitre/Projects/dfs/BookWebsite2/BookWebsite/contents/docs/chapters/lecture_26/index.mdx
        - Updated routes with title: "Lecture 26" and href: "/lecture_26"
    

Checking lecture_27.tex with title "Lecture 27"...
Converting new chapter: /Users/jayshitre/Projects/dfs/BookWebsite2/BookWebsite/chapters/lecture_27.tex
Converting /Users/jayshitre/Projects/dfs/BookWebsite2/BookWebsite/chapters/lecture_27.tex to MDX...
Updating routes...

        Successfully processed chapter:
        - Converted new /Users/jayshitre/Projects/dfs/BookWebsite2/BookWebsite/chapters/lecture_27.tex to MDX
        - Placed in /Users/jayshitre/Projects/dfs/BookWebsite2/BookWebsite/contents/docs/chapters/lecture_27/index.mdx
        - Updated routes with title: "Lecture 27" and href: "/lecture_27"
    

Checking lecture_28.tex with title "Lecture 28"...
Converting new chapter: /Users/jayshitre/Projects/dfs/BookWebsite2/BookWebsite/chapters/lecture_28.tex
Converting /Users/jayshitre/Projects/dfs/BookWebsite2/BookWebsite/chapters/lecture_28.tex to MDX...
Updating routes...

        Successfully processed chapter:
        - Converted new /Users/jayshitre/Projects/dfs/BookWebsite2/BookWebsite/chapters/lecture_28.tex to MDX
        - Placed in /Users/jayshitre/Projects/dfs/BookWebsite2/BookWebsite/contents/docs/chapters/lecture_28/index.mdx
        - Updated routes with title: "Lecture 28" and href: "/lecture_28"
    

Checking lecture_29.tex with title "Lecture 29"...
Converting new chapter: /Users/jayshitre/Projects/dfs/BookWebsite2/BookWebsite/chapters/lecture_29.tex
Converting /Users/jayshitre/Projects/dfs/BookWebsite2/BookWebsite/chapters/lecture_29.tex to MDX...
Updating routes...

        Successfully processed chapter:
        - Converted new /Users/jayshitre/Projects/dfs/BookWebsite2/BookWebsite/chapters/lecture_29.tex to MDX
        - Placed in /Users/jayshitre/Projects/dfs/BookWebsite2/BookWebsite/contents/docs/chapters/lecture_29/index.mdx
        - Updated routes with title: "Lecture 29" and href: "/lecture_29"
    

Checking lecture_3.tex with title "Lecture 3"...
Converting new chapter: /Users/jayshitre/Projects/dfs/BookWebsite2/BookWebsite/chapters/lecture_3.tex
Converting /Users/jayshitre/Projects/dfs/BookWebsite2/BookWebsite/chapters/lecture_3.tex to MDX...
Updating routes...

        Successfully processed chapter:
        - Converted new /Users/jayshitre/Projects/dfs/BookWebsite2/BookWebsite/chapters/lecture_3.tex to MDX
        - Placed in /Users/jayshitre/Projects/dfs/BookWebsite2/BookWebsite/contents/docs/chapters/lecture_3/index.mdx
        - Updated routes with title: "Lecture 3" and href: "/lecture_3"
    

Checking lecture_30.tex with title "Lecture 30"...
Converting new chapter: /Users/jayshitre/Projects/dfs/BookWebsite2/BookWebsite/chapters/lecture_30.tex
Converting /Users/jayshitre/Projects/dfs/BookWebsite2/BookWebsite/chapters/lecture_30.tex to MDX...
Updating routes...

        Successfully processed chapter:
        - Converted new /Users/jayshitre/Projects/dfs/BookWebsite2/BookWebsite/chapters/lecture_30.tex to MDX
        - Placed in /Users/jayshitre/Projects/dfs/BookWebsite2/BookWebsite/contents/docs/chapters/lecture_30/index.mdx
        - Updated routes with title: "Lecture 30" and href: "/lecture_30"
    

Checking lecture_31.tex with title "Lecture 31"...
Converting new chapter: /Users/jayshitre/Projects/dfs/BookWebsite2/BookWebsite/chapters/lecture_31.tex
Converting /Users/jayshitre/Projects/dfs/BookWebsite2/BookWebsite/chapters/lecture_31.tex to MDX...
Updating routes...

        Successfully processed chapter:
        - Converted new /Users/jayshitre/Projects/dfs/BookWebsite2/BookWebsite/chapters/lecture_31.tex to MDX
        - Placed in /Users/jayshitre/Projects/dfs/BookWebsite2/BookWebsite/contents/docs/chapters/lecture_31/index.mdx
        - Updated routes with title: "Lecture 31" and href: "/lecture_31"
    

Checking lecture_32.tex with title "Lecture 32"...
Converting new chapter: /Users/jayshitre/Projects/dfs/BookWebsite2/BookWebsite/chapters/lecture_32.tex
Converting /Users/jayshitre/Projects/dfs/BookWebsite2/BookWebsite/chapters/lecture_32.tex to MDX...
Updating routes...

        Successfully processed chapter:
        - Converted new /Users/jayshitre/Projects/dfs/BookWebsite2/BookWebsite/chapters/lecture_32.tex to MDX
        - Placed in /Users/jayshitre/Projects/dfs/BookWebsite2/BookWebsite/contents/docs/chapters/lecture_32/index.mdx
        - Updated routes with title: "Lecture 32" and href: "/lecture_32"
    

Checking lecture_33.tex with title "Lecture 33"...
Converting new chapter: /Users/jayshitre/Projects/dfs/BookWebsite2/BookWebsite/chapters/lecture_33.tex
Converting /Users/jayshitre/Projects/dfs/BookWebsite2/BookWebsite/chapters/lecture_33.tex to MDX...
Updating routes...

        Successfully processed chapter:
        - Converted new /Users/jayshitre/Projects/dfs/BookWebsite2/BookWebsite/chapters/lecture_33.tex to MDX
        - Placed in /Users/jayshitre/Projects/dfs/BookWebsite2/BookWebsite/contents/docs/chapters/lecture_33/index.mdx
        - Updated routes with title: "Lecture 33" and href: "/lecture_33"
    

Checking lecture_34.tex with title "Lecture 34"...
Converting new chapter: /Users/jayshitre/Projects/dfs/BookWebsite2/BookWebsite/chapters/lecture_34.tex
Converting /Users/jayshitre/Projects/dfs/BookWebsite2/BookWebsite/chapters/lecture_34.tex to MDX...
Updating routes...

        Successfully processed chapter:
        - Converted new /Users/jayshitre/Projects/dfs/BookWebsite2/BookWebsite/chapters/lecture_34.tex to MDX
        - Placed in /Users/jayshitre/Projects/dfs/BookWebsite2/BookWebsite/contents/docs/chapters/lecture_34/index.mdx
        - Updated routes with title: "Lecture 34" and href: "/lecture_34"
    

Checking lecture_35.tex with title "Lecture 35"...
Converting new chapter: /Users/jayshitre/Projects/dfs/BookWebsite2/BookWebsite/chapters/lecture_35.tex
Converting /Users/jayshitre/Projects/dfs/BookWebsite2/BookWebsite/chapters/lecture_35.tex to MDX...
Updating routes...

        Successfully processed chapter:
        - Converted new /Users/jayshitre/Projects/dfs/BookWebsite2/BookWebsite/chapters/lecture_35.tex to MDX
        - Placed in /Users/jayshitre/Projects/dfs/BookWebsite2/BookWebsite/contents/docs/chapters/lecture_35/index.mdx
        - Updated routes with title: "Lecture 35" and href: "/lecture_35"
    

Checking lecture_36.tex with title "Lecture 36"...
Converting new chapter: /Users/jayshitre/Projects/dfs/BookWebsite2/BookWebsite/chapters/lecture_36.tex
Converting /Users/jayshitre/Projects/dfs/BookWebsite2/BookWebsite/chapters/lecture_36.tex to MDX...
Updating routes...

        Successfully processed chapter:
        - Converted new /Users/jayshitre/Projects/dfs/BookWebsite2/BookWebsite/chapters/lecture_36.tex to MDX
        - Placed in /Users/jayshitre/Projects/dfs/BookWebsite2/BookWebsite/contents/docs/chapters/lecture_36/index.mdx
        - Updated routes with title: "Lecture 36" and href: "/lecture_36"
    

Checking lecture_37.tex with title "Lecture 37"...
Converting new chapter: /Users/jayshitre/Projects/dfs/BookWebsite2/BookWebsite/chapters/lecture_37.tex
Converting /Users/jayshitre/Projects/dfs/BookWebsite2/BookWebsite/chapters/lecture_37.tex to MDX...
Updating routes...

        Successfully processed chapter:
        - Converted new /Users/jayshitre/Projects/dfs/BookWebsite2/BookWebsite/chapters/lecture_37.tex to MDX
        - Placed in /Users/jayshitre/Projects/dfs/BookWebsite2/BookWebsite/contents/docs/chapters/lecture_37/index.mdx
        - Updated routes with title: "Lecture 37" and href: "/lecture_37"
    

Checking lecture_38.tex with title "Lecture 38"...
Converting new chapter: /Users/jayshitre/Projects/dfs/BookWebsite2/BookWebsite/chapters/lecture_38.tex
Converting /Users/jayshitre/Projects/dfs/BookWebsite2/BookWebsite/chapters/lecture_38.tex to MDX...
Updating routes...

        Successfully processed chapter:
        - Converted new /Users/jayshitre/Projects/dfs/BookWebsite2/BookWebsite/chapters/lecture_38.tex to MDX
        - Placed in /Users/jayshitre/Projects/dfs/BookWebsite2/BookWebsite/contents/docs/chapters/lecture_38/index.mdx
        - Updated routes with title: "Lecture 38" and href: "/lecture_38"
    

Checking lecture_39.tex with title "Lecture 39"...
Converting new chapter: /Users/jayshitre/Projects/dfs/BookWebsite2/BookWebsite/chapters/lecture_39.tex
Converting /Users/jayshitre/Projects/dfs/BookWebsite2/BookWebsite/chapters/lecture_39.tex to MDX...
Updating routes...

        Successfully processed chapter:
        - Converted new /Users/jayshitre/Projects/dfs/BookWebsite2/BookWebsite/chapters/lecture_39.tex to MDX
        - Placed in /Users/jayshitre/Projects/dfs/BookWebsite2/BookWebsite/contents/docs/chapters/lecture_39/index.mdx
        - Updated routes with title: "Lecture 39" and href: "/lecture_39"
    

Checking lecture_4.tex with title "Lecture 4"...
Converting new chapter: /Users/jayshitre/Projects/dfs/BookWebsite2/BookWebsite/chapters/lecture_4.tex
Converting /Users/jayshitre/Projects/dfs/BookWebsite2/BookWebsite/chapters/lecture_4.tex to MDX...
Updating routes...

        Successfully processed chapter:
        - Converted new /Users/jayshitre/Projects/dfs/BookWebsite2/BookWebsite/chapters/lecture_4.tex to MDX
        - Placed in /Users/jayshitre/Projects/dfs/BookWebsite2/BookWebsite/contents/docs/chapters/lecture_4/index.mdx
        - Updated routes with title: "Lecture 4" and href: "/lecture_4"
    

Checking lecture_40.tex with title "Lecture 40"...
Converting new chapter: /Users/jayshitre/Projects/dfs/BookWebsite2/BookWebsite/chapters/lecture_40.tex
Converting /Users/jayshitre/Projects/dfs/BookWebsite2/BookWebsite/chapters/lecture_40.tex to MDX...
Updating routes...

        Successfully processed chapter:
        - Converted new /Users/jayshitre/Projects/dfs/BookWebsite2/BookWebsite/chapters/lecture_40.tex to MDX
        - Placed in /Users/jayshitre/Projects/dfs/BookWebsite2/BookWebsite/contents/docs/chapters/lecture_40/index.mdx
        - Updated routes with title: "Lecture 40" and href: "/lecture_40"
    

Checking lecture_41.tex with title "Lecture 41"...
Converting new chapter: /Users/jayshitre/Projects/dfs/BookWebsite2/BookWebsite/chapters/lecture_41.tex
Converting /Users/jayshitre/Projects/dfs/BookWebsite2/BookWebsite/chapters/lecture_41.tex to MDX...
Updating routes...

        Successfully processed chapter:
        - Converted new /Users/jayshitre/Projects/dfs/BookWebsite2/BookWebsite/chapters/lecture_41.tex to MDX
        - Placed in /Users/jayshitre/Projects/dfs/BookWebsite2/BookWebsite/contents/docs/chapters/lecture_41/index.mdx
        - Updated routes with title: "Lecture 41" and href: "/lecture_41"
    

Checking lecture_42.tex with title "Lecture 42"...
Converting new chapter: /Users/jayshitre/Projects/dfs/BookWebsite2/BookWebsite/chapters/lecture_42.tex
Converting /Users/jayshitre/Projects/dfs/BookWebsite2/BookWebsite/chapters/lecture_42.tex to MDX...
Updating routes...

        Successfully processed chapter:
        - Converted new /Users/jayshitre/Projects/dfs/BookWebsite2/BookWebsite/chapters/lecture_42.tex to MDX
        - Placed in /Users/jayshitre/Projects/dfs/BookWebsite2/BookWebsite/contents/docs/chapters/lecture_42/index.mdx
        - Updated routes with title: "Lecture 42" and href: "/lecture_42"
    

Checking lecture_43.tex with title "Lecture 43"...
Converting new chapter: /Users/jayshitre/Projects/dfs/BookWebsite2/BookWebsite/chapters/lecture_43.tex
Converting /Users/jayshitre/Projects/dfs/BookWebsite2/BookWebsite/chapters/lecture_43.tex to MDX...
Updating routes...

        Successfully processed chapter:
        - Converted new /Users/jayshitre/Projects/dfs/BookWebsite2/BookWebsite/chapters/lecture_43.tex to MDX
        - Placed in /Users/jayshitre/Projects/dfs/BookWebsite2/BookWebsite/contents/docs/chapters/lecture_43/index.mdx
        - Updated routes with title: "Lecture 43" and href: "/lecture_43"
    

Checking lecture_44.tex with title "Lecture 44"...
Converting new chapter: /Users/jayshitre/Projects/dfs/BookWebsite2/BookWebsite/chapters/lecture_44.tex
Converting /Users/jayshitre/Projects/dfs/BookWebsite2/BookWebsite/chapters/lecture_44.tex to MDX...
Updating routes...

        Successfully processed chapter:
        - Converted new /Users/jayshitre/Projects/dfs/BookWebsite2/BookWebsite/chapters/lecture_44.tex to MDX
        - Placed in /Users/jayshitre/Projects/dfs/BookWebsite2/BookWebsite/contents/docs/chapters/lecture_44/index.mdx
        - Updated routes with title: "Lecture 44" and href: "/lecture_44"
    

Checking lecture_45.tex with title "Lecture 45"...
Converting new chapter: /Users/jayshitre/Projects/dfs/BookWebsite2/BookWebsite/chapters/lecture_45.tex
Converting /Users/jayshitre/Projects/dfs/BookWebsite2/BookWebsite/chapters/lecture_45.tex to MDX...
Updating routes...

        Successfully processed chapter:
        - Converted new /Users/jayshitre/Projects/dfs/BookWebsite2/BookWebsite/chapters/lecture_45.tex to MDX
        - Placed in /Users/jayshitre/Projects/dfs/BookWebsite2/BookWebsite/contents/docs/chapters/lecture_45/index.mdx
        - Updated routes with title: "Lecture 45" and href: "/lecture_45"
    

Checking lecture_46.tex with title "Lecture 46"...
Converting new chapter: /Users/jayshitre/Projects/dfs/BookWebsite2/BookWebsite/chapters/lecture_46.tex
Converting /Users/jayshitre/Projects/dfs/BookWebsite2/BookWebsite/chapters/lecture_46.tex to MDX...
Updating routes...

        Successfully processed chapter:
        - Converted new /Users/jayshitre/Projects/dfs/BookWebsite2/BookWebsite/chapters/lecture_46.tex to MDX
        - Placed in /Users/jayshitre/Projects/dfs/BookWebsite2/BookWebsite/contents/docs/chapters/lecture_46/index.mdx
        - Updated routes with title: "Lecture 46" and href: "/lecture_46"
    

Checking lecture_47.tex with title "Lecture 47"...
Converting new chapter: /Users/jayshitre/Projects/dfs/BookWebsite2/BookWebsite/chapters/lecture_47.tex
Converting /Users/jayshitre/Projects/dfs/BookWebsite2/BookWebsite/chapters/lecture_47.tex to MDX...
Updating routes...

        Successfully processed chapter:
        - Converted new /Users/jayshitre/Projects/dfs/BookWebsite2/BookWebsite/chapters/lecture_47.tex to MDX
        - Placed in /Users/jayshitre/Projects/dfs/BookWebsite2/BookWebsite/contents/docs/chapters/lecture_47/index.mdx
        - Updated routes with title: "Lecture 47" and href: "/lecture_47"
    

Checking lecture_48.tex with title "Lecture 48"...
Converting new chapter: /Users/jayshitre/Projects/dfs/BookWebsite2/BookWebsite/chapters/lecture_48.tex
Converting /Users/jayshitre/Projects/dfs/BookWebsite2/BookWebsite/chapters/lecture_48.tex to MDX...
Updating routes...

        Successfully processed chapter:
        - Converted new /Users/jayshitre/Projects/dfs/BookWebsite2/BookWebsite/chapters/lecture_48.tex to MDX
        - Placed in /Users/jayshitre/Projects/dfs/BookWebsite2/BookWebsite/contents/docs/chapters/lecture_48/index.mdx
        - Updated routes with title: "Lecture 48" and href: "/lecture_48"
    

Checking lecture_49.tex with title "Lecture 49"...
Converting new chapter: /Users/jayshitre/Projects/dfs/BookWebsite2/BookWebsite/chapters/lecture_49.tex
Converting /Users/jayshitre/Projects/dfs/BookWebsite2/BookWebsite/chapters/lecture_49.tex to MDX...
Updating routes...

        Successfully processed chapter:
        - Converted new /Users/jayshitre/Projects/dfs/BookWebsite2/BookWebsite/chapters/lecture_49.tex to MDX
        - Placed in /Users/jayshitre/Projects/dfs/BookWebsite2/BookWebsite/contents/docs/chapters/lecture_49/index.mdx
        - Updated routes with title: "Lecture 49" and href: "/lecture_49"
    

Checking lecture_5.tex with title "Lecture 5"...
Converting new chapter: /Users/jayshitre/Projects/dfs/BookWebsite2/BookWebsite/chapters/lecture_5.tex
Converting /Users/jayshitre/Projects/dfs/BookWebsite2/BookWebsite/chapters/lecture_5.tex to MDX...
Updating routes...

        Successfully processed chapter:
        - Converted new /Users/jayshitre/Projects/dfs/BookWebsite2/BookWebsite/chapters/lecture_5.tex to MDX
        - Placed in /Users/jayshitre/Projects/dfs/BookWebsite2/BookWebsite/contents/docs/chapters/lecture_5/index.mdx
        - Updated routes with title: "Lecture 5" and href: "/lecture_5"
    

Checking lecture_50.tex with title "Lecture 50"...
Converting new chapter: /Users/jayshitre/Projects/dfs/BookWebsite2/BookWebsite/chapters/lecture_50.tex
Converting /Users/jayshitre/Projects/dfs/BookWebsite2/BookWebsite/chapters/lecture_50.tex to MDX...
Updating routes...

        Successfully processed chapter:
        - Converted new /Users/jayshitre/Projects/dfs/BookWebsite2/BookWebsite/chapters/lecture_50.tex to MDX
        - Placed in /Users/jayshitre/Projects/dfs/BookWebsite2/BookWebsite/contents/docs/chapters/lecture_50/index.mdx
        - Updated routes with title: "Lecture 50" and href: "/lecture_50"
    

Checking lecture_51.tex with title "Lecture 51"...
Converting new chapter: /Users/jayshitre/Projects/dfs/BookWebsite2/BookWebsite/chapters/lecture_51.tex
Converting /Users/jayshitre/Projects/dfs/BookWebsite2/BookWebsite/chapters/lecture_51.tex to MDX...
Updating routes...

        Successfully processed chapter:
        - Converted new /Users/jayshitre/Projects/dfs/BookWebsite2/BookWebsite/chapters/lecture_51.tex to MDX
        - Placed in /Users/jayshitre/Projects/dfs/BookWebsite2/BookWebsite/contents/docs/chapters/lecture_51/index.mdx
        - Updated routes with title: "Lecture 51" and href: "/lecture_51"
    

Checking lecture_52.tex with title "Lecture 52"...
Converting new chapter: /Users/jayshitre/Projects/dfs/BookWebsite2/BookWebsite/chapters/lecture_52.tex
Converting /Users/jayshitre/Projects/dfs/BookWebsite2/BookWebsite/chapters/lecture_52.tex to MDX...
Updating routes...

        Successfully processed chapter:
        - Converted new /Users/jayshitre/Projects/dfs/BookWebsite2/BookWebsite/chapters/lecture_52.tex to MDX
        - Placed in /Users/jayshitre/Projects/dfs/BookWebsite2/BookWebsite/contents/docs/chapters/lecture_52/index.mdx
        - Updated routes with title: "Lecture 52" and href: "/lecture_52"
    

Checking lecture_53.tex with title "Lecture 53"...
Converting new chapter: /Users/jayshitre/Projects/dfs/BookWebsite2/BookWebsite/chapters/lecture_53.tex
Converting /Users/jayshitre/Projects/dfs/BookWebsite2/BookWebsite/chapters/lecture_53.tex to MDX...
Updating routes...

        Successfully processed chapter:
        - Converted new /Users/jayshitre/Projects/dfs/BookWebsite2/BookWebsite/chapters/lecture_53.tex to MDX
        - Placed in /Users/jayshitre/Projects/dfs/BookWebsite2/BookWebsite/contents/docs/chapters/lecture_53/index.mdx
        - Updated routes with title: "Lecture 53" and href: "/lecture_53"
    

Checking lecture_54.tex with title "Lecture 54"...
Converting new chapter: /Users/jayshitre/Projects/dfs/BookWebsite2/BookWebsite/chapters/lecture_54.tex
Converting /Users/jayshitre/Projects/dfs/BookWebsite2/BookWebsite/chapters/lecture_54.tex to MDX...
Updating routes...

        Successfully processed chapter:
        - Converted new /Users/jayshitre/Projects/dfs/BookWebsite2/BookWebsite/chapters/lecture_54.tex to MDX
        - Placed in /Users/jayshitre/Projects/dfs/BookWebsite2/BookWebsite/contents/docs/chapters/lecture_54/index.mdx
        - Updated routes with title: "Lecture 54" and href: "/lecture_54"
    

Checking lecture_55.tex with title "Lecture 55"...
Converting new chapter: /Users/jayshitre/Projects/dfs/BookWebsite2/BookWebsite/chapters/lecture_55.tex
Converting /Users/jayshitre/Projects/dfs/BookWebsite2/BookWebsite/chapters/lecture_55.tex to MDX...
Updating routes...

        Successfully processed chapter:
        - Converted new /Users/jayshitre/Projects/dfs/BookWebsite2/BookWebsite/chapters/lecture_55.tex to MDX
        - Placed in /Users/jayshitre/Projects/dfs/BookWebsite2/BookWebsite/contents/docs/chapters/lecture_55/index.mdx
        - Updated routes with title: "Lecture 55" and href: "/lecture_55"
    

Checking lecture_56.tex with title "Lecture 56"...
Converting new chapter: /Users/jayshitre/Projects/dfs/BookWebsite2/BookWebsite/chapters/lecture_56.tex
Converting /Users/jayshitre/Projects/dfs/BookWebsite2/BookWebsite/chapters/lecture_56.tex to MDX...
Updating routes...

        Successfully processed chapter:
        - Converted new /Users/jayshitre/Projects/dfs/BookWebsite2/BookWebsite/chapters/lecture_56.tex to MDX
        - Placed in /Users/jayshitre/Projects/dfs/BookWebsite2/BookWebsite/contents/docs/chapters/lecture_56/index.mdx
        - Updated routes with title: "Lecture 56" and href: "/lecture_56"
    

Checking lecture_57.tex with title "Lecture 57"...
Converting new chapter: /Users/jayshitre/Projects/dfs/BookWebsite2/BookWebsite/chapters/lecture_57.tex
Converting /Users/jayshitre/Projects/dfs/BookWebsite2/BookWebsite/chapters/lecture_57.tex to MDX...
Updating routes...

        Successfully processed chapter:
        - Converted new /Users/jayshitre/Projects/dfs/BookWebsite2/BookWebsite/chapters/lecture_57.tex to MDX
        - Placed in /Users/jayshitre/Projects/dfs/BookWebsite2/BookWebsite/contents/docs/chapters/lecture_57/index.mdx
        - Updated routes with title: "Lecture 57" and href: "/lecture_57"
    

Checking lecture_58.tex with title "Lecture 58"...
Converting new chapter: /Users/jayshitre/Projects/dfs/BookWebsite2/BookWebsite/chapters/lecture_58.tex
Converting /Users/jayshitre/Projects/dfs/BookWebsite2/BookWebsite/chapters/lecture_58.tex to MDX...
Updating routes...

        Successfully processed chapter:
        - Converted new /Users/jayshitre/Projects/dfs/BookWebsite2/BookWebsite/chapters/lecture_58.tex to MDX
        - Placed in /Users/jayshitre/Projects/dfs/BookWebsite2/BookWebsite/contents/docs/chapters/lecture_58/index.mdx
        - Updated routes with title: "Lecture 58" and href: "/lecture_58"
    

Checking lecture_59.tex with title "Lecture 59"...
Converting new chapter: /Users/jayshitre/Projects/dfs/BookWebsite2/BookWebsite/chapters/lecture_59.tex
Converting /Users/jayshitre/Projects/dfs/BookWebsite2/BookWebsite/chapters/lecture_59.tex to MDX...
Updating routes...

        Successfully processed chapter:
        - Converted new /Users/jayshitre/Projects/dfs/BookWebsite2/BookWebsite/chapters/lecture_59.tex to MDX
        - Placed in /Users/jayshitre/Projects/dfs/BookWebsite2/BookWebsite/contents/docs/chapters/lecture_59/index.mdx
        - Updated routes with title: "Lecture 59" and href: "/lecture_59"
    

Checking lecture_6.tex with title "Lecture 6"...
Converting new chapter: /Users/jayshitre/Projects/dfs/BookWebsite2/BookWebsite/chapters/lecture_6.tex
Converting /Users/jayshitre/Projects/dfs/BookWebsite2/BookWebsite/chapters/lecture_6.tex to MDX...
Updating routes...

        Successfully processed chapter:
        - Converted new /Users/jayshitre/Projects/dfs/BookWebsite2/BookWebsite/chapters/lecture_6.tex to MDX
        - Placed in /Users/jayshitre/Projects/dfs/BookWebsite2/BookWebsite/contents/docs/chapters/lecture_6/index.mdx
        - Updated routes with title: "Lecture 6" and href: "/lecture_6"
    

Checking lecture_60.tex with title "Lecture 60"...
Converting new chapter: /Users/jayshitre/Projects/dfs/BookWebsite2/BookWebsite/chapters/lecture_60.tex
Converting /Users/jayshitre/Projects/dfs/BookWebsite2/BookWebsite/chapters/lecture_60.tex to MDX...
Updating routes...

        Successfully processed chapter:
        - Converted new /Users/jayshitre/Projects/dfs/BookWebsite2/BookWebsite/chapters/lecture_60.tex to MDX
        - Placed in /Users/jayshitre/Projects/dfs/BookWebsite2/BookWebsite/contents/docs/chapters/lecture_60/index.mdx
        - Updated routes with title: "Lecture 60" and href: "/lecture_60"
    

Checking lecture_7.tex with title "Lecture 7"...
Converting new chapter: /Users/jayshitre/Projects/dfs/BookWebsite2/BookWebsite/chapters/lecture_7.tex
Converting /Users/jayshitre/Projects/dfs/BookWebsite2/BookWebsite/chapters/lecture_7.tex to MDX...
Updating routes...

        Successfully processed chapter:
        - Converted new /Users/jayshitre/Projects/dfs/BookWebsite2/BookWebsite/chapters/lecture_7.tex to MDX
        - Placed in /Users/jayshitre/Projects/dfs/BookWebsite2/BookWebsite/contents/docs/chapters/lecture_7/index.mdx
        - Updated routes with title: "Lecture 7" and href: "/lecture_7"
    

Checking lecture_8.tex with title "Lecture 8"...
Converting new chapter: /Users/jayshitre/Projects/dfs/BookWebsite2/BookWebsite/chapters/lecture_8.tex
Converting /Users/jayshitre/Projects/dfs/BookWebsite2/BookWebsite/chapters/lecture_8.tex to MDX...
Updating routes...

        Successfully processed chapter:
        - Converted new /Users/jayshitre/Projects/dfs/BookWebsite2/BookWebsite/chapters/lecture_8.tex to MDX
        - Placed in /Users/jayshitre/Projects/dfs/BookWebsite2/BookWebsite/contents/docs/chapters/lecture_8/index.mdx
        - Updated routes with title: "Lecture 8" and href: "/lecture_8"
    

Checking lecture_9.tex with title "Lecture 9"...
Converting new chapter: /Users/jayshitre/Projects/dfs/BookWebsite2/BookWebsite/chapters/lecture_9.tex
Converting /Users/jayshitre/Projects/dfs/BookWebsite2/BookWebsite/chapters/lecture_9.tex to MDX...
Updating routes...

        Successfully processed chapter:
        - Converted new /Users/jayshitre/Projects/dfs/BookWebsite2/BookWebsite/chapters/lecture_9.tex to MDX
        - Placed in /Users/jayshitre/Projects/dfs/BookWebsite2/BookWebsite/contents/docs/chapters/lecture_9/index.mdx
        - Updated routes with title: "Lecture 9" and href: "/lecture_9"
    

Checking lecture_CMU_2023_3.tex with title "Lecture CMU 2023 3"...
Converting new chapter: /Users/jayshitre/Projects/dfs/BookWebsite2/BookWebsite/chapters/lecture_CMU_2023_3.tex
Converting /Users/jayshitre/Projects/dfs/BookWebsite2/BookWebsite/chapters/lecture_CMU_2023_3.tex to MDX...
Updating routes...

        Successfully processed chapter:
        - Converted new /Users/jayshitre/Projects/dfs/BookWebsite2/BookWebsite/chapters/lecture_CMU_2023_3.tex to MDX
        - Placed in /Users/jayshitre/Projects/dfs/BookWebsite2/BookWebsite/contents/docs/chapters/lecture_CMU_2023_3/index.mdx
        - Updated routes with title: "Lecture CMU 2023 3" and href: "/lecture_CMU_2023_3"
    

Checking lecture_appendix_1.tex with title "Lecture Appendix 1"...
Converting new chapter: /Users/jayshitre/Projects/dfs/BookWebsite2/BookWebsite/chapters/lecture_appendix_1.tex
Converting /Users/jayshitre/Projects/dfs/BookWebsite2/BookWebsite/chapters/lecture_appendix_1.tex to MDX...
Updating routes...

        Successfully processed chapter:
        - Converted new /Users/jayshitre/Projects/dfs/BookWebsite2/BookWebsite/chapters/lecture_appendix_1.tex to MDX
        - Placed in /Users/jayshitre/Projects/dfs/BookWebsite2/BookWebsite/contents/docs/chapters/lecture_appendix_1/index.mdx
        - Updated routes with title: "Lecture Appendix 1" and href: "/lecture_appendix_1"
    

Checking lecture_notes.tex with title "Lecture Notes"...
Converting new chapter: /Users/jayshitre/Projects/dfs/BookWebsite2/BookWebsite/chapters/lecture_notes.tex
Converting /Users/jayshitre/Projects/dfs/BookWebsite2/BookWebsite/chapters/lecture_notes.tex to MDX...
Updating routes...

        Successfully processed chapter:
        - Converted new /Users/jayshitre/Projects/dfs/BookWebsite2/BookWebsite/chapters/lecture_notes.tex to MDX
        - Placed in /Users/jayshitre/Projects/dfs/BookWebsite2/BookWebsite/contents/docs/chapters/lecture_notes/index.mdx
        - Updated routes with title: "Lecture Notes" and href: "/lecture_notes"
    

Checking level_set_method.tex with title "Level Set Method"...
Converting new chapter: /Users/jayshitre/Projects/dfs/BookWebsite2/BookWebsite/chapters/level_set_method.tex
Converting /Users/jayshitre/Projects/dfs/BookWebsite2/BookWebsite/chapters/level_set_method.tex to MDX...
Updating routes...

        Successfully processed chapter:
        - Converted new /Users/jayshitre/Projects/dfs/BookWebsite2/BookWebsite/chapters/level_set_method.tex to MDX
        - Placed in /Users/jayshitre/Projects/dfs/BookWebsite2/BookWebsite/contents/docs/chapters/level_set_method/index.mdx
        - Updated routes with title: "Level Set Method" and href: "/level_set_method"
    

Checking lie_group_and_lie_algebra.tex with title "Lie Group And Lie Algebra"...
Converting new chapter: /Users/jayshitre/Projects/dfs/BookWebsite2/BookWebsite/chapters/lie_group_and_lie_algebra.tex
Converting /Users/jayshitre/Projects/dfs/BookWebsite2/BookWebsite/chapters/lie_group_and_lie_algebra.tex to MDX...
Updating routes...

        Successfully processed chapter:
        - Converted new /Users/jayshitre/Projects/dfs/BookWebsite2/BookWebsite/chapters/lie_group_and_lie_algebra.tex to MDX
        - Placed in /Users/jayshitre/Projects/dfs/BookWebsite2/BookWebsite/contents/docs/chapters/lie_group_and_lie_algebra/index.mdx
        - Updated routes with title: "Lie Group And Lie Algebra" and href: "/lie_group_and_lie_algebra"
    

Checking lie_transformers.tex with title "Lie Transformers"...
Converting new chapter: /Users/jayshitre/Projects/dfs/BookWebsite2/BookWebsite/chapters/lie_transformers.tex
Converting /Users/jayshitre/Projects/dfs/BookWebsite2/BookWebsite/chapters/lie_transformers.tex to MDX...
Updating routes...

        Successfully processed chapter:
        - Converted new /Users/jayshitre/Projects/dfs/BookWebsite2/BookWebsite/chapters/lie_transformers.tex to MDX
        - Placed in /Users/jayshitre/Projects/dfs/BookWebsite2/BookWebsite/contents/docs/chapters/lie_transformers/index.mdx
        - Updated routes with title: "Lie Transformers" and href: "/lie_transformers"
    

Checking linear_analytical.tex with title "Linear Analytical"...
Converting new chapter: /Users/jayshitre/Projects/dfs/BookWebsite2/BookWebsite/chapters/linear_analytical.tex
Converting /Users/jayshitre/Projects/dfs/BookWebsite2/BookWebsite/chapters/linear_analytical.tex to MDX...
Updating routes...

        Successfully processed chapter:
        - Converted new /Users/jayshitre/Projects/dfs/BookWebsite2/BookWebsite/chapters/linear_analytical.tex to MDX
        - Placed in /Users/jayshitre/Projects/dfs/BookWebsite2/BookWebsite/contents/docs/chapters/linear_analytical/index.mdx
        - Updated routes with title: "Linear Analytical" and href: "/linear_analytical"
    

Checking linear_least_squares.tex with title "Linear Least Squares"...
Converting new chapter: /Users/jayshitre/Projects/dfs/BookWebsite2/BookWebsite/chapters/linear_least_squares.tex
Converting /Users/jayshitre/Projects/dfs/BookWebsite2/BookWebsite/chapters/linear_least_squares.tex to MDX...
Updating routes...

        Successfully processed chapter:
        - Converted new /Users/jayshitre/Projects/dfs/BookWebsite2/BookWebsite/chapters/linear_least_squares.tex to MDX
        - Placed in /Users/jayshitre/Projects/dfs/BookWebsite2/BookWebsite/contents/docs/chapters/linear_least_squares/index.mdx
        - Updated routes with title: "Linear Least Squares" and href: "/linear_least_squares"
    

Checking linear_least_squares_cont.tex with title "Linear Least Squares Cont"...
Converting new chapter: /Users/jayshitre/Projects/dfs/BookWebsite2/BookWebsite/chapters/linear_least_squares_cont.tex
Converting /Users/jayshitre/Projects/dfs/BookWebsite2/BookWebsite/chapters/linear_least_squares_cont.tex to MDX...
Updating routes...

        Successfully processed chapter:
        - Converted new /Users/jayshitre/Projects/dfs/BookWebsite2/BookWebsite/chapters/linear_least_squares_cont.tex to MDX
        - Placed in /Users/jayshitre/Projects/dfs/BookWebsite2/BookWebsite/contents/docs/chapters/linear_least_squares_cont/index.mdx
        - Updated routes with title: "Linear Least Squares Cont" and href: "/linear_least_squares_cont"
    

Checking linear_systems.tex with title "Linear Systems"...
Converting new chapter: /Users/jayshitre/Projects/dfs/BookWebsite2/BookWebsite/chapters/linear_systems.tex
Converting /Users/jayshitre/Projects/dfs/BookWebsite2/BookWebsite/chapters/linear_systems.tex to MDX...
Updating routes...

        Successfully processed chapter:
        - Converted new /Users/jayshitre/Projects/dfs/BookWebsite2/BookWebsite/chapters/linear_systems.tex to MDX
        - Placed in /Users/jayshitre/Projects/dfs/BookWebsite2/BookWebsite/contents/docs/chapters/linear_systems/index.mdx
        - Updated routes with title: "Linear Systems" and href: "/linear_systems"
    

Checking liquids.tex with title "Liquids"...
Converting new chapter: /Users/jayshitre/Projects/dfs/BookWebsite2/BookWebsite/chapters/liquids.tex
Converting /Users/jayshitre/Projects/dfs/BookWebsite2/BookWebsite/chapters/liquids.tex to MDX...
Updating routes...

        Successfully processed chapter:
        - Converted new /Users/jayshitre/Projects/dfs/BookWebsite2/BookWebsite/chapters/liquids.tex to MDX
        - Placed in /Users/jayshitre/Projects/dfs/BookWebsite2/BookWebsite/contents/docs/chapters/liquids/index.mdx
        - Updated routes with title: "Liquids" and href: "/liquids"
    

Checking long_range_atomic.tex with title "Long Range Atomic"...
Converting new chapter: /Users/jayshitre/Projects/dfs/BookWebsite2/BookWebsite/chapters/long_range_atomic.tex
Converting /Users/jayshitre/Projects/dfs/BookWebsite2/BookWebsite/chapters/long_range_atomic.tex to MDX...
Updating routes...

        Successfully processed chapter:
        - Converted new /Users/jayshitre/Projects/dfs/BookWebsite2/BookWebsite/chapters/long_range_atomic.tex to MDX
        - Placed in /Users/jayshitre/Projects/dfs/BookWebsite2/BookWebsite/contents/docs/chapters/long_range_atomic/index.mdx
        - Updated routes with title: "Long Range Atomic" and href: "/long_range_atomic"
    

Checking lorentz_equivariant_networks.tex with title "Lorentz Equivariant Networks"...
Converting new chapter: /Users/jayshitre/Projects/dfs/BookWebsite2/BookWebsite/chapters/lorentz_equivariant_networks.tex
Converting /Users/jayshitre/Projects/dfs/BookWebsite2/BookWebsite/chapters/lorentz_equivariant_networks.tex to MDX...
Updating routes...

        Successfully processed chapter:
        - Converted new /Users/jayshitre/Projects/dfs/BookWebsite2/BookWebsite/chapters/lorentz_equivariant_networks.tex to MDX
        - Placed in /Users/jayshitre/Projects/dfs/BookWebsite2/BookWebsite/contents/docs/chapters/lorentz_equivariant_networks/index.mdx
        - Updated routes with title: "Lorentz Equivariant Networks" and href: "/lorentz_equivariant_networks"
    

Checking lorentz_group.tex with title "Lorentz Group"...
Converting new chapter: /Users/jayshitre/Projects/dfs/BookWebsite2/BookWebsite/chapters/lorentz_group.tex
Converting /Users/jayshitre/Projects/dfs/BookWebsite2/BookWebsite/chapters/lorentz_group.tex to MDX...
Updating routes...

        Successfully processed chapter:
        - Converted new /Users/jayshitre/Projects/dfs/BookWebsite2/BookWebsite/chapters/lorentz_group.tex to MDX
        - Placed in /Users/jayshitre/Projects/dfs/BookWebsite2/BookWebsite/contents/docs/chapters/lorentz_group/index.mdx
        - Updated routes with title: "Lorentz Group" and href: "/lorentz_group"
    

Checking lu_factorization.tex with title "Lu Factorization"...
Converting new chapter: /Users/jayshitre/Projects/dfs/BookWebsite2/BookWebsite/chapters/lu_factorization.tex
Converting /Users/jayshitre/Projects/dfs/BookWebsite2/BookWebsite/chapters/lu_factorization.tex to MDX...
Updating routes...

        Successfully processed chapter:
        - Converted new /Users/jayshitre/Projects/dfs/BookWebsite2/BookWebsite/chapters/lu_factorization.tex to MDX
        - Placed in /Users/jayshitre/Projects/dfs/BookWebsite2/BookWebsite/contents/docs/chapters/lu_factorization/index.mdx
        - Updated routes with title: "Lu Factorization" and href: "/lu_factorization"
    

Checking mace.tex with title "Mace"...
Converting new chapter: /Users/jayshitre/Projects/dfs/BookWebsite2/BookWebsite/chapters/mace.tex
Converting /Users/jayshitre/Projects/dfs/BookWebsite2/BookWebsite/chapters/mace.tex to MDX...
Updating routes...

        Successfully processed chapter:
        - Converted new /Users/jayshitre/Projects/dfs/BookWebsite2/BookWebsite/chapters/mace.tex to MDX
        - Placed in /Users/jayshitre/Projects/dfs/BookWebsite2/BookWebsite/contents/docs/chapters/mace/index.mdx
        - Updated routes with title: "Mace" and href: "/mace"
    

Checking machine_learning_for_fluids.tex with title "Machine Learning For Fluids"...
Converting new chapter: /Users/jayshitre/Projects/dfs/BookWebsite2/BookWebsite/chapters/machine_learning_for_fluids.tex
Converting /Users/jayshitre/Projects/dfs/BookWebsite2/BookWebsite/chapters/machine_learning_for_fluids.tex to MDX...
Updating routes...

        Successfully processed chapter:
        - Converted new /Users/jayshitre/Projects/dfs/BookWebsite2/BookWebsite/chapters/machine_learning_for_fluids.tex to MDX
        - Placed in /Users/jayshitre/Projects/dfs/BookWebsite2/BookWebsite/contents/docs/chapters/machine_learning_for_fluids/index.mdx
        - Updated routes with title: "Machine Learning For Fluids" and href: "/machine_learning_for_fluids"
    

Checking main_backup.tex with title "Main Backup"...
Converting new chapter: /Users/jayshitre/Projects/dfs/BookWebsite2/BookWebsite/chapters/main_backup.tex
Converting /Users/jayshitre/Projects/dfs/BookWebsite2/BookWebsite/chapters/main_backup.tex to MDX...
Updating routes...

        Successfully processed chapter:
        - Converted new /Users/jayshitre/Projects/dfs/BookWebsite2/BookWebsite/chapters/main_backup.tex to MDX
        - Placed in /Users/jayshitre/Projects/dfs/BookWebsite2/BookWebsite/contents/docs/chapters/main_backup/index.mdx
        - Updated routes with title: "Main Backup" and href: "/main_backup"
    

Checking manifolds.tex with title "Manifolds"...
Converting new chapter: /Users/jayshitre/Projects/dfs/BookWebsite2/BookWebsite/chapters/manifolds.tex
Converting /Users/jayshitre/Projects/dfs/BookWebsite2/BookWebsite/chapters/manifolds.tex to MDX...
Updating routes...

        Successfully processed chapter:
        - Converted new /Users/jayshitre/Projects/dfs/BookWebsite2/BookWebsite/chapters/manifolds.tex to MDX
        - Placed in /Users/jayshitre/Projects/dfs/BookWebsite2/BookWebsite/contents/docs/chapters/manifolds/index.mdx
        - Updated routes with title: "Manifolds" and href: "/manifolds"
    

Checking math_basics.tex with title "Math Basics"...
Converting new chapter: /Users/jayshitre/Projects/dfs/BookWebsite2/BookWebsite/chapters/math_basics.tex
Converting /Users/jayshitre/Projects/dfs/BookWebsite2/BookWebsite/chapters/math_basics.tex to MDX...
Updating routes...

        Successfully processed chapter:
        - Converted new /Users/jayshitre/Projects/dfs/BookWebsite2/BookWebsite/chapters/math_basics.tex to MDX
        - Placed in /Users/jayshitre/Projects/dfs/BookWebsite2/BookWebsite/contents/docs/chapters/math_basics/index.mdx
        - Updated routes with title: "Math Basics" and href: "/math_basics"
    

Checking mathematical_transforms.tex with title "Mathematical Transforms"...
Converting new chapter: /Users/jayshitre/Projects/dfs/BookWebsite2/BookWebsite/chapters/mathematical_transforms.tex
Converting /Users/jayshitre/Projects/dfs/BookWebsite2/BookWebsite/chapters/mathematical_transforms.tex to MDX...
Updating routes...

        Successfully processed chapter:
        - Converted new /Users/jayshitre/Projects/dfs/BookWebsite2/BookWebsite/chapters/mathematical_transforms.tex to MDX
        - Placed in /Users/jayshitre/Projects/dfs/BookWebsite2/BookWebsite/contents/docs/chapters/mathematical_transforms/index.mdx
        - Updated routes with title: "Mathematical Transforms" and href: "/mathematical_transforms"
    

Checking matrix_calculus.tex with title "Matrix Calculus"...
Converting new chapter: /Users/jayshitre/Projects/dfs/BookWebsite2/BookWebsite/chapters/matrix_calculus.tex
Converting /Users/jayshitre/Projects/dfs/BookWebsite2/BookWebsite/chapters/matrix_calculus.tex to MDX...
Updating routes...

        Successfully processed chapter:
        - Converted new /Users/jayshitre/Projects/dfs/BookWebsite2/BookWebsite/chapters/matrix_calculus.tex to MDX
        - Placed in /Users/jayshitre/Projects/dfs/BookWebsite2/BookWebsite/contents/docs/chapters/matrix_calculus/index.mdx
        - Updated routes with title: "Matrix Calculus" and href: "/matrix_calculus"
    

Checking maxwells_equations.tex with title "Maxwells Equations"...
Converting new chapter: /Users/jayshitre/Projects/dfs/BookWebsite2/BookWebsite/chapters/maxwells_equations.tex
Converting /Users/jayshitre/Projects/dfs/BookWebsite2/BookWebsite/chapters/maxwells_equations.tex to MDX...
Updating routes...

        Successfully processed chapter:
        - Converted new /Users/jayshitre/Projects/dfs/BookWebsite2/BookWebsite/chapters/maxwells_equations.tex to MDX
        - Placed in /Users/jayshitre/Projects/dfs/BookWebsite2/BookWebsite/contents/docs/chapters/maxwells_equations/index.mdx
        - Updated routes with title: "Maxwells Equations" and href: "/maxwells_equations"
    

Checking mesh_free.tex with title "Mesh Free"...
Converting new chapter: /Users/jayshitre/Projects/dfs/BookWebsite2/BookWebsite/chapters/mesh_free.tex
Converting /Users/jayshitre/Projects/dfs/BookWebsite2/BookWebsite/chapters/mesh_free.tex to MDX...
Updating routes...

        Successfully processed chapter:
        - Converted new /Users/jayshitre/Projects/dfs/BookWebsite2/BookWebsite/chapters/mesh_free.tex to MDX
        - Placed in /Users/jayshitre/Projects/dfs/BookWebsite2/BookWebsite/contents/docs/chapters/mesh_free/index.mdx
        - Updated routes with title: "Mesh Free" and href: "/mesh_free"
    

Checking meta_vqe.tex with title "Meta Vqe"...
Converting new chapter: /Users/jayshitre/Projects/dfs/BookWebsite2/BookWebsite/chapters/meta_vqe.tex
Converting /Users/jayshitre/Projects/dfs/BookWebsite2/BookWebsite/chapters/meta_vqe.tex to MDX...
Updating routes...

        Successfully processed chapter:
        - Converted new /Users/jayshitre/Projects/dfs/BookWebsite2/BookWebsite/chapters/meta_vqe.tex to MDX
        - Placed in /Users/jayshitre/Projects/dfs/BookWebsite2/BookWebsite/contents/docs/chapters/meta_vqe/index.mdx
        - Updated routes with title: "Meta Vqe" and href: "/meta_vqe"
    

Checking method_of_images.tex with title "Method Of Images"...
Converting new chapter: /Users/jayshitre/Projects/dfs/BookWebsite2/BookWebsite/chapters/method_of_images.tex
Converting /Users/jayshitre/Projects/dfs/BookWebsite2/BookWebsite/chapters/method_of_images.tex to MDX...
Updating routes...

        Successfully processed chapter:
        - Converted new /Users/jayshitre/Projects/dfs/BookWebsite2/BookWebsite/chapters/method_of_images.tex to MDX
        - Placed in /Users/jayshitre/Projects/dfs/BookWebsite2/BookWebsite/contents/docs/chapters/method_of_images/index.mdx
        - Updated routes with title: "Method Of Images" and href: "/method_of_images"
    

Checking molecular_dynamics.tex with title "Molecular Dynamics"...
Converting new chapter: /Users/jayshitre/Projects/dfs/BookWebsite2/BookWebsite/chapters/molecular_dynamics.tex
Converting /Users/jayshitre/Projects/dfs/BookWebsite2/BookWebsite/chapters/molecular_dynamics.tex to MDX...
Updating routes...

        Successfully processed chapter:
        - Converted new /Users/jayshitre/Projects/dfs/BookWebsite2/BookWebsite/chapters/molecular_dynamics.tex to MDX
        - Placed in /Users/jayshitre/Projects/dfs/BookWebsite2/BookWebsite/contents/docs/chapters/molecular_dynamics/index.mdx
        - Updated routes with title: "Molecular Dynamics" and href: "/molecular_dynamics"
    

Checking molecular_graph_convs.tex with title "Molecular Graph Convs"...
Converting new chapter: /Users/jayshitre/Projects/dfs/BookWebsite2/BookWebsite/chapters/molecular_graph_convs.tex
Converting /Users/jayshitre/Projects/dfs/BookWebsite2/BookWebsite/chapters/molecular_graph_convs.tex to MDX...
Updating routes...

        Successfully processed chapter:
        - Converted new /Users/jayshitre/Projects/dfs/BookWebsite2/BookWebsite/chapters/molecular_graph_convs.tex to MDX
        - Placed in /Users/jayshitre/Projects/dfs/BookWebsite2/BookWebsite/contents/docs/chapters/molecular_graph_convs/index.mdx
        - Updated routes with title: "Molecular Graph Convs" and href: "/molecular_graph_convs"
    

Checking molecular_hamiltonian.tex with title "Molecular Hamiltonian"...
Converting new chapter: /Users/jayshitre/Projects/dfs/BookWebsite2/BookWebsite/chapters/molecular_hamiltonian.tex
Converting /Users/jayshitre/Projects/dfs/BookWebsite2/BookWebsite/chapters/molecular_hamiltonian.tex to MDX...
Updating routes...

        Successfully processed chapter:
        - Converted new /Users/jayshitre/Projects/dfs/BookWebsite2/BookWebsite/chapters/molecular_hamiltonian.tex to MDX
        - Placed in /Users/jayshitre/Projects/dfs/BookWebsite2/BookWebsite/contents/docs/chapters/molecular_hamiltonian/index.mdx
        - Updated routes with title: "Molecular Hamiltonian" and href: "/molecular_hamiltonian"
    

Checking monte_carlo.tex with title "Monte Carlo"...
Converting new chapter: /Users/jayshitre/Projects/dfs/BookWebsite2/BookWebsite/chapters/monte_carlo.tex
Converting /Users/jayshitre/Projects/dfs/BookWebsite2/BookWebsite/chapters/monte_carlo.tex to MDX...
Updating routes...

        Successfully processed chapter:
        - Converted new /Users/jayshitre/Projects/dfs/BookWebsite2/BookWebsite/chapters/monte_carlo.tex to MDX
        - Placed in /Users/jayshitre/Projects/dfs/BookWebsite2/BookWebsite/contents/docs/chapters/monte_carlo/index.mdx
        - Updated routes with title: "Monte Carlo" and href: "/monte_carlo"
    

Checking mpnn.tex with title "Mpnn"...
Converting new chapter: /Users/jayshitre/Projects/dfs/BookWebsite2/BookWebsite/chapters/mpnn.tex
Converting /Users/jayshitre/Projects/dfs/BookWebsite2/BookWebsite/chapters/mpnn.tex to MDX...
Updating routes...

        Successfully processed chapter:
        - Converted new /Users/jayshitre/Projects/dfs/BookWebsite2/BookWebsite/chapters/mpnn.tex to MDX
        - Placed in /Users/jayshitre/Projects/dfs/BookWebsite2/BookWebsite/contents/docs/chapters/mpnn/index.mdx
        - Updated routes with title: "Mpnn" and href: "/mpnn"
    

Checking multidimensional_optimization.tex with title "Multidimensional Optimization"...
Converting new chapter: /Users/jayshitre/Projects/dfs/BookWebsite2/BookWebsite/chapters/multidimensional_optimization.tex
Converting /Users/jayshitre/Projects/dfs/BookWebsite2/BookWebsite/chapters/multidimensional_optimization.tex to MDX...
Updating routes...

        Successfully processed chapter:
        - Converted new /Users/jayshitre/Projects/dfs/BookWebsite2/BookWebsite/chapters/multidimensional_optimization.tex to MDX
        - Placed in /Users/jayshitre/Projects/dfs/BookWebsite2/BookWebsite/contents/docs/chapters/multidimensional_optimization/index.mdx
        - Updated routes with title: "Multidimensional Optimization" and href: "/multidimensional_optimization"
    

Checking multilayer_perceptrons.tex with title "Multilayer Perceptrons"...
Converting new chapter: /Users/jayshitre/Projects/dfs/BookWebsite2/BookWebsite/chapters/multilayer_perceptrons.tex
Converting /Users/jayshitre/Projects/dfs/BookWebsite2/BookWebsite/chapters/multilayer_perceptrons.tex to MDX...
Updating routes...

        Successfully processed chapter:
        - Converted new /Users/jayshitre/Projects/dfs/BookWebsite2/BookWebsite/chapters/multilayer_perceptrons.tex to MDX
        - Placed in /Users/jayshitre/Projects/dfs/BookWebsite2/BookWebsite/contents/docs/chapters/multilayer_perceptrons/index.mdx
        - Updated routes with title: "Multilayer Perceptrons" and href: "/multilayer_perceptrons"
    

Checking n_body.tex with title "N Body"...
Converting new chapter: /Users/jayshitre/Projects/dfs/BookWebsite2/BookWebsite/chapters/n_body.tex
Converting /Users/jayshitre/Projects/dfs/BookWebsite2/BookWebsite/chapters/n_body.tex to MDX...
Updating routes...

        Successfully processed chapter:
        - Converted new /Users/jayshitre/Projects/dfs/BookWebsite2/BookWebsite/chapters/n_body.tex to MDX
        - Placed in /Users/jayshitre/Projects/dfs/BookWebsite2/BookWebsite/contents/docs/chapters/n_body/index.mdx
        - Updated routes with title: "N Body" and href: "/n_body"
    

Checking natural_message_passing.tex with title "Natural Message Passing"...
Converting new chapter: /Users/jayshitre/Projects/dfs/BookWebsite2/BookWebsite/chapters/natural_message_passing.tex
Converting /Users/jayshitre/Projects/dfs/BookWebsite2/BookWebsite/chapters/natural_message_passing.tex to MDX...
Updating routes...

        Successfully processed chapter:
        - Converted new /Users/jayshitre/Projects/dfs/BookWebsite2/BookWebsite/chapters/natural_message_passing.tex to MDX
        - Placed in /Users/jayshitre/Projects/dfs/BookWebsite2/BookWebsite/contents/docs/chapters/natural_message_passing/index.mdx
        - Updated routes with title: "Natural Message Passing" and href: "/natural_message_passing"
    

Checking nerf.tex with title "Nerf"...
Converting new chapter: /Users/jayshitre/Projects/dfs/BookWebsite2/BookWebsite/chapters/nerf.tex
Converting /Users/jayshitre/Projects/dfs/BookWebsite2/BookWebsite/chapters/nerf.tex to MDX...
Updating routes...

        Successfully processed chapter:
        - Converted new /Users/jayshitre/Projects/dfs/BookWebsite2/BookWebsite/chapters/nerf.tex to MDX
        - Placed in /Users/jayshitre/Projects/dfs/BookWebsite2/BookWebsite/contents/docs/chapters/nerf/index.mdx
        - Updated routes with title: "Nerf" and href: "/nerf"
    

Checking neural_cde.tex with title "Neural Cde"...
Converting new chapter: /Users/jayshitre/Projects/dfs/BookWebsite2/BookWebsite/chapters/neural_cde.tex
Converting /Users/jayshitre/Projects/dfs/BookWebsite2/BookWebsite/chapters/neural_cde.tex to MDX...
Updating routes...

        Successfully processed chapter:
        - Converted new /Users/jayshitre/Projects/dfs/BookWebsite2/BookWebsite/chapters/neural_cde.tex to MDX
        - Placed in /Users/jayshitre/Projects/dfs/BookWebsite2/BookWebsite/contents/docs/chapters/neural_cde/index.mdx
        - Updated routes with title: "Neural Cde" and href: "/neural_cde"
    

Checking neural_equivariant_potentials.tex with title "Neural Equivariant Potentials"...
Converting new chapter: /Users/jayshitre/Projects/dfs/BookWebsite2/BookWebsite/chapters/neural_equivariant_potentials.tex
Converting /Users/jayshitre/Projects/dfs/BookWebsite2/BookWebsite/chapters/neural_equivariant_potentials.tex to MDX...
Updating routes...

        Successfully processed chapter:
        - Converted new /Users/jayshitre/Projects/dfs/BookWebsite2/BookWebsite/chapters/neural_equivariant_potentials.tex to MDX
        - Placed in /Users/jayshitre/Projects/dfs/BookWebsite2/BookWebsite/contents/docs/chapters/neural_equivariant_potentials/index.mdx
        - Updated routes with title: "Neural Equivariant Potentials" and href: "/neural_equivariant_potentials"
    

Checking neural_model_recovery.tex with title "Neural Model Recovery"...
Converting new chapter: /Users/jayshitre/Projects/dfs/BookWebsite2/BookWebsite/chapters/neural_model_recovery.tex
Converting /Users/jayshitre/Projects/dfs/BookWebsite2/BookWebsite/chapters/neural_model_recovery.tex to MDX...
Updating routes...

        Successfully processed chapter:
        - Converted new /Users/jayshitre/Projects/dfs/BookWebsite2/BookWebsite/chapters/neural_model_recovery.tex to MDX
        - Placed in /Users/jayshitre/Projects/dfs/BookWebsite2/BookWebsite/contents/docs/chapters/neural_model_recovery/index.mdx
        - Updated routes with title: "Neural Model Recovery" and href: "/neural_model_recovery"
    

Checking neural_ode.tex with title "Neural Ode"...
Converting new chapter: /Users/jayshitre/Projects/dfs/BookWebsite2/BookWebsite/chapters/neural_ode.tex
Converting /Users/jayshitre/Projects/dfs/BookWebsite2/BookWebsite/chapters/neural_ode.tex to MDX...
Updating routes...

        Successfully processed chapter:
        - Converted new /Users/jayshitre/Projects/dfs/BookWebsite2/BookWebsite/chapters/neural_ode.tex to MDX
        - Placed in /Users/jayshitre/Projects/dfs/BookWebsite2/BookWebsite/contents/docs/chapters/neural_ode/index.mdx
        - Updated routes with title: "Neural Ode" and href: "/neural_ode"
    

Checking neural_operators.tex with title "Neural Operators"...
Converting new chapter: /Users/jayshitre/Projects/dfs/BookWebsite2/BookWebsite/chapters/neural_operators.tex
Converting /Users/jayshitre/Projects/dfs/BookWebsite2/BookWebsite/chapters/neural_operators.tex to MDX...
Updating routes...

        Successfully processed chapter:
        - Converted new /Users/jayshitre/Projects/dfs/BookWebsite2/BookWebsite/chapters/neural_operators.tex to MDX
        - Placed in /Users/jayshitre/Projects/dfs/BookWebsite2/BookWebsite/contents/docs/chapters/neural_operators/index.mdx
        - Updated routes with title: "Neural Operators" and href: "/neural_operators"
    

Checking neural_quantum_fields.tex with title "Neural Quantum Fields"...
Converting new chapter: /Users/jayshitre/Projects/dfs/BookWebsite2/BookWebsite/chapters/neural_quantum_fields.tex
Converting /Users/jayshitre/Projects/dfs/BookWebsite2/BookWebsite/chapters/neural_quantum_fields.tex to MDX...
Updating routes...

        Successfully processed chapter:
        - Converted new /Users/jayshitre/Projects/dfs/BookWebsite2/BookWebsite/chapters/neural_quantum_fields.tex to MDX
        - Placed in /Users/jayshitre/Projects/dfs/BookWebsite2/BookWebsite/contents/docs/chapters/neural_quantum_fields/index.mdx
        - Updated routes with title: "Neural Quantum Fields" and href: "/neural_quantum_fields"
    

Checking neural_spde.tex with title "Neural Spde"...
Converting new chapter: /Users/jayshitre/Projects/dfs/BookWebsite2/BookWebsite/chapters/neural_spde.tex
Converting /Users/jayshitre/Projects/dfs/BookWebsite2/BookWebsite/chapters/neural_spde.tex to MDX...
Updating routes...

        Successfully processed chapter:
        - Converted new /Users/jayshitre/Projects/dfs/BookWebsite2/BookWebsite/chapters/neural_spde.tex to MDX
        - Placed in /Users/jayshitre/Projects/dfs/BookWebsite2/BookWebsite/contents/docs/chapters/neural_spde/index.mdx
        - Updated routes with title: "Neural Spde" and href: "/neural_spde"
    

Checking neural_tangent_kernel.tex with title "Neural Tangent Kernel"...
Converting new chapter: /Users/jayshitre/Projects/dfs/BookWebsite2/BookWebsite/chapters/neural_tangent_kernel.tex
Converting /Users/jayshitre/Projects/dfs/BookWebsite2/BookWebsite/chapters/neural_tangent_kernel.tex to MDX...
Updating routes...

        Successfully processed chapter:
        - Converted new /Users/jayshitre/Projects/dfs/BookWebsite2/BookWebsite/chapters/neural_tangent_kernel.tex to MDX
        - Placed in /Users/jayshitre/Projects/dfs/BookWebsite2/BookWebsite/contents/docs/chapters/neural_tangent_kernel/index.mdx
        - Updated routes with title: "Neural Tangent Kernel" and href: "/neural_tangent_kernel"
    

Checking newton_raphson.tex with title "Newton Raphson"...
Converting new chapter: /Users/jayshitre/Projects/dfs/BookWebsite2/BookWebsite/chapters/newton_raphson.tex
Converting /Users/jayshitre/Projects/dfs/BookWebsite2/BookWebsite/chapters/newton_raphson.tex to MDX...
Updating routes...

        Successfully processed chapter:
        - Converted new /Users/jayshitre/Projects/dfs/BookWebsite2/BookWebsite/chapters/newton_raphson.tex to MDX
        - Placed in /Users/jayshitre/Projects/dfs/BookWebsite2/BookWebsite/contents/docs/chapters/newton_raphson/index.mdx
        - Updated routes with title: "Newton Raphson" and href: "/newton_raphson"
    

Checking newtons_laws.tex with title "Newtons Laws"...
Converting new chapter: /Users/jayshitre/Projects/dfs/BookWebsite2/BookWebsite/chapters/newtons_laws.tex
Converting /Users/jayshitre/Projects/dfs/BookWebsite2/BookWebsite/chapters/newtons_laws.tex to MDX...
Updating routes...

        Successfully processed chapter:
        - Converted new /Users/jayshitre/Projects/dfs/BookWebsite2/BookWebsite/chapters/newtons_laws.tex to MDX
        - Placed in /Users/jayshitre/Projects/dfs/BookWebsite2/BookWebsite/contents/docs/chapters/newtons_laws/index.mdx
        - Updated routes with title: "Newtons Laws" and href: "/newtons_laws"
    

Checking noether_networks.tex with title "Noether Networks"...
Converting new chapter: /Users/jayshitre/Projects/dfs/BookWebsite2/BookWebsite/chapters/noether_networks.tex
Converting /Users/jayshitre/Projects/dfs/BookWebsite2/BookWebsite/chapters/noether_networks.tex to MDX...
Updating routes...

        Successfully processed chapter:
        - Converted new /Users/jayshitre/Projects/dfs/BookWebsite2/BookWebsite/chapters/noether_networks.tex to MDX
        - Placed in /Users/jayshitre/Projects/dfs/BookWebsite2/BookWebsite/contents/docs/chapters/noether_networks/index.mdx
        - Updated routes with title: "Noether Networks" and href: "/noether_networks"
    

Checking non_interacting_systems.tex with title "Non Interacting Systems"...
Converting new chapter: /Users/jayshitre/Projects/dfs/BookWebsite2/BookWebsite/chapters/non_interacting_systems.tex
Converting /Users/jayshitre/Projects/dfs/BookWebsite2/BookWebsite/chapters/non_interacting_systems.tex to MDX...
Updating routes...

        Successfully processed chapter:
        - Converted new /Users/jayshitre/Projects/dfs/BookWebsite2/BookWebsite/chapters/non_interacting_systems.tex to MDX
        - Placed in /Users/jayshitre/Projects/dfs/BookWebsite2/BookWebsite/contents/docs/chapters/non_interacting_systems/index.mdx
        - Updated routes with title: "Non Interacting Systems" and href: "/non_interacting_systems"
    

Checking nonlinear_systems.tex with title "Nonlinear Systems"...
Converting new chapter: /Users/jayshitre/Projects/dfs/BookWebsite2/BookWebsite/chapters/nonlinear_systems.tex
Converting /Users/jayshitre/Projects/dfs/BookWebsite2/BookWebsite/chapters/nonlinear_systems.tex to MDX...
Updating routes...

        Successfully processed chapter:
        - Converted new /Users/jayshitre/Projects/dfs/BookWebsite2/BookWebsite/chapters/nonlinear_systems.tex to MDX
        - Placed in /Users/jayshitre/Projects/dfs/BookWebsite2/BookWebsite/contents/docs/chapters/nonlinear_systems/index.mdx
        - Updated routes with title: "Nonlinear Systems" and href: "/nonlinear_systems"
    

Checking normalizing_flows.tex with title "Normalizing Flows"...
Converting new chapter: /Users/jayshitre/Projects/dfs/BookWebsite2/BookWebsite/chapters/normalizing_flows.tex
Converting /Users/jayshitre/Projects/dfs/BookWebsite2/BookWebsite/chapters/normalizing_flows.tex to MDX...
Updating routes...

        Successfully processed chapter:
        - Converted new /Users/jayshitre/Projects/dfs/BookWebsite2/BookWebsite/chapters/normalizing_flows.tex to MDX
        - Placed in /Users/jayshitre/Projects/dfs/BookWebsite2/BookWebsite/contents/docs/chapters/normalizing_flows/index.mdx
        - Updated routes with title: "Normalizing Flows" and href: "/normalizing_flows"
    

Checking numerical_integration.tex with title "Numerical Integration"...
Converting new chapter: /Users/jayshitre/Projects/dfs/BookWebsite2/BookWebsite/chapters/numerical_integration.tex
Converting /Users/jayshitre/Projects/dfs/BookWebsite2/BookWebsite/chapters/numerical_integration.tex to MDX...
Updating routes...

        Successfully processed chapter:
        - Converted new /Users/jayshitre/Projects/dfs/BookWebsite2/BookWebsite/chapters/numerical_integration.tex to MDX
        - Placed in /Users/jayshitre/Projects/dfs/BookWebsite2/BookWebsite/contents/docs/chapters/numerical_integration/index.mdx
        - Updated routes with title: "Numerical Integration" and href: "/numerical_integration"
    

Checking numerical_odes.tex with title "Numerical Odes"...
Converting new chapter: /Users/jayshitre/Projects/dfs/BookWebsite2/BookWebsite/chapters/numerical_odes.tex
Converting /Users/jayshitre/Projects/dfs/BookWebsite2/BookWebsite/chapters/numerical_odes.tex to MDX...
Updating routes...

        Successfully processed chapter:
        - Converted new /Users/jayshitre/Projects/dfs/BookWebsite2/BookWebsite/chapters/numerical_odes.tex to MDX
        - Placed in /Users/jayshitre/Projects/dfs/BookWebsite2/BookWebsite/contents/docs/chapters/numerical_odes/index.mdx
        - Updated routes with title: "Numerical Odes" and href: "/numerical_odes"
    

Checking numerical_partial_differential_equations.tex with title "Numerical Partial Differential Equations"...
Converting new chapter: /Users/jayshitre/Projects/dfs/BookWebsite2/BookWebsite/chapters/numerical_partial_differential_equations.tex
Converting /Users/jayshitre/Projects/dfs/BookWebsite2/BookWebsite/chapters/numerical_partial_differential_equations.tex to MDX...
Updating routes...

        Successfully processed chapter:
        - Converted new /Users/jayshitre/Projects/dfs/BookWebsite2/BookWebsite/chapters/numerical_partial_differential_equations.tex to MDX
        - Placed in /Users/jayshitre/Projects/dfs/BookWebsite2/BookWebsite/contents/docs/chapters/numerical_partial_differential_equations/index.mdx
        - Updated routes with title: "Numerical Partial Differential Equations" and href: "/numerical_partial_differential_equations"
    

Checking numerical_relativity.tex with title "Numerical Relativity"...
Converting new chapter: /Users/jayshitre/Projects/dfs/BookWebsite2/BookWebsite/chapters/numerical_relativity.tex
Converting /Users/jayshitre/Projects/dfs/BookWebsite2/BookWebsite/chapters/numerical_relativity.tex to MDX...
Updating routes...

        Successfully processed chapter:
        - Converted new /Users/jayshitre/Projects/dfs/BookWebsite2/BookWebsite/chapters/numerical_relativity.tex to MDX
        - Placed in /Users/jayshitre/Projects/dfs/BookWebsite2/BookWebsite/contents/docs/chapters/numerical_relativity/index.mdx
        - Updated routes with title: "Numerical Relativity" and href: "/numerical_relativity"
    

Checking ode_systems.tex with title "Ode Systems"...
Converting new chapter: /Users/jayshitre/Projects/dfs/BookWebsite2/BookWebsite/chapters/ode_systems.tex
Converting /Users/jayshitre/Projects/dfs/BookWebsite2/BookWebsite/chapters/ode_systems.tex to MDX...
Updating routes...

        Successfully processed chapter:
        - Converted new /Users/jayshitre/Projects/dfs/BookWebsite2/BookWebsite/chapters/ode_systems.tex to MDX
        - Placed in /Users/jayshitre/Projects/dfs/BookWebsite2/BookWebsite/contents/docs/chapters/ode_systems/index.mdx
        - Updated routes with title: "Ode Systems" and href: "/ode_systems"
    

Checking openkim_colabfit.tex with title "Openkim Colabfit"...
Converting new chapter: /Users/jayshitre/Projects/dfs/BookWebsite2/BookWebsite/chapters/openkim_colabfit.tex
Converting /Users/jayshitre/Projects/dfs/BookWebsite2/BookWebsite/chapters/openkim_colabfit.tex to MDX...
Updating routes...

        Successfully processed chapter:
        - Converted new /Users/jayshitre/Projects/dfs/BookWebsite2/BookWebsite/chapters/openkim_colabfit.tex to MDX
        - Placed in /Users/jayshitre/Projects/dfs/BookWebsite2/BookWebsite/contents/docs/chapters/openkim_colabfit/index.mdx
        - Updated routes with title: "Openkim Colabfit" and href: "/openkim_colabfit"
    

Checking operational_and_denotational_semantics.tex with title "Operational And Denotational Semantics"...
Converting new chapter: /Users/jayshitre/Projects/dfs/BookWebsite2/BookWebsite/chapters/operational_and_denotational_semantics.tex
Converting /Users/jayshitre/Projects/dfs/BookWebsite2/BookWebsite/chapters/operational_and_denotational_semantics.tex to MDX...
Updating routes...

        Successfully processed chapter:
        - Converted new /Users/jayshitre/Projects/dfs/BookWebsite2/BookWebsite/chapters/operational_and_denotational_semantics.tex to MDX
        - Placed in /Users/jayshitre/Projects/dfs/BookWebsite2/BookWebsite/contents/docs/chapters/operational_and_denotational_semantics/index.mdx
        - Updated routes with title: "Operational And Denotational Semantics" and href: "/operational_and_denotational_semantics"
    

Checking optics.tex with title "Optics"...
Converting new chapter: /Users/jayshitre/Projects/dfs/BookWebsite2/BookWebsite/chapters/optics.tex
Converting /Users/jayshitre/Projects/dfs/BookWebsite2/BookWebsite/chapters/optics.tex to MDX...
Updating routes...

        Successfully processed chapter:
        - Converted new /Users/jayshitre/Projects/dfs/BookWebsite2/BookWebsite/chapters/optics.tex to MDX
        - Placed in /Users/jayshitre/Projects/dfs/BookWebsite2/BookWebsite/contents/docs/chapters/optics/index.mdx
        - Updated routes with title: "Optics" and href: "/optics"
    

Checking optimization.tex with title "Optimization"...
Converting new chapter: /Users/jayshitre/Projects/dfs/BookWebsite2/BookWebsite/chapters/optimization.tex
Converting /Users/jayshitre/Projects/dfs/BookWebsite2/BookWebsite/chapters/optimization.tex to MDX...
Updating routes...

        Successfully processed chapter:
        - Converted new /Users/jayshitre/Projects/dfs/BookWebsite2/BookWebsite/chapters/optimization.tex to MDX
        - Placed in /Users/jayshitre/Projects/dfs/BookWebsite2/BookWebsite/contents/docs/chapters/optimization/index.mdx
        - Updated routes with title: "Optimization" and href: "/optimization"
    

Checking ordinary_differential_equations.tex with title "Ordinary Differential Equations"...
Converting new chapter: /Users/jayshitre/Projects/dfs/BookWebsite2/BookWebsite/chapters/ordinary_differential_equations.tex
Converting /Users/jayshitre/Projects/dfs/BookWebsite2/BookWebsite/chapters/ordinary_differential_equations.tex to MDX...
Updating routes...

        Successfully processed chapter:
        - Converted new /Users/jayshitre/Projects/dfs/BookWebsite2/BookWebsite/chapters/ordinary_differential_equations.tex to MDX
        - Placed in /Users/jayshitre/Projects/dfs/BookWebsite2/BookWebsite/contents/docs/chapters/ordinary_differential_equations/index.mdx
        - Updated routes with title: "Ordinary Differential Equations" and href: "/ordinary_differential_equations"
    

Checking parabolic_interpolation.tex with title "Parabolic Interpolation"...
Converting new chapter: /Users/jayshitre/Projects/dfs/BookWebsite2/BookWebsite/chapters/parabolic_interpolation.tex
Converting /Users/jayshitre/Projects/dfs/BookWebsite2/BookWebsite/chapters/parabolic_interpolation.tex to MDX...
Updating routes...

        Successfully processed chapter:
        - Converted new /Users/jayshitre/Projects/dfs/BookWebsite2/BookWebsite/chapters/parabolic_interpolation.tex to MDX
        - Placed in /Users/jayshitre/Projects/dfs/BookWebsite2/BookWebsite/contents/docs/chapters/parabolic_interpolation/index.mdx
        - Updated routes with title: "Parabolic Interpolation" and href: "/parabolic_interpolation"
    

Checking part2b.tex with title "Part2b"...
Converting new chapter: /Users/jayshitre/Projects/dfs/BookWebsite2/BookWebsite/chapters/part2b.tex
Converting /Users/jayshitre/Projects/dfs/BookWebsite2/BookWebsite/chapters/part2b.tex to MDX...
Updating routes...

        Successfully processed chapter:
        - Converted new /Users/jayshitre/Projects/dfs/BookWebsite2/BookWebsite/chapters/part2b.tex to MDX
        - Placed in /Users/jayshitre/Projects/dfs/BookWebsite2/BookWebsite/contents/docs/chapters/part2b/index.mdx
        - Updated routes with title: "Part2b" and href: "/part2b"
    

Checking part3.tex with title "Part3"...
Converting new chapter: /Users/jayshitre/Projects/dfs/BookWebsite2/BookWebsite/chapters/part3.tex
Converting /Users/jayshitre/Projects/dfs/BookWebsite2/BookWebsite/chapters/part3.tex to MDX...
Updating routes...

        Successfully processed chapter:
        - Converted new /Users/jayshitre/Projects/dfs/BookWebsite2/BookWebsite/chapters/part3.tex to MDX
        - Placed in /Users/jayshitre/Projects/dfs/BookWebsite2/BookWebsite/contents/docs/chapters/part3/index.mdx
        - Updated routes with title: "Part3" and href: "/part3"
    

Checking part4.tex with title "Part4"...
Converting new chapter: /Users/jayshitre/Projects/dfs/BookWebsite2/BookWebsite/chapters/part4.tex
Converting /Users/jayshitre/Projects/dfs/BookWebsite2/BookWebsite/chapters/part4.tex to MDX...
Updating routes...

        Successfully processed chapter:
        - Converted new /Users/jayshitre/Projects/dfs/BookWebsite2/BookWebsite/chapters/part4.tex to MDX
        - Placed in /Users/jayshitre/Projects/dfs/BookWebsite2/BookWebsite/contents/docs/chapters/part4/index.mdx
        - Updated routes with title: "Part4" and href: "/part4"
    

Checking part5.tex with title "Part5"...
Converting new chapter: /Users/jayshitre/Projects/dfs/BookWebsite2/BookWebsite/chapters/part5.tex
Converting /Users/jayshitre/Projects/dfs/BookWebsite2/BookWebsite/chapters/part5.tex to MDX...
Updating routes...

        Successfully processed chapter:
        - Converted new /Users/jayshitre/Projects/dfs/BookWebsite2/BookWebsite/chapters/part5.tex to MDX
        - Placed in /Users/jayshitre/Projects/dfs/BookWebsite2/BookWebsite/contents/docs/chapters/part5/index.mdx
        - Updated routes with title: "Part5" and href: "/part5"
    

Checking part_diffphys.tex with title "Part Diffphys"...
Converting new chapter: /Users/jayshitre/Projects/dfs/BookWebsite2/BookWebsite/chapters/part_diffphys.tex
Converting /Users/jayshitre/Projects/dfs/BookWebsite2/BookWebsite/chapters/part_diffphys.tex to MDX...
Updating routes...

        Successfully processed chapter:
        - Converted new /Users/jayshitre/Projects/dfs/BookWebsite2/BookWebsite/chapters/part_diffphys.tex to MDX
        - Placed in /Users/jayshitre/Projects/dfs/BookWebsite2/BookWebsite/contents/docs/chapters/part_diffphys/index.mdx
        - Updated routes with title: "Part Diffphys" and href: "/part_diffphys"
    

Checking part_diffphys_PINNs.tex with title "Part Diffphys PINNs"...
Converting new chapter: /Users/jayshitre/Projects/dfs/BookWebsite2/BookWebsite/chapters/part_diffphys_PINNs.tex
Converting /Users/jayshitre/Projects/dfs/BookWebsite2/BookWebsite/chapters/part_diffphys_PINNs.tex to MDX...
Updating routes...

        Successfully processed chapter:
        - Converted new /Users/jayshitre/Projects/dfs/BookWebsite2/BookWebsite/chapters/part_diffphys_PINNs.tex to MDX
        - Placed in /Users/jayshitre/Projects/dfs/BookWebsite2/BookWebsite/contents/docs/chapters/part_diffphys_PINNs/index.mdx
        - Updated routes with title: "Part Diffphys PINNs" and href: "/part_diffphys_PINNs"
    

Checking part_diffphys_conclusion.tex with title "Part Diffphys Conclusion"...
Converting new chapter: /Users/jayshitre/Projects/dfs/BookWebsite2/BookWebsite/chapters/part_diffphys_conclusion.tex
Converting /Users/jayshitre/Projects/dfs/BookWebsite2/BookWebsite/chapters/part_diffphys_conclusion.tex to MDX...
Updating routes...

        Successfully processed chapter:
        - Converted new /Users/jayshitre/Projects/dfs/BookWebsite2/BookWebsite/chapters/part_diffphys_conclusion.tex to MDX
        - Placed in /Users/jayshitre/Projects/dfs/BookWebsite2/BookWebsite/contents/docs/chapters/part_diffphys_conclusion/index.mdx
        - Updated routes with title: "Part Diffphys Conclusion" and href: "/part_diffphys_conclusion"
    

Checking part_diffphys_cosmology_ml.tex with title "Part Diffphys Cosmology Ml"...
Converting new chapter: /Users/jayshitre/Projects/dfs/BookWebsite2/BookWebsite/chapters/part_diffphys_cosmology_ml.tex
Converting /Users/jayshitre/Projects/dfs/BookWebsite2/BookWebsite/chapters/part_diffphys_cosmology_ml.tex to MDX...
Updating routes...

        Successfully processed chapter:
        - Converted new /Users/jayshitre/Projects/dfs/BookWebsite2/BookWebsite/chapters/part_diffphys_cosmology_ml.tex to MDX
        - Placed in /Users/jayshitre/Projects/dfs/BookWebsite2/BookWebsite/contents/docs/chapters/part_diffphys_cosmology_ml/index.mdx
        - Updated routes with title: "Part Diffphys Cosmology Ml" and href: "/part_diffphys_cosmology_ml"
    

Checking part_diffphys_deep_quantum.tex with title "Part Diffphys Deep Quantum"...
Converting new chapter: /Users/jayshitre/Projects/dfs/BookWebsite2/BookWebsite/chapters/part_diffphys_deep_quantum.tex
Converting /Users/jayshitre/Projects/dfs/BookWebsite2/BookWebsite/chapters/part_diffphys_deep_quantum.tex to MDX...
Updating routes...

        Successfully processed chapter:
        - Converted new /Users/jayshitre/Projects/dfs/BookWebsite2/BookWebsite/chapters/part_diffphys_deep_quantum.tex to MDX
        - Placed in /Users/jayshitre/Projects/dfs/BookWebsite2/BookWebsite/contents/docs/chapters/part_diffphys_deep_quantum/index.mdx
        - Updated routes with title: "Part Diffphys Deep Quantum" and href: "/part_diffphys_deep_quantum"
    

Checking part_diffphys_electromagnetism_ml.tex with title "Part Diffphys Electromagnetism Ml"...
Converting new chapter: /Users/jayshitre/Projects/dfs/BookWebsite2/BookWebsite/chapters/part_diffphys_electromagnetism_ml.tex
Converting /Users/jayshitre/Projects/dfs/BookWebsite2/BookWebsite/chapters/part_diffphys_electromagnetism_ml.tex to MDX...
Updating routes...

        Successfully processed chapter:
        - Converted new /Users/jayshitre/Projects/dfs/BookWebsite2/BookWebsite/chapters/part_diffphys_electromagnetism_ml.tex to MDX
        - Placed in /Users/jayshitre/Projects/dfs/BookWebsite2/BookWebsite/contents/docs/chapters/part_diffphys_electromagnetism_ml/index.mdx
        - Updated routes with title: "Part Diffphys Electromagnetism Ml" and href: "/part_diffphys_electromagnetism_ml"
    

Checking part_diffphys_fluid_ml.tex with title "Part Diffphys Fluid Ml"...
Converting new chapter: /Users/jayshitre/Projects/dfs/BookWebsite2/BookWebsite/chapters/part_diffphys_fluid_ml.tex
Converting /Users/jayshitre/Projects/dfs/BookWebsite2/BookWebsite/chapters/part_diffphys_fluid_ml.tex to MDX...
Updating routes...

        Successfully processed chapter:
        - Converted new /Users/jayshitre/Projects/dfs/BookWebsite2/BookWebsite/chapters/part_diffphys_fluid_ml.tex to MDX
        - Placed in /Users/jayshitre/Projects/dfs/BookWebsite2/BookWebsite/contents/docs/chapters/part_diffphys_fluid_ml/index.mdx
        - Updated routes with title: "Part Diffphys Fluid Ml" and href: "/part_diffphys_fluid_ml"
    

Checking part_diffphys_gr_ml.tex with title "Part Diffphys Gr Ml"...
Converting new chapter: /Users/jayshitre/Projects/dfs/BookWebsite2/BookWebsite/chapters/part_diffphys_gr_ml.tex
Converting /Users/jayshitre/Projects/dfs/BookWebsite2/BookWebsite/chapters/part_diffphys_gr_ml.tex to MDX...
Updating routes...

        Successfully processed chapter:
        - Converted new /Users/jayshitre/Projects/dfs/BookWebsite2/BookWebsite/chapters/part_diffphys_gr_ml.tex to MDX
        - Placed in /Users/jayshitre/Projects/dfs/BookWebsite2/BookWebsite/contents/docs/chapters/part_diffphys_gr_ml/index.mdx
        - Updated routes with title: "Part Diffphys Gr Ml" and href: "/part_diffphys_gr_ml"
    

Checking part_diffphys_hep_ml.tex with title "Part Diffphys Hep Ml"...
Converting new chapter: /Users/jayshitre/Projects/dfs/BookWebsite2/BookWebsite/chapters/part_diffphys_hep_ml.tex
Converting /Users/jayshitre/Projects/dfs/BookWebsite2/BookWebsite/chapters/part_diffphys_hep_ml.tex to MDX...
Updating routes...

        Successfully processed chapter:
        - Converted new /Users/jayshitre/Projects/dfs/BookWebsite2/BookWebsite/chapters/part_diffphys_hep_ml.tex to MDX
        - Placed in /Users/jayshitre/Projects/dfs/BookWebsite2/BookWebsite/contents/docs/chapters/part_diffphys_hep_ml/index.mdx
        - Updated routes with title: "Part Diffphys Hep Ml" and href: "/part_diffphys_hep_ml"
    

Checking part_diffphys_materials_ml.tex with title "Part Diffphys Materials Ml"...
Converting new chapter: /Users/jayshitre/Projects/dfs/BookWebsite2/BookWebsite/chapters/part_diffphys_materials_ml.tex
Converting /Users/jayshitre/Projects/dfs/BookWebsite2/BookWebsite/chapters/part_diffphys_materials_ml.tex to MDX...
Updating routes...

        Successfully processed chapter:
        - Converted new /Users/jayshitre/Projects/dfs/BookWebsite2/BookWebsite/chapters/part_diffphys_materials_ml.tex to MDX
        - Placed in /Users/jayshitre/Projects/dfs/BookWebsite2/BookWebsite/contents/docs/chapters/part_diffphys_materials_ml/index.mdx
        - Updated routes with title: "Part Diffphys Materials Ml" and href: "/part_diffphys_materials_ml"
    

Checking part_diffphys_mechanics_ml.tex with title "Part Diffphys Mechanics Ml"...
Converting new chapter: /Users/jayshitre/Projects/dfs/BookWebsite2/BookWebsite/chapters/part_diffphys_mechanics_ml.tex
Converting /Users/jayshitre/Projects/dfs/BookWebsite2/BookWebsite/chapters/part_diffphys_mechanics_ml.tex to MDX...
Updating routes...

        Successfully processed chapter:
        - Converted new /Users/jayshitre/Projects/dfs/BookWebsite2/BookWebsite/chapters/part_diffphys_mechanics_ml.tex to MDX
        - Placed in /Users/jayshitre/Projects/dfs/BookWebsite2/BookWebsite/contents/docs/chapters/part_diffphys_mechanics_ml/index.mdx
        - Updated routes with title: "Part Diffphys Mechanics Ml" and href: "/part_diffphys_mechanics_ml"
    

Checking part_diffphys_meshes_and_shapes.tex with title "Part Diffphys Meshes And Shapes"...
Converting new chapter: /Users/jayshitre/Projects/dfs/BookWebsite2/BookWebsite/chapters/part_diffphys_meshes_and_shapes.tex
Converting /Users/jayshitre/Projects/dfs/BookWebsite2/BookWebsite/chapters/part_diffphys_meshes_and_shapes.tex to MDX...
Updating routes...

        Successfully processed chapter:
        - Converted new /Users/jayshitre/Projects/dfs/BookWebsite2/BookWebsite/chapters/part_diffphys_meshes_and_shapes.tex to MDX
        - Placed in /Users/jayshitre/Projects/dfs/BookWebsite2/BookWebsite/contents/docs/chapters/part_diffphys_meshes_and_shapes/index.mdx
        - Updated routes with title: "Part Diffphys Meshes And Shapes" and href: "/part_diffphys_meshes_and_shapes"
    

Checking part_diffphys_molecular_ml.tex with title "Part Diffphys Molecular Ml"...
Converting new chapter: /Users/jayshitre/Projects/dfs/BookWebsite2/BookWebsite/chapters/part_diffphys_molecular_ml.tex
Converting /Users/jayshitre/Projects/dfs/BookWebsite2/BookWebsite/chapters/part_diffphys_molecular_ml.tex to MDX...
Updating routes...

        Successfully processed chapter:
        - Converted new /Users/jayshitre/Projects/dfs/BookWebsite2/BookWebsite/chapters/part_diffphys_molecular_ml.tex to MDX
        - Placed in /Users/jayshitre/Projects/dfs/BookWebsite2/BookWebsite/contents/docs/chapters/part_diffphys_molecular_ml/index.mdx
        - Updated routes with title: "Part Diffphys Molecular Ml" and href: "/part_diffphys_molecular_ml"
    

Checking part_diffphys_neural_diff_eq.tex with title "Part Diffphys Neural Diff Eq"...
Converting new chapter: /Users/jayshitre/Projects/dfs/BookWebsite2/BookWebsite/chapters/part_diffphys_neural_diff_eq.tex
Converting /Users/jayshitre/Projects/dfs/BookWebsite2/BookWebsite/chapters/part_diffphys_neural_diff_eq.tex to MDX...
Updating routes...

        Successfully processed chapter:
        - Converted new /Users/jayshitre/Projects/dfs/BookWebsite2/BookWebsite/chapters/part_diffphys_neural_diff_eq.tex to MDX
        - Placed in /Users/jayshitre/Projects/dfs/BookWebsite2/BookWebsite/contents/docs/chapters/part_diffphys_neural_diff_eq/index.mdx
        - Updated routes with title: "Part Diffphys Neural Diff Eq" and href: "/part_diffphys_neural_diff_eq"
    

Checking part_diffphys_neural_potential.tex with title "Part Diffphys Neural Potential"...
Converting new chapter: /Users/jayshitre/Projects/dfs/BookWebsite2/BookWebsite/chapters/part_diffphys_neural_potential.tex
Converting /Users/jayshitre/Projects/dfs/BookWebsite2/BookWebsite/chapters/part_diffphys_neural_potential.tex to MDX...
Updating routes...

        Successfully processed chapter:
        - Converted new /Users/jayshitre/Projects/dfs/BookWebsite2/BookWebsite/chapters/part_diffphys_neural_potential.tex to MDX
        - Placed in /Users/jayshitre/Projects/dfs/BookWebsite2/BookWebsite/contents/docs/chapters/part_diffphys_neural_potential/index.mdx
        - Updated routes with title: "Part Diffphys Neural Potential" and href: "/part_diffphys_neural_potential"
    

Checking part_diffphys_qft_ml.tex with title "Part Diffphys Qft Ml"...
Converting new chapter: /Users/jayshitre/Projects/dfs/BookWebsite2/BookWebsite/chapters/part_diffphys_qft_ml.tex
Converting /Users/jayshitre/Projects/dfs/BookWebsite2/BookWebsite/chapters/part_diffphys_qft_ml.tex to MDX...
Updating routes...

        Successfully processed chapter:
        - Converted new /Users/jayshitre/Projects/dfs/BookWebsite2/BookWebsite/chapters/part_diffphys_qft_ml.tex to MDX
        - Placed in /Users/jayshitre/Projects/dfs/BookWebsite2/BookWebsite/contents/docs/chapters/part_diffphys_qft_ml/index.mdx
        - Updated routes with title: "Part Diffphys Qft Ml" and href: "/part_diffphys_qft_ml"
    

Checking part_diffphys_quantum_computing_ml.tex with title "Part Diffphys Quantum Computing Ml"...
Converting new chapter: /Users/jayshitre/Projects/dfs/BookWebsite2/BookWebsite/chapters/part_diffphys_quantum_computing_ml.tex
Converting /Users/jayshitre/Projects/dfs/BookWebsite2/BookWebsite/chapters/part_diffphys_quantum_computing_ml.tex to MDX...
Updating routes...

        Successfully processed chapter:
        - Converted new /Users/jayshitre/Projects/dfs/BookWebsite2/BookWebsite/chapters/part_diffphys_quantum_computing_ml.tex to MDX
        - Placed in /Users/jayshitre/Projects/dfs/BookWebsite2/BookWebsite/contents/docs/chapters/part_diffphys_quantum_computing_ml/index.mdx
        - Updated routes with title: "Part Diffphys Quantum Computing Ml" and href: "/part_diffphys_quantum_computing_ml"
    

Checking part_diffphys_statmech_ml.tex with title "Part Diffphys Statmech Ml"...
Converting new chapter: /Users/jayshitre/Projects/dfs/BookWebsite2/BookWebsite/chapters/part_diffphys_statmech_ml.tex
Converting /Users/jayshitre/Projects/dfs/BookWebsite2/BookWebsite/chapters/part_diffphys_statmech_ml.tex to MDX...
Updating routes...

        Successfully processed chapter:
        - Converted new /Users/jayshitre/Projects/dfs/BookWebsite2/BookWebsite/chapters/part_diffphys_statmech_ml.tex to MDX
        - Placed in /Users/jayshitre/Projects/dfs/BookWebsite2/BookWebsite/contents/docs/chapters/part_diffphys_statmech_ml/index.mdx
        - Updated routes with title: "Part Diffphys Statmech Ml" and href: "/part_diffphys_statmech_ml"
    

Checking part_physics.tex with title "Part Physics"...
Converting new chapter: /Users/jayshitre/Projects/dfs/BookWebsite2/BookWebsite/chapters/part_physics.tex
Converting /Users/jayshitre/Projects/dfs/BookWebsite2/BookWebsite/chapters/part_physics.tex to MDX...
Updating routes...

        Successfully processed chapter:
        - Converted new /Users/jayshitre/Projects/dfs/BookWebsite2/BookWebsite/chapters/part_physics.tex to MDX
        - Placed in /Users/jayshitre/Projects/dfs/BookWebsite2/BookWebsite/contents/docs/chapters/part_physics/index.mdx
        - Updated routes with title: "Part Physics" and href: "/part_physics"
    

Checking part_physics_condensed_matter.tex with title "Part Physics Condensed Matter"...
Converting new chapter: /Users/jayshitre/Projects/dfs/BookWebsite2/BookWebsite/chapters/part_physics_condensed_matter.tex
Converting /Users/jayshitre/Projects/dfs/BookWebsite2/BookWebsite/chapters/part_physics_condensed_matter.tex to MDX...
Updating routes...

        Successfully processed chapter:
        - Converted new /Users/jayshitre/Projects/dfs/BookWebsite2/BookWebsite/chapters/part_physics_condensed_matter.tex to MDX
        - Placed in /Users/jayshitre/Projects/dfs/BookWebsite2/BookWebsite/contents/docs/chapters/part_physics_condensed_matter/index.mdx
        - Updated routes with title: "Part Physics Condensed Matter" and href: "/part_physics_condensed_matter"
    

Checking part_physics_electromagnetism.tex with title "Part Physics Electromagnetism"...
Converting new chapter: /Users/jayshitre/Projects/dfs/BookWebsite2/BookWebsite/chapters/part_physics_electromagnetism.tex
Converting /Users/jayshitre/Projects/dfs/BookWebsite2/BookWebsite/chapters/part_physics_electromagnetism.tex to MDX...
Updating routes...

        Successfully processed chapter:
        - Converted new /Users/jayshitre/Projects/dfs/BookWebsite2/BookWebsite/chapters/part_physics_electromagnetism.tex to MDX
        - Placed in /Users/jayshitre/Projects/dfs/BookWebsite2/BookWebsite/contents/docs/chapters/part_physics_electromagnetism/index.mdx
        - Updated routes with title: "Part Physics Electromagnetism" and href: "/part_physics_electromagnetism"
    

Checking part_physics_fluids.tex with title "Part Physics Fluids"...
Converting new chapter: /Users/jayshitre/Projects/dfs/BookWebsite2/BookWebsite/chapters/part_physics_fluids.tex
Converting /Users/jayshitre/Projects/dfs/BookWebsite2/BookWebsite/chapters/part_physics_fluids.tex to MDX...
Updating routes...

        Successfully processed chapter:
        - Converted new /Users/jayshitre/Projects/dfs/BookWebsite2/BookWebsite/chapters/part_physics_fluids.tex to MDX
        - Placed in /Users/jayshitre/Projects/dfs/BookWebsite2/BookWebsite/contents/docs/chapters/part_physics_fluids/index.mdx
        - Updated routes with title: "Part Physics Fluids" and href: "/part_physics_fluids"
    

Checking part_physics_general_relativity.tex with title "Part Physics General Relativity"...
Converting new chapter: /Users/jayshitre/Projects/dfs/BookWebsite2/BookWebsite/chapters/part_physics_general_relativity.tex
Converting /Users/jayshitre/Projects/dfs/BookWebsite2/BookWebsite/chapters/part_physics_general_relativity.tex to MDX...
Updating routes...

        Successfully processed chapter:
        - Converted new /Users/jayshitre/Projects/dfs/BookWebsite2/BookWebsite/chapters/part_physics_general_relativity.tex to MDX
        - Placed in /Users/jayshitre/Projects/dfs/BookWebsite2/BookWebsite/contents/docs/chapters/part_physics_general_relativity/index.mdx
        - Updated routes with title: "Part Physics General Relativity" and href: "/part_physics_general_relativity"
    

Checking part_physics_mechanics.tex with title "Part Physics Mechanics"...
Converting new chapter: /Users/jayshitre/Projects/dfs/BookWebsite2/BookWebsite/chapters/part_physics_mechanics.tex
Converting /Users/jayshitre/Projects/dfs/BookWebsite2/BookWebsite/chapters/part_physics_mechanics.tex to MDX...
Updating routes...

        Successfully processed chapter:
        - Converted new /Users/jayshitre/Projects/dfs/BookWebsite2/BookWebsite/chapters/part_physics_mechanics.tex to MDX
        - Placed in /Users/jayshitre/Projects/dfs/BookWebsite2/BookWebsite/contents/docs/chapters/part_physics_mechanics/index.mdx
        - Updated routes with title: "Part Physics Mechanics" and href: "/part_physics_mechanics"
    

Checking part_physics_qft.tex with title "Part Physics Qft"...
Converting new chapter: /Users/jayshitre/Projects/dfs/BookWebsite2/BookWebsite/chapters/part_physics_qft.tex
Converting /Users/jayshitre/Projects/dfs/BookWebsite2/BookWebsite/chapters/part_physics_qft.tex to MDX...
Updating routes...

        Successfully processed chapter:
        - Converted new /Users/jayshitre/Projects/dfs/BookWebsite2/BookWebsite/chapters/part_physics_qft.tex to MDX
        - Placed in /Users/jayshitre/Projects/dfs/BookWebsite2/BookWebsite/contents/docs/chapters/part_physics_qft/index.mdx
        - Updated routes with title: "Part Physics Qft" and href: "/part_physics_qft"
    

Checking part_physics_quantum.tex with title "Part Physics Quantum"...
Converting new chapter: /Users/jayshitre/Projects/dfs/BookWebsite2/BookWebsite/chapters/part_physics_quantum.tex
Converting /Users/jayshitre/Projects/dfs/BookWebsite2/BookWebsite/chapters/part_physics_quantum.tex to MDX...
Updating routes...

        Successfully processed chapter:
        - Converted new /Users/jayshitre/Projects/dfs/BookWebsite2/BookWebsite/chapters/part_physics_quantum.tex to MDX
        - Placed in /Users/jayshitre/Projects/dfs/BookWebsite2/BookWebsite/contents/docs/chapters/part_physics_quantum/index.mdx
        - Updated routes with title: "Part Physics Quantum" and href: "/part_physics_quantum"
    

Checking part_physics_quantum_chemistry.tex with title "Part Physics Quantum Chemistry"...
Converting new chapter: /Users/jayshitre/Projects/dfs/BookWebsite2/BookWebsite/chapters/part_physics_quantum_chemistry.tex
Converting /Users/jayshitre/Projects/dfs/BookWebsite2/BookWebsite/chapters/part_physics_quantum_chemistry.tex to MDX...
Updating routes...

        Successfully processed chapter:
        - Converted new /Users/jayshitre/Projects/dfs/BookWebsite2/BookWebsite/chapters/part_physics_quantum_chemistry.tex to MDX
        - Placed in /Users/jayshitre/Projects/dfs/BookWebsite2/BookWebsite/contents/docs/chapters/part_physics_quantum_chemistry/index.mdx
        - Updated routes with title: "Part Physics Quantum Chemistry" and href: "/part_physics_quantum_chemistry"
    

Checking part_physics_quantum_computing.tex with title "Part Physics Quantum Computing"...
Converting new chapter: /Users/jayshitre/Projects/dfs/BookWebsite2/BookWebsite/chapters/part_physics_quantum_computing.tex
Converting /Users/jayshitre/Projects/dfs/BookWebsite2/BookWebsite/chapters/part_physics_quantum_computing.tex to MDX...
Updating routes...

        Successfully processed chapter:
        - Converted new /Users/jayshitre/Projects/dfs/BookWebsite2/BookWebsite/chapters/part_physics_quantum_computing.tex to MDX
        - Placed in /Users/jayshitre/Projects/dfs/BookWebsite2/BookWebsite/contents/docs/chapters/part_physics_quantum_computing/index.mdx
        - Updated routes with title: "Part Physics Quantum Computing" and href: "/part_physics_quantum_computing"
    

Checking part_physics_statmech.tex with title "Part Physics Statmech"...
Converting new chapter: /Users/jayshitre/Projects/dfs/BookWebsite2/BookWebsite/chapters/part_physics_statmech.tex
Converting /Users/jayshitre/Projects/dfs/BookWebsite2/BookWebsite/chapters/part_physics_statmech.tex to MDX...
Updating routes...

        Successfully processed chapter:
        - Converted new /Users/jayshitre/Projects/dfs/BookWebsite2/BookWebsite/chapters/part_physics_statmech.tex to MDX
        - Placed in /Users/jayshitre/Projects/dfs/BookWebsite2/BookWebsite/contents/docs/chapters/part_physics_statmech/index.mdx
        - Updated routes with title: "Part Physics Statmech" and href: "/part_physics_statmech"
    

Checking part_prog.tex with title "Part Prog"...
Converting new chapter: /Users/jayshitre/Projects/dfs/BookWebsite2/BookWebsite/chapters/part_prog.tex
Converting /Users/jayshitre/Projects/dfs/BookWebsite2/BookWebsite/chapters/part_prog.tex to MDX...
Updating routes...

        Successfully processed chapter:
        - Converted new /Users/jayshitre/Projects/dfs/BookWebsite2/BookWebsite/chapters/part_prog.tex to MDX
        - Placed in /Users/jayshitre/Projects/dfs/BookWebsite2/BookWebsite/contents/docs/chapters/part_prog/index.mdx
        - Updated routes with title: "Part Prog" and href: "/part_prog"
    

Checking part_prog_DifferentiableModels.tex with title "Part Prog DifferentiableModels"...
Converting new chapter: /Users/jayshitre/Projects/dfs/BookWebsite2/BookWebsite/chapters/part_prog_DifferentiableModels.tex
Converting /Users/jayshitre/Projects/dfs/BookWebsite2/BookWebsite/chapters/part_prog_DifferentiableModels.tex to MDX...
Updating routes...

        Successfully processed chapter:
        - Converted new /Users/jayshitre/Projects/dfs/BookWebsite2/BookWebsite/chapters/part_prog_DifferentiableModels.tex to MDX
        - Placed in /Users/jayshitre/Projects/dfs/BookWebsite2/BookWebsite/contents/docs/chapters/part_prog_DifferentiableModels/index.mdx
        - Updated routes with title: "Part Prog DifferentiableModels" and href: "/part_prog_DifferentiableModels"
    

Checking part_prog_NumericalMethods.tex with title "Part Prog NumericalMethods"...
Converting new chapter: /Users/jayshitre/Projects/dfs/BookWebsite2/BookWebsite/chapters/part_prog_NumericalMethods.tex
Converting /Users/jayshitre/Projects/dfs/BookWebsite2/BookWebsite/chapters/part_prog_NumericalMethods.tex to MDX...
Updating routes...

        Successfully processed chapter:
        - Converted new /Users/jayshitre/Projects/dfs/BookWebsite2/BookWebsite/chapters/part_prog_NumericalMethods.tex to MDX
        - Placed in /Users/jayshitre/Projects/dfs/BookWebsite2/BookWebsite/contents/docs/chapters/part_prog_NumericalMethods/index.mdx
        - Updated routes with title: "Part Prog NumericalMethods" and href: "/part_prog_NumericalMethods"
    

Checking part_prog_ProgrammingLanguages.tex with title "Part Prog ProgrammingLanguages"...
Converting new chapter: /Users/jayshitre/Projects/dfs/BookWebsite2/BookWebsite/chapters/part_prog_ProgrammingLanguages.tex
Converting /Users/jayshitre/Projects/dfs/BookWebsite2/BookWebsite/chapters/part_prog_ProgrammingLanguages.tex to MDX...
Updating routes...

        Successfully processed chapter:
        - Converted new /Users/jayshitre/Projects/dfs/BookWebsite2/BookWebsite/chapters/part_prog_ProgrammingLanguages.tex to MDX
        - Placed in /Users/jayshitre/Projects/dfs/BookWebsite2/BookWebsite/contents/docs/chapters/part_prog_ProgrammingLanguages/index.mdx
        - Updated routes with title: "Part Prog ProgrammingLanguages" and href: "/part_prog_ProgrammingLanguages"
    

Checking partial_differential_equations.tex with title "Partial Differential Equations"...
Converting new chapter: /Users/jayshitre/Projects/dfs/BookWebsite2/BookWebsite/chapters/partial_differential_equations.tex
Converting /Users/jayshitre/Projects/dfs/BookWebsite2/BookWebsite/chapters/partial_differential_equations.tex to MDX...
Updating routes...

        Successfully processed chapter:
        - Converted new /Users/jayshitre/Projects/dfs/BookWebsite2/BookWebsite/chapters/partial_differential_equations.tex to MDX
        - Placed in /Users/jayshitre/Projects/dfs/BookWebsite2/BookWebsite/contents/docs/chapters/partial_differential_equations/index.mdx
        - Updated routes with title: "Partial Differential Equations" and href: "/partial_differential_equations"
    

Checking path_integral_free_particle.tex with title "Path Integral Free Particle"...
Converting new chapter: /Users/jayshitre/Projects/dfs/BookWebsite2/BookWebsite/chapters/path_integral_free_particle.tex
Converting /Users/jayshitre/Projects/dfs/BookWebsite2/BookWebsite/chapters/path_integral_free_particle.tex to MDX...
Updating routes...

        Successfully processed chapter:
        - Converted new /Users/jayshitre/Projects/dfs/BookWebsite2/BookWebsite/chapters/path_integral_free_particle.tex to MDX
        - Placed in /Users/jayshitre/Projects/dfs/BookWebsite2/BookWebsite/contents/docs/chapters/path_integral_free_particle/index.mdx
        - Updated routes with title: "Path Integral Free Particle" and href: "/path_integral_free_particle"
    

Checking path_integral_oscillator.tex with title "Path Integral Oscillator"...
Converting new chapter: /Users/jayshitre/Projects/dfs/BookWebsite2/BookWebsite/chapters/path_integral_oscillator.tex
Converting /Users/jayshitre/Projects/dfs/BookWebsite2/BookWebsite/chapters/path_integral_oscillator.tex to MDX...
Updating routes...

        Successfully processed chapter:
        - Converted new /Users/jayshitre/Projects/dfs/BookWebsite2/BookWebsite/chapters/path_integral_oscillator.tex to MDX
        - Placed in /Users/jayshitre/Projects/dfs/BookWebsite2/BookWebsite/contents/docs/chapters/path_integral_oscillator/index.mdx
        - Updated routes with title: "Path Integral Oscillator" and href: "/path_integral_oscillator"
    

Checking path_integrals.tex with title "Path Integrals"...
Converting new chapter: /Users/jayshitre/Projects/dfs/BookWebsite2/BookWebsite/chapters/path_integrals.tex
Converting /Users/jayshitre/Projects/dfs/BookWebsite2/BookWebsite/chapters/path_integrals.tex to MDX...
Updating routes...

        Successfully processed chapter:
        - Converted new /Users/jayshitre/Projects/dfs/BookWebsite2/BookWebsite/chapters/path_integrals.tex to MDX
        - Placed in /Users/jayshitre/Projects/dfs/BookWebsite2/BookWebsite/contents/docs/chapters/path_integrals/index.mdx
        - Updated routes with title: "Path Integrals" and href: "/path_integrals"
    

Checking path_integrals_2.tex with title "Path Integrals 2"...
Converting new chapter: /Users/jayshitre/Projects/dfs/BookWebsite2/BookWebsite/chapters/path_integrals_2.tex
Converting /Users/jayshitre/Projects/dfs/BookWebsite2/BookWebsite/chapters/path_integrals_2.tex to MDX...
Updating routes...

        Successfully processed chapter:
        - Converted new /Users/jayshitre/Projects/dfs/BookWebsite2/BookWebsite/chapters/path_integrals_2.tex to MDX
        - Placed in /Users/jayshitre/Projects/dfs/BookWebsite2/BookWebsite/contents/docs/chapters/path_integrals_2/index.mdx
        - Updated routes with title: "Path Integrals 2" and href: "/path_integrals_2"
    

Checking pde_gnn.tex with title "Pde Gnn"...
Converting new chapter: /Users/jayshitre/Projects/dfs/BookWebsite2/BookWebsite/chapters/pde_gnn.tex
Converting /Users/jayshitre/Projects/dfs/BookWebsite2/BookWebsite/chapters/pde_gnn.tex to MDX...
Updating routes...

        Successfully processed chapter:
        - Converted new /Users/jayshitre/Projects/dfs/BookWebsite2/BookWebsite/chapters/pde_gnn.tex to MDX
        - Placed in /Users/jayshitre/Projects/dfs/BookWebsite2/BookWebsite/contents/docs/chapters/pde_gnn/index.mdx
        - Updated routes with title: "Pde Gnn" and href: "/pde_gnn"
    

Checking perturbation_theory.tex with title "Perturbation Theory"...
Converting new chapter: /Users/jayshitre/Projects/dfs/BookWebsite2/BookWebsite/chapters/perturbation_theory.tex
Converting /Users/jayshitre/Projects/dfs/BookWebsite2/BookWebsite/chapters/perturbation_theory.tex to MDX...
Updating routes...

        Successfully processed chapter:
        - Converted new /Users/jayshitre/Projects/dfs/BookWebsite2/BookWebsite/chapters/perturbation_theory.tex to MDX
        - Placed in /Users/jayshitre/Projects/dfs/BookWebsite2/BookWebsite/contents/docs/chapters/perturbation_theory/index.mdx
        - Updated routes with title: "Perturbation Theory" and href: "/perturbation_theory"
    

Checking perturbative_correlation.tex with title "Perturbative Correlation"...
Converting new chapter: /Users/jayshitre/Projects/dfs/BookWebsite2/BookWebsite/chapters/perturbative_correlation.tex
Converting /Users/jayshitre/Projects/dfs/BookWebsite2/BookWebsite/chapters/perturbative_correlation.tex to MDX...
Updating routes...

        Successfully processed chapter:
        - Converted new /Users/jayshitre/Projects/dfs/BookWebsite2/BookWebsite/chapters/perturbative_correlation.tex to MDX
        - Placed in /Users/jayshitre/Projects/dfs/BookWebsite2/BookWebsite/contents/docs/chapters/perturbative_correlation/index.mdx
        - Updated routes with title: "Perturbative Correlation" and href: "/perturbative_correlation"
    

Checking phase_equilibrium.tex with title "Phase Equilibrium"...
Converting new chapter: /Users/jayshitre/Projects/dfs/BookWebsite2/BookWebsite/chapters/phase_equilibrium.tex
Converting /Users/jayshitre/Projects/dfs/BookWebsite2/BookWebsite/chapters/phase_equilibrium.tex to MDX...
Updating routes...

        Successfully processed chapter:
        - Converted new /Users/jayshitre/Projects/dfs/BookWebsite2/BookWebsite/chapters/phase_equilibrium.tex to MDX
        - Placed in /Users/jayshitre/Projects/dfs/BookWebsite2/BookWebsite/contents/docs/chapters/phase_equilibrium/index.mdx
        - Updated routes with title: "Phase Equilibrium" and href: "/phase_equilibrium"
    

Checking phase_field.tex with title "Phase Field"...
Converting new chapter: /Users/jayshitre/Projects/dfs/BookWebsite2/BookWebsite/chapters/phase_field.tex
Converting /Users/jayshitre/Projects/dfs/BookWebsite2/BookWebsite/chapters/phase_field.tex to MDX...
Updating routes...

        Successfully processed chapter:
        - Converted new /Users/jayshitre/Projects/dfs/BookWebsite2/BookWebsite/chapters/phase_field.tex to MDX
        - Placed in /Users/jayshitre/Projects/dfs/BookWebsite2/BookWebsite/contents/docs/chapters/phase_field/index.mdx
        - Updated routes with title: "Phase Field" and href: "/phase_field"
    

Checking phase_field_methods.tex with title "Phase Field Methods"...
Converting new chapter: /Users/jayshitre/Projects/dfs/BookWebsite2/BookWebsite/chapters/phase_field_methods.tex
Converting /Users/jayshitre/Projects/dfs/BookWebsite2/BookWebsite/chapters/phase_field_methods.tex to MDX...
Updating routes...

        Successfully processed chapter:
        - Converted new /Users/jayshitre/Projects/dfs/BookWebsite2/BookWebsite/chapters/phase_field_methods.tex to MDX
        - Placed in /Users/jayshitre/Projects/dfs/BookWebsite2/BookWebsite/contents/docs/chapters/phase_field_methods/index.mdx
        - Updated routes with title: "Phase Field Methods" and href: "/phase_field_methods"
    

Checking phase_transitions_neural_networks.tex with title "Phase Transitions Neural Networks"...
Converting new chapter: /Users/jayshitre/Projects/dfs/BookWebsite2/BookWebsite/chapters/phase_transitions_neural_networks.tex
Converting /Users/jayshitre/Projects/dfs/BookWebsite2/BookWebsite/chapters/phase_transitions_neural_networks.tex to MDX...
Updating routes...

        Successfully processed chapter:
        - Converted new /Users/jayshitre/Projects/dfs/BookWebsite2/BookWebsite/chapters/phase_transitions_neural_networks.tex to MDX
        - Placed in /Users/jayshitre/Projects/dfs/BookWebsite2/BookWebsite/contents/docs/chapters/phase_transitions_neural_networks/index.mdx
        - Updated routes with title: "Phase Transitions Neural Networks" and href: "/phase_transitions_neural_networks"
    

Checking phonon_density_prediction.tex with title "Phonon Density Prediction"...
Converting new chapter: /Users/jayshitre/Projects/dfs/BookWebsite2/BookWebsite/chapters/phonon_density_prediction.tex
Converting /Users/jayshitre/Projects/dfs/BookWebsite2/BookWebsite/chapters/phonon_density_prediction.tex to MDX...
Updating routes...

        Successfully processed chapter:
        - Converted new /Users/jayshitre/Projects/dfs/BookWebsite2/BookWebsite/chapters/phonon_density_prediction.tex to MDX
        - Placed in /Users/jayshitre/Projects/dfs/BookWebsite2/BookWebsite/contents/docs/chapters/phonon_density_prediction/index.mdx
        - Updated routes with title: "Phonon Density Prediction" and href: "/phonon_density_prediction"
    

Checking phonon_gas.tex with title "Phonon Gas"...
Converting new chapter: /Users/jayshitre/Projects/dfs/BookWebsite2/BookWebsite/chapters/phonon_gas.tex
Converting /Users/jayshitre/Projects/dfs/BookWebsite2/BookWebsite/chapters/phonon_gas.tex to MDX...
Updating routes...

        Successfully processed chapter:
        - Converted new /Users/jayshitre/Projects/dfs/BookWebsite2/BookWebsite/chapters/phonon_gas.tex to MDX
        - Placed in /Users/jayshitre/Projects/dfs/BookWebsite2/BookWebsite/contents/docs/chapters/phonon_gas/index.mdx
        - Updated routes with title: "Phonon Gas" and href: "/phonon_gas"
    

Checking photon_gas.tex with title "Photon Gas"...
Converting new chapter: /Users/jayshitre/Projects/dfs/BookWebsite2/BookWebsite/chapters/photon_gas.tex
Converting /Users/jayshitre/Projects/dfs/BookWebsite2/BookWebsite/chapters/photon_gas.tex to MDX...
Updating routes...

        Successfully processed chapter:
        - Converted new /Users/jayshitre/Projects/dfs/BookWebsite2/BookWebsite/chapters/photon_gas.tex to MDX
        - Placed in /Users/jayshitre/Projects/dfs/BookWebsite2/BookWebsite/contents/docs/chapters/photon_gas/index.mdx
        - Updated routes with title: "Photon Gas" and href: "/photon_gas"
    

Checking photosynthesis.tex with title "Photosynthesis"...
Converting new chapter: /Users/jayshitre/Projects/dfs/BookWebsite2/BookWebsite/chapters/photosynthesis.tex
Converting /Users/jayshitre/Projects/dfs/BookWebsite2/BookWebsite/chapters/photosynthesis.tex to MDX...
Updating routes...

        Successfully processed chapter:
        - Converted new /Users/jayshitre/Projects/dfs/BookWebsite2/BookWebsite/chapters/photosynthesis.tex to MDX
        - Placed in /Users/jayshitre/Projects/dfs/BookWebsite2/BookWebsite/contents/docs/chapters/photosynthesis/index.mdx
        - Updated routes with title: "Photosynthesis" and href: "/photosynthesis"
    

Checking physics_guided_loss_functions.tex with title "Physics Guided Loss Functions"...
Converting new chapter: /Users/jayshitre/Projects/dfs/BookWebsite2/BookWebsite/chapters/physics_guided_loss_functions.tex
Converting /Users/jayshitre/Projects/dfs/BookWebsite2/BookWebsite/chapters/physics_guided_loss_functions.tex to MDX...
Updating routes...

        Successfully processed chapter:
        - Converted new /Users/jayshitre/Projects/dfs/BookWebsite2/BookWebsite/chapters/physics_guided_loss_functions.tex to MDX
        - Placed in /Users/jayshitre/Projects/dfs/BookWebsite2/BookWebsite/contents/docs/chapters/physics_guided_loss_functions/index.mdx
        - Updated routes with title: "Physics Guided Loss Functions" and href: "/physics_guided_loss_functions"
    

Checking physika_primer.tex with title "Physika Primer"...
Converting new chapter: /Users/jayshitre/Projects/dfs/BookWebsite2/BookWebsite/chapters/physika_primer.tex
Converting /Users/jayshitre/Projects/dfs/BookWebsite2/BookWebsite/chapters/physika_primer.tex to MDX...
Updating routes...

        Successfully processed chapter:
        - Converted new /Users/jayshitre/Projects/dfs/BookWebsite2/BookWebsite/chapters/physika_primer.tex to MDX
        - Placed in /Users/jayshitre/Projects/dfs/BookWebsite2/BookWebsite/contents/docs/chapters/physika_primer/index.mdx
        - Updated routes with title: "Physika Primer" and href: "/physika_primer"
    

Checking pinns_blowup.tex with title "Pinns Blowup"...
Converting new chapter: /Users/jayshitre/Projects/dfs/BookWebsite2/BookWebsite/chapters/pinns_blowup.tex
Converting /Users/jayshitre/Projects/dfs/BookWebsite2/BookWebsite/chapters/pinns_blowup.tex to MDX...
Updating routes...

        Successfully processed chapter:
        - Converted new /Users/jayshitre/Projects/dfs/BookWebsite2/BookWebsite/chapters/pinns_blowup.tex to MDX
        - Placed in /Users/jayshitre/Projects/dfs/BookWebsite2/BookWebsite/contents/docs/chapters/pinns_blowup/index.mdx
        - Updated routes with title: "Pinns Blowup" and href: "/pinns_blowup"
    

Checking pinns_failures.tex with title "Pinns Failures"...
Converting new chapter: /Users/jayshitre/Projects/dfs/BookWebsite2/BookWebsite/chapters/pinns_failures.tex
Converting /Users/jayshitre/Projects/dfs/BookWebsite2/BookWebsite/chapters/pinns_failures.tex to MDX...
Updating routes...

        Successfully processed chapter:
        - Converted new /Users/jayshitre/Projects/dfs/BookWebsite2/BookWebsite/chapters/pinns_failures.tex to MDX
        - Placed in /Users/jayshitre/Projects/dfs/BookWebsite2/BookWebsite/contents/docs/chapters/pinns_failures/index.mdx
        - Updated routes with title: "Pinns Failures" and href: "/pinns_failures"
    

Checking pinns_maxwell.tex with title "Pinns Maxwell"...
Converting new chapter: /Users/jayshitre/Projects/dfs/BookWebsite2/BookWebsite/chapters/pinns_maxwell.tex
Converting /Users/jayshitre/Projects/dfs/BookWebsite2/BookWebsite/chapters/pinns_maxwell.tex to MDX...
Updating routes...

        Successfully processed chapter:
        - Converted new /Users/jayshitre/Projects/dfs/BookWebsite2/BookWebsite/chapters/pinns_maxwell.tex to MDX
        - Placed in /Users/jayshitre/Projects/dfs/BookWebsite2/BookWebsite/contents/docs/chapters/pinns_maxwell/index.mdx
        - Updated routes with title: "Pinns Maxwell" and href: "/pinns_maxwell"
    

Checking polymers.tex with title "Polymers"...
Converting new chapter: /Users/jayshitre/Projects/dfs/BookWebsite2/BookWebsite/chapters/polymers.tex
Converting /Users/jayshitre/Projects/dfs/BookWebsite2/BookWebsite/chapters/polymers.tex to MDX...
Updating routes...

        Successfully processed chapter:
        - Converted new /Users/jayshitre/Projects/dfs/BookWebsite2/BookWebsite/chapters/polymers.tex to MDX
        - Placed in /Users/jayshitre/Projects/dfs/BookWebsite2/BookWebsite/contents/docs/chapters/polymers/index.mdx
        - Updated routes with title: "Polymers" and href: "/polymers"
    

Checking position_and_momentum_operators.tex with title "Position And Momentum Operators"...
Converting new chapter: /Users/jayshitre/Projects/dfs/BookWebsite2/BookWebsite/chapters/position_and_momentum_operators.tex
Converting /Users/jayshitre/Projects/dfs/BookWebsite2/BookWebsite/chapters/position_and_momentum_operators.tex to MDX...
Updating routes...

        Successfully processed chapter:
        - Converted new /Users/jayshitre/Projects/dfs/BookWebsite2/BookWebsite/chapters/position_and_momentum_operators.tex to MDX
        - Placed in /Users/jayshitre/Projects/dfs/BookWebsite2/BookWebsite/contents/docs/chapters/position_and_momentum_operators/index.mdx
        - Updated routes with title: "Position And Momentum Operators" and href: "/position_and_momentum_operators"
    

Checking preamble.tex with title "Preamble"...
Converting new chapter: /Users/jayshitre/Projects/dfs/BookWebsite2/BookWebsite/chapters/preamble.tex
Converting /Users/jayshitre/Projects/dfs/BookWebsite2/BookWebsite/chapters/preamble.tex to MDX...
Updating routes...

        Successfully processed chapter:
        - Converted new /Users/jayshitre/Projects/dfs/BookWebsite2/BookWebsite/chapters/preamble.tex to MDX
        - Placed in /Users/jayshitre/Projects/dfs/BookWebsite2/BookWebsite/contents/docs/chapters/preamble/index.mdx
        - Updated routes with title: "Preamble" and href: "/preamble"
    

Checking preface.tex with title "Preface"...
Converting new chapter: /Users/jayshitre/Projects/dfs/BookWebsite2/BookWebsite/chapters/preface.tex
Converting /Users/jayshitre/Projects/dfs/BookWebsite2/BookWebsite/chapters/preface.tex to MDX...
Updating routes...

        Successfully processed chapter:
        - Converted new /Users/jayshitre/Projects/dfs/BookWebsite2/BookWebsite/chapters/preface.tex to MDX
        - Placed in /Users/jayshitre/Projects/dfs/BookWebsite2/BookWebsite/contents/docs/chapters/preface/index.mdx
        - Updated routes with title: "Preface" and href: "/preface"
    

Checking pretraining_molecules.tex with title "Pretraining Molecules"...
Converting new chapter: /Users/jayshitre/Projects/dfs/BookWebsite2/BookWebsite/chapters/pretraining_molecules.tex
Converting /Users/jayshitre/Projects/dfs/BookWebsite2/BookWebsite/chapters/pretraining_molecules.tex to MDX...
Updating routes...

        Successfully processed chapter:
        - Converted new /Users/jayshitre/Projects/dfs/BookWebsite2/BookWebsite/chapters/pretraining_molecules.tex to MDX
        - Placed in /Users/jayshitre/Projects/dfs/BookWebsite2/BookWebsite/contents/docs/chapters/pretraining_molecules/index.mdx
        - Updated routes with title: "Pretraining Molecules" and href: "/pretraining_molecules"
    

Checking probability_and_statistics.tex with title "Probability And Statistics"...
Converting new chapter: /Users/jayshitre/Projects/dfs/BookWebsite2/BookWebsite/chapters/probability_and_statistics.tex
Converting /Users/jayshitre/Projects/dfs/BookWebsite2/BookWebsite/chapters/probability_and_statistics.tex to MDX...
Updating routes...

        Successfully processed chapter:
        - Converted new /Users/jayshitre/Projects/dfs/BookWebsite2/BookWebsite/chapters/probability_and_statistics.tex to MDX
        - Placed in /Users/jayshitre/Projects/dfs/BookWebsite2/BookWebsite/contents/docs/chapters/probability_and_statistics/index.mdx
        - Updated routes with title: "Probability And Statistics" and href: "/probability_and_statistics"
    

Checking qed_calculation.tex with title "Qed Calculation"...
Converting new chapter: /Users/jayshitre/Projects/dfs/BookWebsite2/BookWebsite/chapters/qed_calculation.tex
Converting /Users/jayshitre/Projects/dfs/BookWebsite2/BookWebsite/chapters/qed_calculation.tex to MDX...
Updating routes...

        Successfully processed chapter:
        - Converted new /Users/jayshitre/Projects/dfs/BookWebsite2/BookWebsite/chapters/qed_calculation.tex to MDX
        - Placed in /Users/jayshitre/Projects/dfs/BookWebsite2/BookWebsite/contents/docs/chapters/qed_calculation/index.mdx
        - Updated routes with title: "Qed Calculation" and href: "/qed_calculation"
    

Checking quantum_advantage_ml.tex with title "Quantum Advantage Ml"...
Converting new chapter: /Users/jayshitre/Projects/dfs/BookWebsite2/BookWebsite/chapters/quantum_advantage_ml.tex
Converting /Users/jayshitre/Projects/dfs/BookWebsite2/BookWebsite/chapters/quantum_advantage_ml.tex to MDX...
Updating routes...

        Successfully processed chapter:
        - Converted new /Users/jayshitre/Projects/dfs/BookWebsite2/BookWebsite/chapters/quantum_advantage_ml.tex to MDX
        - Placed in /Users/jayshitre/Projects/dfs/BookWebsite2/BookWebsite/contents/docs/chapters/quantum_advantage_ml/index.mdx
        - Updated routes with title: "Quantum Advantage Ml" and href: "/quantum_advantage_ml"
    

Checking quantum_circuits.tex with title "Quantum Circuits"...
Converting new chapter: /Users/jayshitre/Projects/dfs/BookWebsite2/BookWebsite/chapters/quantum_circuits.tex
Converting /Users/jayshitre/Projects/dfs/BookWebsite2/BookWebsite/chapters/quantum_circuits.tex to MDX...
Updating routes...

        Successfully processed chapter:
        - Converted new /Users/jayshitre/Projects/dfs/BookWebsite2/BookWebsite/chapters/quantum_circuits.tex to MDX
        - Placed in /Users/jayshitre/Projects/dfs/BookWebsite2/BookWebsite/contents/docs/chapters/quantum_circuits/index.mdx
        - Updated routes with title: "Quantum Circuits" and href: "/quantum_circuits"
    

Checking quantum_field_theory.tex with title "Quantum Field Theory"...
Converting new chapter: /Users/jayshitre/Projects/dfs/BookWebsite2/BookWebsite/chapters/quantum_field_theory.tex
Converting /Users/jayshitre/Projects/dfs/BookWebsite2/BookWebsite/chapters/quantum_field_theory.tex to MDX...
Updating routes...

        Successfully processed chapter:
        - Converted new /Users/jayshitre/Projects/dfs/BookWebsite2/BookWebsite/chapters/quantum_field_theory.tex to MDX
        - Placed in /Users/jayshitre/Projects/dfs/BookWebsite2/BookWebsite/contents/docs/chapters/quantum_field_theory/index.mdx
        - Updated routes with title: "Quantum Field Theory" and href: "/quantum_field_theory"
    

Checking quantum_fourier_transform.tex with title "Quantum Fourier Transform"...
Converting new chapter: /Users/jayshitre/Projects/dfs/BookWebsite2/BookWebsite/chapters/quantum_fourier_transform.tex
Converting /Users/jayshitre/Projects/dfs/BookWebsite2/BookWebsite/chapters/quantum_fourier_transform.tex to MDX...
Updating routes...

        Successfully processed chapter:
        - Converted new /Users/jayshitre/Projects/dfs/BookWebsite2/BookWebsite/chapters/quantum_fourier_transform.tex to MDX
        - Placed in /Users/jayshitre/Projects/dfs/BookWebsite2/BookWebsite/contents/docs/chapters/quantum_fourier_transform/index.mdx
        - Updated routes with title: "Quantum Fourier Transform" and href: "/quantum_fourier_transform"
    

Checking quantum_machine_learning.tex with title "Quantum Machine Learning"...
Converting new chapter: /Users/jayshitre/Projects/dfs/BookWebsite2/BookWebsite/chapters/quantum_machine_learning.tex
Converting /Users/jayshitre/Projects/dfs/BookWebsite2/BookWebsite/chapters/quantum_machine_learning.tex to MDX...
Updating routes...

        Successfully processed chapter:
        - Converted new /Users/jayshitre/Projects/dfs/BookWebsite2/BookWebsite/chapters/quantum_machine_learning.tex to MDX
        - Placed in /Users/jayshitre/Projects/dfs/BookWebsite2/BookWebsite/contents/docs/chapters/quantum_machine_learning/index.mdx
        - Updated routes with title: "Quantum Machine Learning" and href: "/quantum_machine_learning"
    

Checking quantum_mechanics.tex with title "Quantum Mechanics"...
Converting new chapter: /Users/jayshitre/Projects/dfs/BookWebsite2/BookWebsite/chapters/quantum_mechanics.tex
Converting /Users/jayshitre/Projects/dfs/BookWebsite2/BookWebsite/chapters/quantum_mechanics.tex to MDX...
Updating routes...

        Successfully processed chapter:
        - Converted new /Users/jayshitre/Projects/dfs/BookWebsite2/BookWebsite/chapters/quantum_mechanics.tex to MDX
        - Placed in /Users/jayshitre/Projects/dfs/BookWebsite2/BookWebsite/contents/docs/chapters/quantum_mechanics/index.mdx
        - Updated routes with title: "Quantum Mechanics" and href: "/quantum_mechanics"
    

Checking quantum_oscillators.tex with title "Quantum Oscillators"...
Converting new chapter: /Users/jayshitre/Projects/dfs/BookWebsite2/BookWebsite/chapters/quantum_oscillators.tex
Converting /Users/jayshitre/Projects/dfs/BookWebsite2/BookWebsite/chapters/quantum_oscillators.tex to MDX...
Updating routes...

        Successfully processed chapter:
        - Converted new /Users/jayshitre/Projects/dfs/BookWebsite2/BookWebsite/chapters/quantum_oscillators.tex to MDX
        - Placed in /Users/jayshitre/Projects/dfs/BookWebsite2/BookWebsite/contents/docs/chapters/quantum_oscillators/index.mdx
        - Updated routes with title: "Quantum Oscillators" and href: "/quantum_oscillators"
    

Checking quantum_programming.tex with title "Quantum Programming"...
Converting new chapter: /Users/jayshitre/Projects/dfs/BookWebsite2/BookWebsite/chapters/quantum_programming.tex
Converting /Users/jayshitre/Projects/dfs/BookWebsite2/BookWebsite/chapters/quantum_programming.tex to MDX...
Updating routes...

        Successfully processed chapter:
        - Converted new /Users/jayshitre/Projects/dfs/BookWebsite2/BookWebsite/chapters/quantum_programming.tex to MDX
        - Placed in /Users/jayshitre/Projects/dfs/BookWebsite2/BookWebsite/contents/docs/chapters/quantum_programming/index.mdx
        - Updated routes with title: "Quantum Programming" and href: "/quantum_programming"
    

Checking quantum_reinforcement_learning.tex with title "Quantum Reinforcement Learning"...
Converting new chapter: /Users/jayshitre/Projects/dfs/BookWebsite2/BookWebsite/chapters/quantum_reinforcement_learning.tex
Converting /Users/jayshitre/Projects/dfs/BookWebsite2/BookWebsite/chapters/quantum_reinforcement_learning.tex to MDX...
Updating routes...

        Successfully processed chapter:
        - Converted new /Users/jayshitre/Projects/dfs/BookWebsite2/BookWebsite/chapters/quantum_reinforcement_learning.tex to MDX
        - Placed in /Users/jayshitre/Projects/dfs/BookWebsite2/BookWebsite/contents/docs/chapters/quantum_reinforcement_learning/index.mdx
        - Updated routes with title: "Quantum Reinforcement Learning" and href: "/quantum_reinforcement_learning"
    

Checking quantum_statistic_mechanics.tex with title "Quantum Statistic Mechanics"...
Converting new chapter: /Users/jayshitre/Projects/dfs/BookWebsite2/BookWebsite/chapters/quantum_statistic_mechanics.tex
Converting /Users/jayshitre/Projects/dfs/BookWebsite2/BookWebsite/chapters/quantum_statistic_mechanics.tex to MDX...
Updating routes...

        Successfully processed chapter:
        - Converted new /Users/jayshitre/Projects/dfs/BookWebsite2/BookWebsite/chapters/quantum_statistic_mechanics.tex to MDX
        - Placed in /Users/jayshitre/Projects/dfs/BookWebsite2/BookWebsite/contents/docs/chapters/quantum_statistic_mechanics/index.mdx
        - Updated routes with title: "Quantum Statistic Mechanics" and href: "/quantum_statistic_mechanics"
    

Checking ray_tracing.tex with title "Ray Tracing"...
Converting new chapter: /Users/jayshitre/Projects/dfs/BookWebsite2/BookWebsite/chapters/ray_tracing.tex
Converting /Users/jayshitre/Projects/dfs/BookWebsite2/BookWebsite/chapters/ray_tracing.tex to MDX...
Updating routes...

        Successfully processed chapter:
        - Converted new /Users/jayshitre/Projects/dfs/BookWebsite2/BookWebsite/chapters/ray_tracing.tex to MDX
        - Placed in /Users/jayshitre/Projects/dfs/BookWebsite2/BookWebsite/contents/docs/chapters/ray_tracing/index.mdx
        - Updated routes with title: "Ray Tracing" and href: "/ray_tracing"
    

Checking regularization.tex with title "Regularization"...
Converting new chapter: /Users/jayshitre/Projects/dfs/BookWebsite2/BookWebsite/chapters/regularization.tex
Converting /Users/jayshitre/Projects/dfs/BookWebsite2/BookWebsite/chapters/regularization.tex to MDX...
Updating routes...

        Successfully processed chapter:
        - Converted new /Users/jayshitre/Projects/dfs/BookWebsite2/BookWebsite/chapters/regularization.tex to MDX
        - Placed in /Users/jayshitre/Projects/dfs/BookWebsite2/BookWebsite/contents/docs/chapters/regularization/index.mdx
        - Updated routes with title: "Regularization" and href: "/regularization"
    

Checking renormalization_group.tex with title "Renormalization Group"...
Converting new chapter: /Users/jayshitre/Projects/dfs/BookWebsite2/BookWebsite/chapters/renormalization_group.tex
Converting /Users/jayshitre/Projects/dfs/BookWebsite2/BookWebsite/chapters/renormalization_group.tex to MDX...
Updating routes...

        Successfully processed chapter:
        - Converted new /Users/jayshitre/Projects/dfs/BookWebsite2/BookWebsite/chapters/renormalization_group.tex to MDX
        - Placed in /Users/jayshitre/Projects/dfs/BookWebsite2/BookWebsite/contents/docs/chapters/renormalization_group/index.mdx
        - Updated routes with title: "Renormalization Group" and href: "/renormalization_group"
    

Checking renormalization_vs_rg.tex with title "Renormalization Vs Rg"...
Converting new chapter: /Users/jayshitre/Projects/dfs/BookWebsite2/BookWebsite/chapters/renormalization_vs_rg.tex
Converting /Users/jayshitre/Projects/dfs/BookWebsite2/BookWebsite/chapters/renormalization_vs_rg.tex to MDX...
Updating routes...

        Successfully processed chapter:
        - Converted new /Users/jayshitre/Projects/dfs/BookWebsite2/BookWebsite/chapters/renormalization_vs_rg.tex to MDX
        - Placed in /Users/jayshitre/Projects/dfs/BookWebsite2/BookWebsite/contents/docs/chapters/renormalization_vs_rg/index.mdx
        - Updated routes with title: "Renormalization Vs Rg" and href: "/renormalization_vs_rg"
    

Checking representation_theory.tex with title "Representation Theory"...
Converting new chapter: /Users/jayshitre/Projects/dfs/BookWebsite2/BookWebsite/chapters/representation_theory.tex
Converting /Users/jayshitre/Projects/dfs/BookWebsite2/BookWebsite/chapters/representation_theory.tex to MDX...
Updating routes...

        Successfully processed chapter:
        - Converted new /Users/jayshitre/Projects/dfs/BookWebsite2/BookWebsite/chapters/representation_theory.tex to MDX
        - Placed in /Users/jayshitre/Projects/dfs/BookWebsite2/BookWebsite/contents/docs/chapters/representation_theory/index.mdx
        - Updated routes with title: "Representation Theory" and href: "/representation_theory"
    

Checking reynolds_number_and_turbulent_flow.tex with title "Reynolds Number And Turbulent Flow"...
Converting new chapter: /Users/jayshitre/Projects/dfs/BookWebsite2/BookWebsite/chapters/reynolds_number_and_turbulent_flow.tex
Converting /Users/jayshitre/Projects/dfs/BookWebsite2/BookWebsite/chapters/reynolds_number_and_turbulent_flow.tex to MDX...
Updating routes...

        Successfully processed chapter:
        - Converted new /Users/jayshitre/Projects/dfs/BookWebsite2/BookWebsite/chapters/reynolds_number_and_turbulent_flow.tex to MDX
        - Placed in /Users/jayshitre/Projects/dfs/BookWebsite2/BookWebsite/contents/docs/chapters/reynolds_number_and_turbulent_flow/index.mdx
        - Updated routes with title: "Reynolds Number And Turbulent Flow" and href: "/reynolds_number_and_turbulent_flow"
    

Checking robotic_simulation.tex with title "Robotic Simulation"...
Converting new chapter: /Users/jayshitre/Projects/dfs/BookWebsite2/BookWebsite/chapters/robotic_simulation.tex
Converting /Users/jayshitre/Projects/dfs/BookWebsite2/BookWebsite/chapters/robotic_simulation.tex to MDX...
Updating routes...

        Successfully processed chapter:
        - Converted new /Users/jayshitre/Projects/dfs/BookWebsite2/BookWebsite/chapters/robotic_simulation.tex to MDX
        - Placed in /Users/jayshitre/Projects/dfs/BookWebsite2/BookWebsite/contents/docs/chapters/robotic_simulation/index.mdx
        - Updated routes with title: "Robotic Simulation" and href: "/robotic_simulation"
    

Checking rough_draft.tex with title "Rough Draft"...
Converting new chapter: /Users/jayshitre/Projects/dfs/BookWebsite2/BookWebsite/chapters/rough_draft.tex
Converting /Users/jayshitre/Projects/dfs/BookWebsite2/BookWebsite/chapters/rough_draft.tex to MDX...
Updating routes...

        Successfully processed chapter:
        - Converted new /Users/jayshitre/Projects/dfs/BookWebsite2/BookWebsite/chapters/rough_draft.tex to MDX
        - Placed in /Users/jayshitre/Projects/dfs/BookWebsite2/BookWebsite/contents/docs/chapters/rough_draft/index.mdx
        - Updated routes with title: "Rough Draft" and href: "/rough_draft"
    

Checking rough_draft_old.tex with title "Rough Draft Old"...
Converting new chapter: /Users/jayshitre/Projects/dfs/BookWebsite2/BookWebsite/chapters/rough_draft_old.tex
Converting /Users/jayshitre/Projects/dfs/BookWebsite2/BookWebsite/chapters/rough_draft_old.tex to MDX...
Updating routes...

        Successfully processed chapter:
        - Converted new /Users/jayshitre/Projects/dfs/BookWebsite2/BookWebsite/chapters/rough_draft_old.tex to MDX
        - Placed in /Users/jayshitre/Projects/dfs/BookWebsite2/BookWebsite/contents/docs/chapters/rough_draft_old/index.mdx
        - Updated routes with title: "Rough Draft Old" and href: "/rough_draft_old"
    

Checking runge_kutta.tex with title "Runge Kutta"...
Converting new chapter: /Users/jayshitre/Projects/dfs/BookWebsite2/BookWebsite/chapters/runge_kutta.tex
Converting /Users/jayshitre/Projects/dfs/BookWebsite2/BookWebsite/chapters/runge_kutta.tex to MDX...
Updating routes...

        Successfully processed chapter:
        - Converted new /Users/jayshitre/Projects/dfs/BookWebsite2/BookWebsite/chapters/runge_kutta.tex to MDX
        - Placed in /Users/jayshitre/Projects/dfs/BookWebsite2/BookWebsite/contents/docs/chapters/runge_kutta/index.mdx
        - Updated routes with title: "Runge Kutta" and href: "/runge_kutta"
    

Checking scattering_theory.tex with title "Scattering Theory"...
Converting new chapter: /Users/jayshitre/Projects/dfs/BookWebsite2/BookWebsite/chapters/scattering_theory.tex
Converting /Users/jayshitre/Projects/dfs/BookWebsite2/BookWebsite/chapters/scattering_theory.tex to MDX...
Updating routes...

        Successfully processed chapter:
        - Converted new /Users/jayshitre/Projects/dfs/BookWebsite2/BookWebsite/chapters/scattering_theory.tex to MDX
        - Placed in /Users/jayshitre/Projects/dfs/BookWebsite2/BookWebsite/contents/docs/chapters/scattering_theory/index.mdx
        - Updated routes with title: "Scattering Theory" and href: "/scattering_theory"
    

Checking schnet.tex with title "Schnet"...
Converting new chapter: /Users/jayshitre/Projects/dfs/BookWebsite2/BookWebsite/chapters/schnet.tex
Converting /Users/jayshitre/Projects/dfs/BookWebsite2/BookWebsite/chapters/schnet.tex to MDX...
Updating routes...

        Successfully processed chapter:
        - Converted new /Users/jayshitre/Projects/dfs/BookWebsite2/BookWebsite/chapters/schnet.tex to MDX
        - Placed in /Users/jayshitre/Projects/dfs/BookWebsite2/BookWebsite/contents/docs/chapters/schnet/index.mdx
        - Updated routes with title: "Schnet" and href: "/schnet"
    

Checking schrodinger_3d.tex with title "Schrodinger 3d"...
Converting new chapter: /Users/jayshitre/Projects/dfs/BookWebsite2/BookWebsite/chapters/schrodinger_3d.tex
Converting /Users/jayshitre/Projects/dfs/BookWebsite2/BookWebsite/chapters/schrodinger_3d.tex to MDX...
Updating routes...

        Successfully processed chapter:
        - Converted new /Users/jayshitre/Projects/dfs/BookWebsite2/BookWebsite/chapters/schrodinger_3d.tex to MDX
        - Placed in /Users/jayshitre/Projects/dfs/BookWebsite2/BookWebsite/contents/docs/chapters/schrodinger_3d/index.mdx
        - Updated routes with title: "Schrodinger 3d" and href: "/schrodinger_3d"
    

Checking schrodingers_equation.tex with title "Schrodingers Equation"...
Converting new chapter: /Users/jayshitre/Projects/dfs/BookWebsite2/BookWebsite/chapters/schrodingers_equation.tex
Converting /Users/jayshitre/Projects/dfs/BookWebsite2/BookWebsite/chapters/schrodingers_equation.tex to MDX...
Updating routes...

        Successfully processed chapter:
        - Converted new /Users/jayshitre/Projects/dfs/BookWebsite2/BookWebsite/chapters/schrodingers_equation.tex to MDX
        - Placed in /Users/jayshitre/Projects/dfs/BookWebsite2/BookWebsite/contents/docs/chapters/schrodingers_equation/index.mdx
        - Updated routes with title: "Schrodingers Equation" and href: "/schrodingers_equation"
    

Checking se(3)transformer.tex with title "Se(3)transformer"...
Converting new chapter: /Users/jayshitre/Projects/dfs/BookWebsite2/BookWebsite/chapters/se(3)transformer.tex
Converting /Users/jayshitre/Projects/dfs/BookWebsite2/BookWebsite/chapters/se(3)transformer.tex to MDX...
Updating routes...

        Successfully processed chapter:
        - Converted new /Users/jayshitre/Projects/dfs/BookWebsite2/BookWebsite/chapters/se(3)transformer.tex to MDX
        - Placed in /Users/jayshitre/Projects/dfs/BookWebsite2/BookWebsite/contents/docs/chapters/se(3)transformer/index.mdx
        - Updated routes with title: "Se(3)transformer" and href: "/se(3)transformer"
    

Checking selfies.tex with title "Selfies"...
Converting new chapter: /Users/jayshitre/Projects/dfs/BookWebsite2/BookWebsite/chapters/selfies.tex
Converting /Users/jayshitre/Projects/dfs/BookWebsite2/BookWebsite/chapters/selfies.tex to MDX...
Updating routes...

        Successfully processed chapter:
        - Converted new /Users/jayshitre/Projects/dfs/BookWebsite2/BookWebsite/chapters/selfies.tex to MDX
        - Placed in /Users/jayshitre/Projects/dfs/BookWebsite2/BookWebsite/contents/docs/chapters/selfies/index.mdx
        - Updated routes with title: "Selfies" and href: "/selfies"
    

Checking semiconductors.tex with title "Semiconductors"...
Converting new chapter: /Users/jayshitre/Projects/dfs/BookWebsite2/BookWebsite/chapters/semiconductors.tex
Converting /Users/jayshitre/Projects/dfs/BookWebsite2/BookWebsite/chapters/semiconductors.tex to MDX...
Updating routes...

        Successfully processed chapter:
        - Converted new /Users/jayshitre/Projects/dfs/BookWebsite2/BookWebsite/chapters/semiconductors.tex to MDX
        - Placed in /Users/jayshitre/Projects/dfs/BookWebsite2/BookWebsite/contents/docs/chapters/semiconductors/index.mdx
        - Updated routes with title: "Semiconductors" and href: "/semiconductors"
    

Checking shors_algorithm.tex with title "Shors Algorithm"...
Converting new chapter: /Users/jayshitre/Projects/dfs/BookWebsite2/BookWebsite/chapters/shors_algorithm.tex
Converting /Users/jayshitre/Projects/dfs/BookWebsite2/BookWebsite/chapters/shors_algorithm.tex to MDX...
Updating routes...

        Successfully processed chapter:
        - Converted new /Users/jayshitre/Projects/dfs/BookWebsite2/BookWebsite/chapters/shors_algorithm.tex to MDX
        - Placed in /Users/jayshitre/Projects/dfs/BookWebsite2/BookWebsite/contents/docs/chapters/shors_algorithm/index.mdx
        - Updated routes with title: "Shors Algorithm" and href: "/shors_algorithm"
    

Checking simple_physical_theories.tex with title "Simple Physical Theories"...
Converting new chapter: /Users/jayshitre/Projects/dfs/BookWebsite2/BookWebsite/chapters/simple_physical_theories.tex
Converting /Users/jayshitre/Projects/dfs/BookWebsite2/BookWebsite/chapters/simple_physical_theories.tex to MDX...
Updating routes...

        Successfully processed chapter:
        - Converted new /Users/jayshitre/Projects/dfs/BookWebsite2/BookWebsite/chapters/simple_physical_theories.tex to MDX
        - Placed in /Users/jayshitre/Projects/dfs/BookWebsite2/BookWebsite/contents/docs/chapters/simple_physical_theories/index.mdx
        - Updated routes with title: "Simple Physical Theories" and href: "/simple_physical_theories"
    

Checking simply_typed_lambda_calculus.tex with title "Simply Typed Lambda Calculus"...
Converting new chapter: /Users/jayshitre/Projects/dfs/BookWebsite2/BookWebsite/chapters/simply_typed_lambda_calculus.tex
Converting /Users/jayshitre/Projects/dfs/BookWebsite2/BookWebsite/chapters/simply_typed_lambda_calculus.tex to MDX...
Updating routes...

        Successfully processed chapter:
        - Converted new /Users/jayshitre/Projects/dfs/BookWebsite2/BookWebsite/chapters/simply_typed_lambda_calculus.tex to MDX
        - Placed in /Users/jayshitre/Projects/dfs/BookWebsite2/BookWebsite/contents/docs/chapters/simply_typed_lambda_calculus/index.mdx
        - Updated routes with title: "Simply Typed Lambda Calculus" and href: "/simply_typed_lambda_calculus"
    

Checking simpsons_rule.tex with title "Simpsons Rule"...
Converting new chapter: /Users/jayshitre/Projects/dfs/BookWebsite2/BookWebsite/chapters/simpsons_rule.tex
Converting /Users/jayshitre/Projects/dfs/BookWebsite2/BookWebsite/chapters/simpsons_rule.tex to MDX...
Updating routes...

        Successfully processed chapter:
        - Converted new /Users/jayshitre/Projects/dfs/BookWebsite2/BookWebsite/chapters/simpsons_rule.tex to MDX
        - Placed in /Users/jayshitre/Projects/dfs/BookWebsite2/BookWebsite/contents/docs/chapters/simpsons_rule/index.mdx
        - Updated routes with title: "Simpsons Rule" and href: "/simpsons_rule"
    

Checking soap.tex with title "Soap"...
Converting new chapter: /Users/jayshitre/Projects/dfs/BookWebsite2/BookWebsite/chapters/soap.tex
Converting /Users/jayshitre/Projects/dfs/BookWebsite2/BookWebsite/chapters/soap.tex to MDX...
Updating routes...

        Successfully processed chapter:
        - Converted new /Users/jayshitre/Projects/dfs/BookWebsite2/BookWebsite/chapters/soap.tex to MDX
        - Placed in /Users/jayshitre/Projects/dfs/BookWebsite2/BookWebsite/contents/docs/chapters/soap/index.mdx
        - Updated routes with title: "Soap" and href: "/soap"
    

Checking spatial_graph_convolutions.tex with title "Spatial Graph Convolutions"...
Converting new chapter: /Users/jayshitre/Projects/dfs/BookWebsite2/BookWebsite/chapters/spatial_graph_convolutions.tex
Converting /Users/jayshitre/Projects/dfs/BookWebsite2/BookWebsite/chapters/spatial_graph_convolutions.tex to MDX...
Updating routes...

        Successfully processed chapter:
        - Converted new /Users/jayshitre/Projects/dfs/BookWebsite2/BookWebsite/chapters/spatial_graph_convolutions.tex to MDX
        - Placed in /Users/jayshitre/Projects/dfs/BookWebsite2/BookWebsite/contents/docs/chapters/spatial_graph_convolutions/index.mdx
        - Updated routes with title: "Spatial Graph Convolutions" and href: "/spatial_graph_convolutions"
    

Checking special_functions.tex with title "Special Functions"...
Converting new chapter: /Users/jayshitre/Projects/dfs/BookWebsite2/BookWebsite/chapters/special_functions.tex
Converting /Users/jayshitre/Projects/dfs/BookWebsite2/BookWebsite/chapters/special_functions.tex to MDX...
Updating routes...

        Successfully processed chapter:
        - Converted new /Users/jayshitre/Projects/dfs/BookWebsite2/BookWebsite/chapters/special_functions.tex to MDX
        - Placed in /Users/jayshitre/Projects/dfs/BookWebsite2/BookWebsite/contents/docs/chapters/special_functions/index.mdx
        - Updated routes with title: "Special Functions" and href: "/special_functions"
    

Checking special_relativity.tex with title "Special Relativity"...
Converting new chapter: /Users/jayshitre/Projects/dfs/BookWebsite2/BookWebsite/chapters/special_relativity.tex
Converting /Users/jayshitre/Projects/dfs/BookWebsite2/BookWebsite/chapters/special_relativity.tex to MDX...
Updating routes...

        Successfully processed chapter:
        - Converted new /Users/jayshitre/Projects/dfs/BookWebsite2/BookWebsite/chapters/special_relativity.tex to MDX
        - Placed in /Users/jayshitre/Projects/dfs/BookWebsite2/BookWebsite/contents/docs/chapters/special_relativity/index.mdx
        - Updated routes with title: "Special Relativity" and href: "/special_relativity"
    

Checking spectroscopy.tex with title "Spectroscopy"...
Converting new chapter: /Users/jayshitre/Projects/dfs/BookWebsite2/BookWebsite/chapters/spectroscopy.tex
Converting /Users/jayshitre/Projects/dfs/BookWebsite2/BookWebsite/chapters/spectroscopy.tex to MDX...
Updating routes...

        Successfully processed chapter:
        - Converted new /Users/jayshitre/Projects/dfs/BookWebsite2/BookWebsite/chapters/spectroscopy.tex to MDX
        - Placed in /Users/jayshitre/Projects/dfs/BookWebsite2/BookWebsite/contents/docs/chapters/spectroscopy/index.mdx
        - Updated routes with title: "Spectroscopy" and href: "/spectroscopy"
    

Checking spectroscopy_DeepReasoningNets.tex with title "Spectroscopy DeepReasoningNets"...
Converting new chapter: /Users/jayshitre/Projects/dfs/BookWebsite2/BookWebsite/chapters/spectroscopy_DeepReasoningNets.tex
Converting /Users/jayshitre/Projects/dfs/BookWebsite2/BookWebsite/chapters/spectroscopy_DeepReasoningNets.tex to MDX...
Updating routes...

        Successfully processed chapter:
        - Converted new /Users/jayshitre/Projects/dfs/BookWebsite2/BookWebsite/chapters/spectroscopy_DeepReasoningNets.tex to MDX
        - Placed in /Users/jayshitre/Projects/dfs/BookWebsite2/BookWebsite/contents/docs/chapters/spectroscopy_DeepReasoningNets/index.mdx
        - Updated routes with title: "Spectroscopy DeepReasoningNets" and href: "/spectroscopy_DeepReasoningNets"
    

Checking spherical_cnn.tex with title "Spherical Cnn"...
Converting new chapter: /Users/jayshitre/Projects/dfs/BookWebsite2/BookWebsite/chapters/spherical_cnn.tex
Converting /Users/jayshitre/Projects/dfs/BookWebsite2/BookWebsite/chapters/spherical_cnn.tex to MDX...
Updating routes...

        Successfully processed chapter:
        - Converted new /Users/jayshitre/Projects/dfs/BookWebsite2/BookWebsite/chapters/spherical_cnn.tex to MDX
        - Placed in /Users/jayshitre/Projects/dfs/BookWebsite2/BookWebsite/contents/docs/chapters/spherical_cnn/index.mdx
        - Updated routes with title: "Spherical Cnn" and href: "/spherical_cnn"
    

Checking spin.tex with title "Spin"...
Converting new chapter: /Users/jayshitre/Projects/dfs/BookWebsite2/BookWebsite/chapters/spin.tex
Converting /Users/jayshitre/Projects/dfs/BookWebsite2/BookWebsite/chapters/spin.tex to MDX...
Updating routes...

        Successfully processed chapter:
        - Converted new /Users/jayshitre/Projects/dfs/BookWebsite2/BookWebsite/chapters/spin.tex to MDX
        - Placed in /Users/jayshitre/Projects/dfs/BookWebsite2/BookWebsite/contents/docs/chapters/spin/index.mdx
        - Updated routes with title: "Spin" and href: "/spin"
    

Checking spin_and_fermionic_path_integrals.tex with title "Spin And Fermionic Path Integrals"...
Converting new chapter: /Users/jayshitre/Projects/dfs/BookWebsite2/BookWebsite/chapters/spin_and_fermionic_path_integrals.tex
Converting /Users/jayshitre/Projects/dfs/BookWebsite2/BookWebsite/chapters/spin_and_fermionic_path_integrals.tex to MDX...
Updating routes...

        Successfully processed chapter:
        - Converted new /Users/jayshitre/Projects/dfs/BookWebsite2/BookWebsite/chapters/spin_and_fermionic_path_integrals.tex to MDX
        - Placed in /Users/jayshitre/Projects/dfs/BookWebsite2/BookWebsite/contents/docs/chapters/spin_and_fermionic_path_integrals/index.mdx
        - Updated routes with title: "Spin And Fermionic Path Integrals" and href: "/spin_and_fermionic_path_integrals"
    

Checking spinors.tex with title "Spinors"...
Converting new chapter: /Users/jayshitre/Projects/dfs/BookWebsite2/BookWebsite/chapters/spinors.tex
Converting /Users/jayshitre/Projects/dfs/BookWebsite2/BookWebsite/chapters/spinors.tex to MDX...
Updating routes...

        Successfully processed chapter:
        - Converted new /Users/jayshitre/Projects/dfs/BookWebsite2/BookWebsite/chapters/spinors.tex to MDX
        - Placed in /Users/jayshitre/Projects/dfs/BookWebsite2/BookWebsite/contents/docs/chapters/spinors/index.mdx
        - Updated routes with title: "Spinors" and href: "/spinors"
    

Checking stat_thermo_ML.tex with title "Stat Thermo ML"...
Converting new chapter: /Users/jayshitre/Projects/dfs/BookWebsite2/BookWebsite/chapters/stat_thermo_ML.tex
Converting /Users/jayshitre/Projects/dfs/BookWebsite2/BookWebsite/chapters/stat_thermo_ML.tex to MDX...
Updating routes...

        Successfully processed chapter:
        - Converted new /Users/jayshitre/Projects/dfs/BookWebsite2/BookWebsite/chapters/stat_thermo_ML.tex to MDX
        - Placed in /Users/jayshitre/Projects/dfs/BookWebsite2/BookWebsite/contents/docs/chapters/stat_thermo_ML/index.mdx
        - Updated routes with title: "Stat Thermo ML" and href: "/stat_thermo_ML"
    

Checking stat_thermo_basics.tex with title "Stat Thermo Basics"...
Converting new chapter: /Users/jayshitre/Projects/dfs/BookWebsite2/BookWebsite/chapters/stat_thermo_basics.tex
Converting /Users/jayshitre/Projects/dfs/BookWebsite2/BookWebsite/chapters/stat_thermo_basics.tex to MDX...
Updating routes...

        Successfully processed chapter:
        - Converted new /Users/jayshitre/Projects/dfs/BookWebsite2/BookWebsite/chapters/stat_thermo_basics.tex to MDX
        - Placed in /Users/jayshitre/Projects/dfs/BookWebsite2/BookWebsite/contents/docs/chapters/stat_thermo_basics/index.mdx
        - Updated routes with title: "Stat Thermo Basics" and href: "/stat_thermo_basics"
    

Checking statistical_thermodynamics.tex with title "Statistical Thermodynamics"...
Converting new chapter: /Users/jayshitre/Projects/dfs/BookWebsite2/BookWebsite/chapters/statistical_thermodynamics.tex
Converting /Users/jayshitre/Projects/dfs/BookWebsite2/BookWebsite/chapters/statistical_thermodynamics.tex to MDX...
Updating routes...

        Successfully processed chapter:
        - Converted new /Users/jayshitre/Projects/dfs/BookWebsite2/BookWebsite/chapters/statistical_thermodynamics.tex to MDX
        - Placed in /Users/jayshitre/Projects/dfs/BookWebsite2/BookWebsite/contents/docs/chapters/statistical_thermodynamics/index.mdx
        - Updated routes with title: "Statistical Thermodynamics" and href: "/statistical_thermodynamics"
    

Checking steerable_cnn.tex with title "Steerable Cnn"...
Converting new chapter: /Users/jayshitre/Projects/dfs/BookWebsite2/BookWebsite/chapters/steerable_cnn.tex
Converting /Users/jayshitre/Projects/dfs/BookWebsite2/BookWebsite/chapters/steerable_cnn.tex to MDX...
Updating routes...

        Successfully processed chapter:
        - Converted new /Users/jayshitre/Projects/dfs/BookWebsite2/BookWebsite/chapters/steerable_cnn.tex to MDX
        - Placed in /Users/jayshitre/Projects/dfs/BookWebsite2/BookWebsite/contents/docs/chapters/steerable_cnn/index.mdx
        - Updated routes with title: "Steerable Cnn" and href: "/steerable_cnn"
    

Checking sturm_liouville_theory.tex with title "Sturm Liouville Theory"...
Converting new chapter: /Users/jayshitre/Projects/dfs/BookWebsite2/BookWebsite/chapters/sturm_liouville_theory.tex
Converting /Users/jayshitre/Projects/dfs/BookWebsite2/BookWebsite/chapters/sturm_liouville_theory.tex to MDX...
Updating routes...

        Successfully processed chapter:
        - Converted new /Users/jayshitre/Projects/dfs/BookWebsite2/BookWebsite/chapters/sturm_liouville_theory.tex to MDX
        - Placed in /Users/jayshitre/Projects/dfs/BookWebsite2/BookWebsite/contents/docs/chapters/sturm_liouville_theory/index.mdx
        - Updated routes with title: "Sturm Liouville Theory" and href: "/sturm_liouville_theory"
    

Checking superconductors.tex with title "Superconductors"...
Converting new chapter: /Users/jayshitre/Projects/dfs/BookWebsite2/BookWebsite/chapters/superconductors.tex
Converting /Users/jayshitre/Projects/dfs/BookWebsite2/BookWebsite/chapters/superconductors.tex to MDX...
Updating routes...

        Successfully processed chapter:
        - Converted new /Users/jayshitre/Projects/dfs/BookWebsite2/BookWebsite/chapters/superconductors.tex to MDX
        - Placed in /Users/jayshitre/Projects/dfs/BookWebsite2/BookWebsite/contents/docs/chapters/superconductors/index.mdx
        - Updated routes with title: "Superconductors" and href: "/superconductors"
    

Checking symbolic_physics.tex with title "Symbolic Physics"...
Converting new chapter: /Users/jayshitre/Projects/dfs/BookWebsite2/BookWebsite/chapters/symbolic_physics.tex
Converting /Users/jayshitre/Projects/dfs/BookWebsite2/BookWebsite/chapters/symbolic_physics.tex to MDX...
Updating routes...

        Successfully processed chapter:
        - Converted new /Users/jayshitre/Projects/dfs/BookWebsite2/BookWebsite/chapters/symbolic_physics.tex to MDX
        - Placed in /Users/jayshitre/Projects/dfs/BookWebsite2/BookWebsite/contents/docs/chapters/symbolic_physics/index.mdx
        - Updated routes with title: "Symbolic Physics" and href: "/symbolic_physics"
    

Checking symplectic_manifold.tex with title "Symplectic Manifold"...
Converting new chapter: /Users/jayshitre/Projects/dfs/BookWebsite2/BookWebsite/chapters/symplectic_manifold.tex
Converting /Users/jayshitre/Projects/dfs/BookWebsite2/BookWebsite/chapters/symplectic_manifold.tex to MDX...
Updating routes...

        Successfully processed chapter:
        - Converted new /Users/jayshitre/Projects/dfs/BookWebsite2/BookWebsite/chapters/symplectic_manifold.tex to MDX
        - Placed in /Users/jayshitre/Projects/dfs/BookWebsite2/BookWebsite/contents/docs/chapters/symplectic_manifold/index.mdx
        - Updated routes with title: "Symplectic Manifold" and href: "/symplectic_manifold"
    

Checking tensor_analysis.tex with title "Tensor Analysis"...
Converting new chapter: /Users/jayshitre/Projects/dfs/BookWebsite2/BookWebsite/chapters/tensor_analysis.tex
Converting /Users/jayshitre/Projects/dfs/BookWebsite2/BookWebsite/chapters/tensor_analysis.tex to MDX...
Updating routes...

        Successfully processed chapter:
        - Converted new /Users/jayshitre/Projects/dfs/BookWebsite2/BookWebsite/chapters/tensor_analysis.tex to MDX
        - Placed in /Users/jayshitre/Projects/dfs/BookWebsite2/BookWebsite/contents/docs/chapters/tensor_analysis/index.mdx
        - Updated routes with title: "Tensor Analysis" and href: "/tensor_analysis"
    

Checking tensor_field_networks.tex with title "Tensor Field Networks"...
Converting new chapter: /Users/jayshitre/Projects/dfs/BookWebsite2/BookWebsite/chapters/tensor_field_networks.tex
Converting /Users/jayshitre/Projects/dfs/BookWebsite2/BookWebsite/chapters/tensor_field_networks.tex to MDX...
Updating routes...

        Successfully processed chapter:
        - Converted new /Users/jayshitre/Projects/dfs/BookWebsite2/BookWebsite/chapters/tensor_field_networks.tex to MDX
        - Placed in /Users/jayshitre/Projects/dfs/BookWebsite2/BookWebsite/contents/docs/chapters/tensor_field_networks/index.mdx
        - Updated routes with title: "Tensor Field Networks" and href: "/tensor_field_networks"
    

Checking tensor_network_machine_learning.tex with title "Tensor Network Machine Learning"...
Converting new chapter: /Users/jayshitre/Projects/dfs/BookWebsite2/BookWebsite/chapters/tensor_network_machine_learning.tex
Converting /Users/jayshitre/Projects/dfs/BookWebsite2/BookWebsite/chapters/tensor_network_machine_learning.tex to MDX...
Updating routes...

        Successfully processed chapter:
        - Converted new /Users/jayshitre/Projects/dfs/BookWebsite2/BookWebsite/chapters/tensor_network_machine_learning.tex to MDX
        - Placed in /Users/jayshitre/Projects/dfs/BookWebsite2/BookWebsite/contents/docs/chapters/tensor_network_machine_learning/index.mdx
        - Updated routes with title: "Tensor Network Machine Learning" and href: "/tensor_network_machine_learning"
    

Checking the_standard_model.tex with title "The Standard Model"...
Converting new chapter: /Users/jayshitre/Projects/dfs/BookWebsite2/BookWebsite/chapters/the_standard_model.tex
Converting /Users/jayshitre/Projects/dfs/BookWebsite2/BookWebsite/chapters/the_standard_model.tex to MDX...
Updating routes...

        Successfully processed chapter:
        - Converted new /Users/jayshitre/Projects/dfs/BookWebsite2/BookWebsite/chapters/the_standard_model.tex to MDX
        - Placed in /Users/jayshitre/Projects/dfs/BookWebsite2/BookWebsite/contents/docs/chapters/the_standard_model/index.mdx
        - Updated routes with title: "The Standard Model" and href: "/the_standard_model"
    

Checking trajectory_analysis.tex with title "Trajectory Analysis"...
Converting new chapter: /Users/jayshitre/Projects/dfs/BookWebsite2/BookWebsite/chapters/trajectory_analysis.tex
Converting /Users/jayshitre/Projects/dfs/BookWebsite2/BookWebsite/chapters/trajectory_analysis.tex to MDX...
Updating routes...

        Successfully processed chapter:
        - Converted new /Users/jayshitre/Projects/dfs/BookWebsite2/BookWebsite/chapters/trajectory_analysis.tex to MDX
        - Placed in /Users/jayshitre/Projects/dfs/BookWebsite2/BookWebsite/contents/docs/chapters/trajectory_analysis/index.mdx
        - Updated routes with title: "Trajectory Analysis" and href: "/trajectory_analysis"
    

Checking transfer_matrix.tex with title "Transfer Matrix"...
Converting new chapter: /Users/jayshitre/Projects/dfs/BookWebsite2/BookWebsite/chapters/transfer_matrix.tex
Converting /Users/jayshitre/Projects/dfs/BookWebsite2/BookWebsite/chapters/transfer_matrix.tex to MDX...
Updating routes...

        Successfully processed chapter:
        - Converted new /Users/jayshitre/Projects/dfs/BookWebsite2/BookWebsite/chapters/transfer_matrix.tex to MDX
        - Placed in /Users/jayshitre/Projects/dfs/BookWebsite2/BookWebsite/contents/docs/chapters/transfer_matrix/index.mdx
        - Updated routes with title: "Transfer Matrix" and href: "/transfer_matrix"
    

Checking transformers.tex with title "Transformers"...
Converting new chapter: /Users/jayshitre/Projects/dfs/BookWebsite2/BookWebsite/chapters/transformers.tex
Converting /Users/jayshitre/Projects/dfs/BookWebsite2/BookWebsite/chapters/transformers.tex to MDX...
Updating routes...

        Successfully processed chapter:
        - Converted new /Users/jayshitre/Projects/dfs/BookWebsite2/BookWebsite/chapters/transformers.tex to MDX
        - Placed in /Users/jayshitre/Projects/dfs/BookWebsite2/BookWebsite/contents/docs/chapters/transformers/index.mdx
        - Updated routes with title: "Transformers" and href: "/transformers"
    

Checking turbulent_mixing.tex with title "Turbulent Mixing"...
Converting new chapter: /Users/jayshitre/Projects/dfs/BookWebsite2/BookWebsite/chapters/turbulent_mixing.tex
Converting /Users/jayshitre/Projects/dfs/BookWebsite2/BookWebsite/chapters/turbulent_mixing.tex to MDX...
Updating routes...

        Successfully processed chapter:
        - Converted new /Users/jayshitre/Projects/dfs/BookWebsite2/BookWebsite/chapters/turbulent_mixing.tex to MDX
        - Placed in /Users/jayshitre/Projects/dfs/BookWebsite2/BookWebsite/contents/docs/chapters/turbulent_mixing/index.mdx
        - Updated routes with title: "Turbulent Mixing" and href: "/turbulent_mixing"
    

Checking type_theory.tex with title "Type Theory"...
Converting new chapter: /Users/jayshitre/Projects/dfs/BookWebsite2/BookWebsite/chapters/type_theory.tex
Converting /Users/jayshitre/Projects/dfs/BookWebsite2/BookWebsite/chapters/type_theory.tex to MDX...
Updating routes...

        Successfully processed chapter:
        - Converted new /Users/jayshitre/Projects/dfs/BookWebsite2/BookWebsite/chapters/type_theory.tex to MDX
        - Placed in /Users/jayshitre/Projects/dfs/BookWebsite2/BookWebsite/contents/docs/chapters/type_theory/index.mdx
        - Updated routes with title: "Type Theory" and href: "/type_theory"
    

Checking units_and_types.tex with title "Units And Types"...
Converting new chapter: /Users/jayshitre/Projects/dfs/BookWebsite2/BookWebsite/chapters/units_and_types.tex
Converting /Users/jayshitre/Projects/dfs/BookWebsite2/BookWebsite/chapters/units_and_types.tex to MDX...
Updating routes...

        Successfully processed chapter:
        - Converted new /Users/jayshitre/Projects/dfs/BookWebsite2/BookWebsite/chapters/units_and_types.tex to MDX
        - Placed in /Users/jayshitre/Projects/dfs/BookWebsite2/BookWebsite/contents/docs/chapters/units_and_types/index.mdx
        - Updated routes with title: "Units And Types" and href: "/units_and_types"
    

Checking universal_approximation.tex with title "Universal Approximation"...
Converting new chapter: /Users/jayshitre/Projects/dfs/BookWebsite2/BookWebsite/chapters/universal_approximation.tex
Converting /Users/jayshitre/Projects/dfs/BookWebsite2/BookWebsite/chapters/universal_approximation.tex to MDX...
Updating routes...

        Successfully processed chapter:
        - Converted new /Users/jayshitre/Projects/dfs/BookWebsite2/BookWebsite/chapters/universal_approximation.tex to MDX
        - Placed in /Users/jayshitre/Projects/dfs/BookWebsite2/BookWebsite/contents/docs/chapters/universal_approximation/index.mdx
        - Updated routes with title: "Universal Approximation" and href: "/universal_approximation"
    

Checking universal_pdeformer.tex with title "Universal Pdeformer"...
Converting new chapter: /Users/jayshitre/Projects/dfs/BookWebsite2/BookWebsite/chapters/universal_pdeformer.tex
Converting /Users/jayshitre/Projects/dfs/BookWebsite2/BookWebsite/chapters/universal_pdeformer.tex to MDX...
Updating routes...

        Successfully processed chapter:
        - Converted new /Users/jayshitre/Projects/dfs/BookWebsite2/BookWebsite/chapters/universal_pdeformer.tex to MDX
        - Placed in /Users/jayshitre/Projects/dfs/BookWebsite2/BookWebsite/contents/docs/chapters/universal_pdeformer/index.mdx
        - Updated routes with title: "Universal Pdeformer" and href: "/universal_pdeformer"
    

Checking vacuum_solution.tex with title "Vacuum Solution"...
Converting new chapter: /Users/jayshitre/Projects/dfs/BookWebsite2/BookWebsite/chapters/vacuum_solution.tex
Converting /Users/jayshitre/Projects/dfs/BookWebsite2/BookWebsite/chapters/vacuum_solution.tex to MDX...
Updating routes...

        Successfully processed chapter:
        - Converted new /Users/jayshitre/Projects/dfs/BookWebsite2/BookWebsite/chapters/vacuum_solution.tex to MDX
        - Placed in /Users/jayshitre/Projects/dfs/BookWebsite2/BookWebsite/contents/docs/chapters/vacuum_solution/index.mdx
        - Updated routes with title: "Vacuum Solution" and href: "/vacuum_solution"
    

Checking variational_principle.tex with title "Variational Principle"...
Converting new chapter: /Users/jayshitre/Projects/dfs/BookWebsite2/BookWebsite/chapters/variational_principle.tex
Converting /Users/jayshitre/Projects/dfs/BookWebsite2/BookWebsite/chapters/variational_principle.tex to MDX...
Updating routes...

        Successfully processed chapter:
        - Converted new /Users/jayshitre/Projects/dfs/BookWebsite2/BookWebsite/chapters/variational_principle.tex to MDX
        - Placed in /Users/jayshitre/Projects/dfs/BookWebsite2/BookWebsite/contents/docs/chapters/variational_principle/index.mdx
        - Updated routes with title: "Variational Principle" and href: "/variational_principle"
    

Checking variational_quantum_algorithms.tex with title "Variational Quantum Algorithms"...
Converting new chapter: /Users/jayshitre/Projects/dfs/BookWebsite2/BookWebsite/chapters/variational_quantum_algorithms.tex
Converting /Users/jayshitre/Projects/dfs/BookWebsite2/BookWebsite/chapters/variational_quantum_algorithms.tex to MDX...
Updating routes...

        Successfully processed chapter:
        - Converted new /Users/jayshitre/Projects/dfs/BookWebsite2/BookWebsite/chapters/variational_quantum_algorithms.tex to MDX
        - Placed in /Users/jayshitre/Projects/dfs/BookWebsite2/BookWebsite/contents/docs/chapters/variational_quantum_algorithms/index.mdx
        - Updated routes with title: "Variational Quantum Algorithms" and href: "/variational_quantum_algorithms"
    

Checking vectors_scalars_tensors.tex with title "Vectors Scalars Tensors"...
Converting new chapter: /Users/jayshitre/Projects/dfs/BookWebsite2/BookWebsite/chapters/vectors_scalars_tensors.tex
Converting /Users/jayshitre/Projects/dfs/BookWebsite2/BookWebsite/chapters/vectors_scalars_tensors.tex to MDX...
Updating routes...

        Successfully processed chapter:
        - Converted new /Users/jayshitre/Projects/dfs/BookWebsite2/BookWebsite/chapters/vectors_scalars_tensors.tex to MDX
        - Placed in /Users/jayshitre/Projects/dfs/BookWebsite2/BookWebsite/contents/docs/chapters/vectors_scalars_tensors/index.mdx
        - Updated routes with title: "Vectors Scalars Tensors" and href: "/vectors_scalars_tensors"
    

Checking water.tex with title "Water"...
Converting new chapter: /Users/jayshitre/Projects/dfs/BookWebsite2/BookWebsite/chapters/water.tex
Converting /Users/jayshitre/Projects/dfs/BookWebsite2/BookWebsite/chapters/water.tex to MDX...
Updating routes...

        Successfully processed chapter:
        - Converted new /Users/jayshitre/Projects/dfs/BookWebsite2/BookWebsite/chapters/water.tex to MDX
        - Placed in /Users/jayshitre/Projects/dfs/BookWebsite2/BookWebsite/contents/docs/chapters/water/index.mdx
        - Updated routes with title: "Water" and href: "/water"
    

Checking wave_equation.tex with title "Wave Equation"...
Converting new chapter: /Users/jayshitre/Projects/dfs/BookWebsite2/BookWebsite/chapters/wave_equation.tex
Converting /Users/jayshitre/Projects/dfs/BookWebsite2/BookWebsite/chapters/wave_equation.tex to MDX...
Updating routes...

        Successfully processed chapter:
        - Converted new /Users/jayshitre/Projects/dfs/BookWebsite2/BookWebsite/chapters/wave_equation.tex to MDX
        - Placed in /Users/jayshitre/Projects/dfs/BookWebsite2/BookWebsite/contents/docs/chapters/wave_equation/index.mdx
        - Updated routes with title: "Wave Equation" and href: "/wave_equation"
    

Checking wicks_theorem.tex with title "Wicks Theorem"...
Converting new chapter: /Users/jayshitre/Projects/dfs/BookWebsite2/BookWebsite/chapters/wicks_theorem.tex
Converting /Users/jayshitre/Projects/dfs/BookWebsite2/BookWebsite/chapters/wicks_theorem.tex to MDX...
Updating routes...

        Successfully processed chapter:
        - Converted new /Users/jayshitre/Projects/dfs/BookWebsite2/BookWebsite/chapters/wicks_theorem.tex to MDX
        - Placed in /Users/jayshitre/Projects/dfs/BookWebsite2/BookWebsite/contents/docs/chapters/wicks_theorem/index.mdx
        - Updated routes with title: "Wicks Theorem" and href: "/wicks_theorem"
    

Checking xpinns.tex with title "Xpinns"...
Converting new chapter: /Users/jayshitre/Projects/dfs/BookWebsite2/BookWebsite/chapters/xpinns.tex
Converting /Users/jayshitre/Projects/dfs/BookWebsite2/BookWebsite/chapters/xpinns.tex to MDX...
Updating routes...

        Successfully processed chapter:
        - Converted new /Users/jayshitre/Projects/dfs/BookWebsite2/BookWebsite/chapters/xpinns.tex to MDX
        - Placed in /Users/jayshitre/Projects/dfs/BookWebsite2/BookWebsite/contents/docs/chapters/xpinns/index.mdx
        - Updated routes with title: "Xpinns" and href: "/xpinns"
    

Processing complete!
New chapters processed: 421
Existing chapters updated: 0
Chapters skipped (up to date): 0

✅ Successfully processed 421 chapters total
2025-06-17 12:28:36,242 - INFO - ✅ Pipeline completed successfully!
2025-06-17 12:28:36,242 - INFO - 🎯 Changes processed - website rebuild recommended
2025-06-17 12:28:36,243 - INFO - 📝 Complete pipeline logs saved to: /Users/jayshitre/Projects/dfs/BookWebsite2/BookWebsite/scripts/overleaf-monitor/logs/overleaf_sync.log
